Iteration	Posterior	Likelihood	Prior	rate_log_sd	rate_neo	tree_length
0	-1037.581	-1225.836	188.2554	1.13234	1.123928	1.557852
6	-1043.687	-1232.16	188.473	1.226086	1.123928	1.318983
12	-1038.114	-1226.778	188.6641	1.138577	0.8008602	1.498063
18	-1033.942	-1222.134	188.1923	1.223503	1.182325	1.498063
24	-1047.204	-1235.639	188.4351	1.325235	1.182325	1.225233
30	-1044.262	-1232.287	188.0249	1.274599	1.85132	1.198466
36	-1041.446	-1229.293	187.8468	1.500161	1.776352	1.198466
42	-1048.517	-1237.564	189.0472	1.500161	0.7143977	0.9523087
48	-1051.742	-1240.206	188.4631	1.791272	1.208922	0.648557
54	-1058.506	-1246.816	188.3095	1.791272	1.396403	0.648557
60	-1054.149	-1243.059	188.9106	1.331816	0.8773606	1.06307
66	-1050.16	-1239.226	189.0662	1.304254	0.433446	1.471621
72	-1041.168	-1229.799	188.631	1.397068	0.873976	1.255192
78	-1036.072	-1224.816	188.7446	1.330538	0.5924379	1.498694
84	-1041.802	-1230.495	188.6933	1.176843	0.6859064	1.554465
90	-1042.236	-1230.573	188.3371	1.176843	0.9969404	1.554465
96	-1043.933	-1232.402	188.4693	1.026835	0.823719	1.70174
102	-1036.925	-1225.412	188.487	1.099692	0.7192837	1.727224
108	-1024.054	-1212.396	188.3413	1.223083	0.7369184	1.727224
114	-1034.461	-1222.324	187.8638	1.118245	0.8973741	1.997751
120	-1037.558	-1225.369	187.8111	0.9214473	1.150556	1.997751
126	-1028.382	-1215.683	187.3013	0.977713	1.401509	2.158678
132	-1036.871	-1224.4	187.5289	1.068554	1.401509	1.948172
138	-1037.656	-1226.037	188.381	1.086625	0.8881411	1.670537
144	-1035.582	-1223.787	188.2051	1.466174	0.9373014	1.482754
150	-1029.271	-1218.059	188.7884	1.423053	0.8494546	1.12034
156	-1034.67	-1223.473	188.8035	1.748909	0.8391787	0.7648623
162	-1036.986	-1225.892	188.9056	1.790971	0.7965059	0.5741775
168	-1047.647	-1236.194	188.5473	1.533593	1.266728	0.840051
174	-1051.217	-1239.986	188.7691	1.564657	0.9554251	0.882828
180	-1047.794	-1236.393	188.5988	1.447264	0.8476555	1.264668
186	-1044.881	-1233.778	188.8972	1.665776	0.8490146	0.7320869
192	-1040.164	-1229.107	188.9437	1.741793	0.7124222	0.7929505
198	-1058.456	-1247.3	188.8447	1.752602	0.8769534	0.5992823
204	-1058.39	-1246.868	188.4783	1.752602	1.233379	0.653736
210	-1068.893	-1257.378	188.4852	1.260868	1.082124	1.312362
216	-1057.985	-1246.564	188.5784	1.277414	0.8768686	1.391102
222	-1049.194	-1237.863	188.6693	1.303284	0.775667	1.391102
228	-1061.034	-1249.848	188.8145	1.244037	0.775667	1.323032
234	-1050.495	-1239.265	188.7696	1.508535	0.5881219	1.347001
240	-1051.552	-1240.408	188.8559	1.407007	0.8514508	1.070994
246	-1047.787	-1235.733	187.9465	1.192555	0.9496514	1.854241
252	-1047.576	-1235.643	188.0675	0.9147234	0.747622	2.112283
258	-1042.351	-1229.952	187.6007	0.9746628	1.132638	2.112283
264	-1052.02	-1240.528	188.5084	1.279798	1.055297	1.298932
270	-1027.533	-1216.553	189.0203	1.469195	0.7869278	0.9181033
276	-1028.475	-1217.626	189.1511	1.48115	0.7860464	0.7382791
282	-1029.689	-1218.21	188.5204	1.560464	1.00421	1.089838
288	-1039.147	-1227.239	188.092	1.352063	1.077146	1.548427
294	-1042.102	-1230.825	188.7235	1.050276	0.4387484	1.890366
300	-1043.709	-1231.767	188.0582	1.12596	0.5376476	2.171078
306	-1035.863	-1224.332	188.4687	1.149907	1.099655	1.400337
312	-1050.072	-1238.781	188.7098	1.179204	0.836743	1.400337
318	-1040.175	-1228.603	188.4284	1.020327	0.7164408	1.825739
324	-1045.152	-1231.944	186.792	0.8496104	1.252394	2.637808
330	-1044.241	-1232.019	187.7783	1.190042	0.5629564	2.284986
336	-1051.621	-1239.117	187.4961	1.339623	0.8933858	2.097408
342	-1054.054	-1242.272	188.2177	1.201386	0.7437722	1.822455
348	-1040.736	-1227.649	186.9132	1.015188	0.8022319	2.735425
354	-1048.334	-1236.741	188.4064	1.363238	1.163237	1.231728
360	-1038.209	-1226.339	188.1303	1.348678	1.216101	1.427663
366	-1031.918	-1220.145	188.227	1.3278	0.6769407	1.788079
372	-1039.985	-1228.474	188.4892	1.0835	0.8490594	1.626281
378	-1040.532	-1227.868	187.3361	1.228453	0.7379047	2.388647
384	-1043.987	-1231.417	187.4306	1.014319	0.7379047	2.463957
390	-1040.847	-1228.552	187.7048	0.9053058	0.8663502	2.263107
396	-1056.345	-1243.131	186.786	0.8400961	0.8512578	2.884966
402	-1050.188	-1238.052	187.8644	0.7493968	0.6458253	2.433829
408	-1054.464	-1242.114	187.6503	0.9686977	0.68968	2.3933
414	-1046.701	-1234.423	187.7226	1.089181	0.9508873	2.072992
420	-1049.621	-1237.9	188.2785	1.262319	0.7820172	1.704803
426	-1041.615	-1229.967	188.3522	1.195159	0.8033797	1.68215
432	-1053.994	-1242.42	188.426	1.309248	1.264303	1.186529
438	-1041.514	-1230.277	188.7628	1.23325	0.6609353	1.485549
444	-1044.069	-1232.558	188.4888	1.23325	0.6762593	1.671114
450	-1049.705	-1238.52	188.8157	1.962395	0.7248638	0.4149927
456	-1045.871	-1234.483	188.6122	2.055163	0.8159896	0.4149927
462	-1044.371	-1232.972	188.6012	2.055163	0.8242266	0.4115439
468	-1042.7	-1231.868	189.1683	1.825034	0.5508691	0.6633685
474	-1046.465	-1235.445	188.9795	1.87551	0.6722545	0.565797
480	-1045.512	-1234.634	189.122	2.008955	0.487828	0.565797
486	-1040.995	-1229.514	188.5195	1.941287	1.018299	0.559697
492	-1059.68	-1248.248	188.5679	1.888464	1.01971	0.5726274
498	-1052.946	-1241.776	188.8301	1.631145	1.01971	0.5501412
504	-1035.263	-1223.919	188.6552	1.945918	0.8893391	0.5013534
510	-1051.416	-1239.661	188.2444	1.991932	1.242527	0.3941287
516	-1035.993	-1224.835	188.8417	2.185903	0.5242842	0.3561734
522	-1036.554	-1224.845	188.291	2.185903	0.967536	0.3694423
528	-1034.213	-1222.455	188.2421	2.120172	1.016591	0.3030844
534	-1043.13	-1231.939	188.8093	2.211876	0.5217615	0.3439942
540	-1055.522	-1243.829	188.3073	2.094402	0.9928767	0.3159038
546	-1054.915	-1243.676	188.7612	2.094402	0.6598131	0.3980363
552	-1042.533	-1231.277	188.7438	1.893324	0.8568159	0.5020664
558	-1051.337	-1240.079	188.7424	1.893324	0.8568159	0.4738943
564	-1047.903	-1236.369	188.4663	2.118371	0.8568159	0.3551244
570	-1045.817	-1234.097	188.2802	2.118371	0.9924132	0.3128265
576	-1047.317	-1235.514	188.1973	1.901883	1.429158	0.5861303
582	-1042.946	-1230.972	188.0257	1.184363	0.7560234	1.954269
588	-1039.097	-1226.91	187.8123	1.023727	0.9379001	2.065934
594	-1041.837	-1230.357	188.5203	1.125716	1.117516	1.365941
600	-1058.963	-1247.668	188.7046	1.56729	1.020362	0.8785309
606	-1051.12	-1239.984	188.8646	1.45621	0.9716366	0.8785309
612	-1039.703	-1228.842	189.1394	1.519063	0.6076976	0.9871904
618	-1057.11	-1245.834	188.7232	1.308112	0.48319	1.656736
624	-1042.408	-1231.164	188.7563	1.325332	1.097885	1.002591
630	-1039.393	-1227.834	188.4402	1.437524	1.239403	1.077694
636	-1045.845	-1234.651	188.8055	1.392303	0.8492061	1.132849
642	-1049.724	-1238.45	188.7267	1.38542	0.9276161	1.132849
648	-1048.643	-1237.389	188.7453	1.397559	0.9129814	1.119246
654	-1047.704	-1236.113	188.4088	1.340827	0.7668805	1.56763
660	-1035.71	-1223.5	187.7899	0.8651204	0.9940187	2.146851
666	-1037.286	-1225.122	187.836	0.9464755	0.8061128	2.196406
672	-1044.619	-1232.756	188.1368	1.335259	0.883931	1.670673
678	-1031.101	-1219.414	188.3127	1.254469	0.883931	1.602216
684	-1040.984	-1229.449	188.465	1.062078	0.8071283	1.693491
690	-1028.011	-1216.446	188.4349	1.2989	0.8739408	1.487067
696	-1030.009	-1218.806	188.7972	1.305583	0.6207035	1.446894
702	-1028.116	-1216.588	188.4721	1.343837	0.9310969	1.376562
708	-1038.213	-1226.535	188.3221	1.262108	1.064289	1.452456
714	-1041.641	-1229.94	188.2992	1.181468	1.28514	1.381114
720	-1041.64	-1229.276	187.6354	1.169973	1.145022	1.952307
726	-1061.595	-1248.899	187.3042	0.6832494	0.7980675	2.702274
732	-1048.643	-1235.83	187.1869	0.9764681	0.7468375	2.632199
738	-1054.606	-1241.85	187.2439	0.7420214	1.033806	2.547203
744	-1045.983	-1232.882	186.8986	0.8328085	0.8213757	2.841846
750	-1041.294	-1228.272	186.9783	0.6876841	0.8213757	2.881492
756	-1051.504	-1237.943	186.4388	0.7349642	0.6423712	3.310013
762	-1047.16	-1235.045	187.8858	0.9189158	0.9420063	2.083691
768	-1053.891	-1242.127	188.2352	1.051208	0.5087695	2.134659
774	-1039.308	-1226.444	187.1361	0.8190898	0.7635528	2.747443
780	-1042.455	-1229.035	186.5805	0.6381317	0.7804346	3.178326
786	-1043.092	-1230.353	187.2618	0.6894586	0.7804346	2.737304
792	-1046.776	-1234.198	187.4223	1.021197	0.3859429	2.802157
798	-1040.745	-1228.734	187.9888	1.150551	0.9572097	1.848651
804	-1030.283	-1218.618	188.3352	1.26456	0.8876912	1.575424
810	-1041.175	-1230.035	188.86	1.322197	0.788789	1.207729
816	-1060.358	-1249.405	189.0474	1.390806	0.5862151	1.218095
822	-1032.372	-1221.131	188.7595	1.45675	0.8363206	1.129492
828	-1037.018	-1226.182	189.1639	1.587166	0.3934002	1.228935
834	-1044.631	-1233.63	188.999	1.905954	0.6052876	0.677403
840	-1043.501	-1232.745	189.2442	1.905954	0.4516995	0.677403
846	-1058.259	-1247.246	188.9865	1.854878	0.6816326	0.5703263
852	-1064.486	-1253.346	188.8598	1.989487	0.6816326	0.5248077
858	-1047.398	-1235.87	188.4724	1.854935	1.167205	0.4829771
864	-1036.506	-1225.272	188.7661	1.969878	0.7669046	0.4465197
870	-1041.25	-1230.34	189.0906	1.969878	0.5211556	0.6167929
876	-1040.008	-1229.098	189.0907	1.907807	0.5648875	0.5991481
882	-1035.135	-1224.181	189.0461	1.698961	0.7063709	0.7160521
888	-1038.903	-1227.855	188.9518	1.790485	0.7063709	0.7207385
894	-1036.517	-1225.211	188.6936	1.922628	0.8689481	0.5630057
900	-1047.724	-1236.545	188.8206	1.546441	0.9724441	0.8213014
906	-1047.215	-1236.294	189.0789	1.811378	0.586416	0.7483437
912	-1040.747	-1229.926	189.1792	1.742191	0.5900759	0.6881284
918	-1040.845	-1229.211	188.3658	1.860104	1.218821	0.6881284
924	-1046.755	-1235.41	188.6548	1.646019	0.8831192	1.000215
930	-1054.7	-1243.812	189.1117	1.887709	0.4190359	0.9533704
936	-1051.132	-1240.178	189.0461	1.985021	0.5549036	0.5031231
942	-1038.645	-1227.705	189.0608	1.977303	0.5503858	0.4955396
948	-1038.704	-1227.711	189.0069	2.025826	0.5503858	0.4498365
954	-1043.584	-1232.689	189.1056	2.025826	0.4920626	0.4855826
960	-1044.25	-1232.595	188.345	0.9492797	0.7566789	1.896849
966	-1038.399	-1225.998	187.5996	0.8850004	0.6753205	2.489772
972	-1054.14	-1241.332	187.1919	0.8015746	1.123243	2.489772
978	-1054	-1240.921	186.9203	0.782808	1.331066	2.559606
984	-1050.915	-1236.901	185.9857	0.8322784	1.331066	3.097573
990	-1042.602	-1229.517	186.9148	1.057178	1.242574	2.437225
996	-1045.724	-1233.058	187.3346	1.039228	1.351469	2.122438
1002	-1043.888	-1232.54	188.6515	1.288958	0.8166705	1.378217
1008	-1043.917	-1232.288	188.3707	1.197882	0.8309944	1.644041
1014	-1048.549	-1237.41	188.861	2.014872	0.6550762	0.431568
1020	-1035.408	-1224.551	189.1428	2.006276	0.480296	0.5370823
1026	-1037.283	-1226.209	188.9262	1.867605	0.7237556	0.532546
1032	-1033.085	-1221.861	188.7759	1.867605	0.8511436	0.4980142
1038	-1036.145	-1224.968	188.8227	1.819056	0.8088631	0.6756895
1044	-1038.679	-1227.57	188.8909	1.819056	0.7695967	0.6300371
1050	-1037.858	-1226.827	188.9696	1.925739	0.644152	0.5558596
1056	-1047.01	-1235.768	188.758	1.848184	0.8786034	0.5602716
1062	-1046.431	-1235.51	189.0793	1.940524	0.5582724	0.5575325
1068	-1041.193	-1230.045	188.8516	2.155915	0.5582724	0.4100425
1074	-1044.649	-1233.199	188.5507	2.347645	0.5582724	0.2880314
1080	-1054.573	-1242.888	188.3147	1.278102	0.7773116	1.671946
1086	-1054.193	-1242.263	188.0709	1.141706	1.041483	1.739411
1092	-1033.338	-1221.467	188.1291	1.049611	1.000222	1.79139
1098	-1029.744	-1217.821	188.0779	1.185686	1.065988	1.686742
1104	-1025.299	-1213.943	188.6436	1.411133	0.9099337	1.199598
1110	-1020.721	-1209.296	188.5747	1.131782	0.9805735	1.42191
1116	-1035.467	-1224.121	188.6538	1.285535	0.9436118	1.266672
1122	-1032.847	-1220.463	187.6161	1.086916	0.9436118	2.149203
1128	-1026.406	-1214.323	187.9175	1.031821	0.9504761	1.981997
1134	-1028.628	-1216.79	188.1615	1.041118	0.7290488	1.981825
1140	-1030.933	-1219.406	188.4734	1.128525	1.088438	1.421351
1146	-1040.196	-1228.453	188.2572	1.216005	1.111296	1.503036
1152	-1036.582	-1225.282	188.7001	1.27938	0.6559768	1.503036
1158	-1019.504	-1207.015	187.511	0.9041523	0.7922647	2.441001
1164	-1022.975	-1210.388	187.413	0.9303857	0.9829068	2.354417
1170	-1031.958	-1219.562	187.6039	0.9455603	1.607628	1.878337
1176	-1032.307	-1220.066	187.759	0.7794722	0.9181343	2.272908
1182	-1044.438	-1231.314	186.8762	0.7535283	0.8878994	2.858135
1188	-1036.012	-1224.48	188.4679	0.9192846	0.8693399	1.742115
1194	-1030.424	-1217.999	187.5754	1.005086	0.7605826	2.360721
1200	-1023.051	-1210.775	187.7231	0.9833445	1.219638	1.97456
1206	-1028.988	-1217.407	188.4191	1.464098	0.5608266	1.673451
1212	-1043.553	-1231.762	188.2091	1.360651	1.178884	1.382434
1218	-1037.637	-1226.292	188.6542	1.360651	1.048421	1.110601
1224	-1037.595	-1225.625	188.0302	1.192247	0.736044	1.962638
1230	-1044.875	-1233.223	188.3475	1.163811	0.8038006	1.70737
1236	-1041.405	-1229.274	187.8693	1.050936	1.129358	1.884275
1242	-1042.356	-1230.579	188.2233	1.143471	1.032566	1.636023
1248	-1050.962	-1239.658	188.6969	1.407625	0.9375035	1.130381
1254	-1041.597	-1230.594	188.9979	1.545027	0.8570793	0.7490575
1260	-1039.576	-1228.562	188.9861	1.620221	0.5819592	1.074484
1266	-1040.548	-1229.501	188.9533	1.336198	0.828067	1.071042
1272	-1044.372	-1232.384	188.0125	1.369739	1.20459	1.508587
1278	-1048.39	-1237.144	188.7539	1.251938	0.7211681	1.417748
1284	-1059.718	-1247.286	187.568	1.073244	1.351744	1.94501
1290	-1077.594	-1266.399	188.8052	1.697302	0.5857926	1.163196
1296	-1065.086	-1253.445	188.3592	1.45155	1.064239	1.273441
1302	-1057.388	-1245.66	188.2722	1.45155	1.052046	1.3532
1308	-1055.077	-1243.352	188.2752	1.09293	1.052046	1.621395
1314	-1058.782	-1246.666	187.8845	1.277161	1.052046	1.767876
1320	-1060.888	-1249.16	188.2723	1.113503	1.574507	1.280022
1326	-1054.826	-1243.04	188.2141	1.394544	1.297021	1.270461
1332	-1048.042	-1236.336	188.2936	1.121811	0.6614983	1.898002
1338	-1053.68	-1241.754	188.0737	1.193343	0.9017585	1.801072
1344	-1050.712	-1238.799	188.0876	0.9943608	0.9370268	1.902133
1350	-1042.959	-1230.771	187.8123	1.046421	0.9104213	2.070187
1356	-1042.928	-1230.175	187.2468	1.290118	1.256821	2.066198
1362	-1029.811	-1217.853	188.0419	1.150524	0.8567512	1.886263
1368	-1030.177	-1218.877	188.6997	1.376217	0.8400171	1.247078
1374	-1036.512	-1225.157	188.6443	1.122417	0.8061581	1.520287
1380	-1034.94	-1223.592	188.6521	1.38164	0.6883127	1.428975
1386	-1042.37	-1230.646	188.2765	1.314488	1.064328	1.447259
1392	-1046.12	-1234.668	188.548	1.409558	0.722818	1.453146
1398	-1028.732	-1217.447	188.7143	1.455154	0.865018	1.142334
1404	-1032.645	-1221.259	188.614	1.433722	0.9011773	1.213683
1410	-1036.413	-1224.837	188.4236	1.42366	1.121647	1.197672
1416	-1024.286	-1212.274	187.9888	1.323236	1.251236	1.531127
1422	-1025.178	-1213.771	188.5929	1.167303	0.7233598	1.599472
1428	-1027.848	-1216.608	188.7602	1.498021	0.8459803	1.081135
1434	-1032.312	-1220.94	188.6278	1.471346	1.003668	1.073356
1440	-1029.463	-1218.413	188.9506	1.481737	0.713367	1.067693
1446	-1034.536	-1223.297	188.7605	1.527995	0.8395555	1.059578
1452	-1032.546	-1221.792	189.2464	1.710413	0.530535	0.7758972
1458	-1034.396	-1223.092	188.6954	1.707121	0.9709447	0.7758972
1464	-1030.231	-1219.273	189.0416	1.628752	0.643833	0.9210919
1470	-1042.651	-1231.093	188.442	1.611129	1.216923	0.9210919
1476	-1039.404	-1227.488	188.0835	1.545597	1.764788	0.939286
1482	-1038.609	-1227.453	188.8441	1.426209	0.7914813	1.127834
1488	-1040.034	-1229.152	189.118	1.7502	0.5781956	0.7969513
1494	-1027.618	-1216.428	188.8096	1.646584	0.9966885	0.6390239
1500	-1039.116	-1228.222	189.1066	1.603047	0.6545488	0.8594854
1506	-1038.318	-1227.292	188.974	1.735702	0.6545488	0.8594854
1512	-1034.409	-1223.282	188.8732	1.81427	0.7978822	0.5995843
1518	-1041.831	-1230.396	188.5648	2.113613	0.7978822	0.3935009
1524	-1039.117	-1228.024	188.9068	2.048081	0.5841383	0.3837553
1530	-1043.919	-1232.776	188.8574	1.936686	0.7015548	0.3869886
1536	-1059.845	-1248.212	188.3665	2.211645	0.8881184	0.3976376
1542	-1047.262	-1235.619	188.3568	2.234998	0.803671	0.3034062
1548	-1044.084	-1232.466	188.3824	2.160905	0.803671	0.2707697
1554	-1042.359	-1231.133	188.7732	2.148936	0.6030934	0.3757664
1560	-1055.86	-1244.681	188.8212	2.068899	0.6330459	0.393549
1566	-1052.883	-1241.697	188.8143	1.981645	0.7177146	0.4411764
1572	-1064.385	-1252.871	188.486	1.326927	1.162079	1.19579
1578	-1048.053	-1236.65	188.5966	1.47382	0.8601074	1.232648
1584	-1058.352	-1247.259	188.9064	1.65488	0.5049494	1.221037
1590	-1044.174	-1233.03	188.8563	1.485952	0.8615161	0.982611
1596	-1044.594	-1233.426	188.8322	1.409837	0.825711	1.11721
1602	-1038.518	-1227.396	188.8785	1.371628	0.7676733	1.171078
1608	-1043.887	-1232.921	189.0343	1.553491	0.5188887	1.178819
1614	-1056.616	-1245.154	188.5379	1.34875	1.02702	1.240364
1620	-1047.905	-1236.363	188.4584	1.882905	1.129899	0.60759
1626	-1040.12	-1228.665	188.5455	1.795722	1.129899	0.60759
1632	-1047.75	-1236.229	188.4791	1.787222	1.222986	0.5846084
1638	-1050.241	-1238.856	188.6152	1.669155	0.9214745	0.9749784
1644	-1066.511	-1255.095	188.5834	1.395434	0.5886156	1.574279
1650	-1056.173	-1244.051	187.8787	1.243041	0.9849523	1.841251
1656	-1037.938	-1225.963	188.0251	1.163772	0.9203065	1.841251
1662	-1041.24	-1229.718	188.4774	1.181866	1.005839	1.438633
1668	-1043.771	-1232.225	188.4543	1.177636	0.7817722	1.640023
1674	-1033.256	-1220.685	187.4289	0.9466522	0.7175933	2.523416
1680	-1029.296	-1216.261	186.9658	1.04285	0.7064416	2.758571
1686	-1034.85	-1222.79	187.9405	1.291987	0.4478704	2.236956
1692	-1036.333	-1223.627	187.2938	0.947394	0.8594596	2.501462
1698	-1032.276	-1220.598	188.3222	1.193742	0.6573673	1.833155
1704	-1049.866	-1237.649	187.7831	1.106615	1.170145	1.879995
1710	-1039.266	-1227.732	188.4657	1.037438	1.003439	1.557633
1716	-1030.805	-1218.563	187.7586	1.142765	1.079203	1.928558
1722	-1032.299	-1220.175	187.8756	1.120341	1.079203	1.864396
1728	-1038.2	-1225.978	187.7773	0.9447732	0.687893	2.32944
1734	-1029.179	-1217.13	187.9512	1.135452	0.8567873	1.957712
1740	-1030.516	-1219.035	188.5189	1.324741	0.833661	1.438091
1746	-1029.418	-1218.225	188.8071	1.546605	0.3530953	1.600424
1752	-1040.402	-1228.785	188.3833	1.478979	0.7269865	1.520978
1758	-1034.551	-1222.704	188.1526	1.156143	0.7269865	1.912176
1764	-1040.438	-1228.879	188.4414	1.103858	0.7818256	1.701861
1770	-1033.036	-1220.625	187.5883	0.9265697	1.295299	2.059598
1776	-1036.319	-1224.123	187.8047	1.188363	1.295299	1.734683
1782	-1049.858	-1237.831	187.9728	0.9676484	0.8202249	2.082551
1788	-1047.695	-1235.071	187.376	0.9020178	1.096849	2.325543
1794	-1043.472	-1230.66	187.1879	0.8440969	1.096849	2.480878
1800	-1047.89	-1235.311	187.4202	0.8621639	0.8521199	2.480878
1806	-1046.302	-1234.235	187.9328	0.9677308	0.8766478	2.066854
1812	-1051.361	-1237.798	186.4363	0.8357888	1.044062	2.977099
1818	-1050.526	-1237.878	187.3524	1.068137	1.382311	2.075812
1824	-1045.306	-1233.639	188.3337	1.023568	0.9196708	1.724697
1830	-1049.466	-1237.384	187.9181	1.153413	1.010635	1.858066
1836	-1063.208	-1251.239	188.0312	1.268753	1.135538	1.614242
1842	-1056.545	-1244.164	187.6186	0.875868	1.199549	2.126255
1848	-1051.587	-1239.372	187.7843	0.8837991	1.033891	2.112493
1854	-1054.498	-1242.343	187.8448	1.0772	1.007624	1.961392
1860	-1063.427	-1251.16	187.7331	0.8615148	1.007624	2.177278
1866	-1049.456	-1236.905	187.449	0.8056697	1.062303	2.361163
1872	-1043.636	-1231.017	187.3811	1.002976	1.37111	2.105591
1878	-1044.521	-1231.884	187.3627	1.020831	0.9515667	2.349284
1884	-1050.779	-1238.932	188.1538	0.9676558	0.9141975	1.891697
1890	-1039.577	-1227.921	188.3441	1.152532	0.9889127	1.573111
1896	-1040.767	-1229.427	188.6601	1.301967	0.5780569	1.597953
1902	-1041.275	-1229.401	188.1261	1.218655	0.8484491	1.787982
1908	-1044.287	-1233.07	188.7835	1.284319	0.519076	1.587472
1914	-1050.245	-1239.149	188.9039	1.411808	0.7392546	1.144204
1920	-1035.772	-1224.686	188.9135	1.636419	0.711458	0.9536697
1926	-1040.771	-1229.685	188.9148	1.69902	0.8359394	0.6692452
1932	-1063.283	-1251.753	188.4703	1.437965	1.197538	1.08283
1938	-1046.742	-1235.619	188.8764	1.489641	0.6266858	1.22973
1944	-1046.136	-1234.735	188.5992	1.381059	0.7999702	1.362312
1950	-1065.849	-1254.228	188.3787	1.918979	1.174903	0.3993533
1956	-1051.112	-1239.866	188.7547	1.857056	0.8792882	0.4865791
1962	-1046.429	-1235.493	189.0641	1.848877	0.5709247	0.7489409
1968	-1038.854	-1227.449	188.5956	1.584182	1.066278	0.9317594
1974	-1046.388	-1235.453	189.0653	1.427243	0.7372471	0.9791957
1980	-1034.279	-1223.114	188.8348	1.556618	0.7372471	1.077634
1986	-1044.576	-1233.396	188.8206	1.42105	0.8640916	1.077634
1992	-1045.799	-1234.634	188.8351	1.454065	0.6895222	1.222436
1998	-1036.65	-1225.412	188.7617	1.454065	0.799592	1.167654
2004	-1035.272	-1223.939	188.6669	1.509259	0.9032723	1.098411
2010	-1046.794	-1235.078	188.2838	1.44692	0.7928762	1.558536
2016	-1037.431	-1226.263	188.8315	1.632586	0.7948353	0.9354604
2022	-1038.398	-1227.387	188.9894	1.291521	0.5476087	1.393068
2028	-1033.945	-1222.839	188.8939	1.494655	0.7226193	1.097339
2034	-1029.21	-1218.28	189.0703	1.494655	0.5437836	1.164386
2040	-1035.252	-1224.144	188.8921	1.494655	0.9353539	0.8447965
2046	-1040.143	-1228.928	188.7847	1.465588	1.013363	0.9108945
2052	-1033.024	-1222.306	189.2817	1.485119	0.6016625	0.8798415
2058	-1047.139	-1236.382	189.2437	1.527183	0.4787319	1.073974
2064	-1056.321	-1245.14	188.8189	1.816303	0.8152525	0.6740308
2070	-1054.412	-1242.889	188.477	1.429402	0.7860691	1.432645
2076	-1038.093	-1226.819	188.7261	1.425255	0.5998729	1.432645
2082	-1037.348	-1225.998	188.6499	1.306344	0.7424352	1.435271
2088	-1044.931	-1233.411	188.4794	1.231111	0.7471634	1.613857
2094	-1064.487	-1251.606	187.1194	0.8862077	1.432256	2.319567
2100	-1046.591	-1233.863	187.2717	1.035828	1.075504	2.319567
2106	-1043.601	-1231.207	187.6064	1.10119	1.021583	2.094499
2112	-1037.461	-1225.234	187.7724	1.01913	1.443054	1.794013
2118	-1043.279	-1231.422	188.1432	1.153303	0.8848167	1.793375
2124	-1054.905	-1243.361	188.4567	1.18963	0.6054523	1.793375
2130	-1048.634	-1237.281	188.6477	2.027522	0.8149422	0.4333896
2136	-1048.349	-1237.406	189.057	1.878137	0.6198985	0.4971902
2142	-1037.061	-1225.865	188.8042	1.948973	0.7388778	0.6166091
2148	-1036.455	-1225.019	188.5638	1.860076	1.055732	0.4428659
2154	-1037.199	-1225.491	188.2913	2.004328	1.176024	0.3973398
2160	-1038.169	-1226.223	188.0541	1.202089	1.298733	1.543253
2166	-1035.036	-1223.593	188.5575	1.485156	0.6182405	1.495094
2172	-1037.177	-1225.871	188.6936	1.490548	0.4563708	1.57965
2178	-1046.068	-1234.725	188.6563	1.383902	0.4484023	1.693464
2184	-1041.678	-1230.795	189.1176	1.550633	0.6697229	0.8839398
2190	-1049.42	-1238.526	189.1063	1.596004	0.6904549	0.8086009
2196	-1039.963	-1228.933	188.9701	1.541022	0.6962592	1.013147
2202	-1044.08	-1233.019	188.939	1.621369	0.7583899	0.8770795
2208	-1041.096	-1229.964	188.8685	1.389499	0.8501048	1.076987
2214	-1028.513	-1217.549	189.0352	1.54306	0.5235382	1.180692
2220	-1033.474	-1222.575	189.1011	1.5518	0.6413288	0.943664
2226	-1030.146	-1219.289	189.1437	1.654342	0.5426163	0.943664
2232	-1025.895	-1214.727	188.8319	1.497975	0.9069331	0.943664
2238	-1030.861	-1219.146	188.285	1.378338	0.6392395	1.748176
2244	-1031.278	-1219.457	188.1792	1.159635	0.9582667	1.709091
2250	-1046.009	-1234.018	188.0095	1.410888	1.068205	1.572133
2256	-1040.922	-1229.389	188.4665	1.309882	0.9381286	1.401656
2262	-1057.191	-1245.932	188.7408	1.275202	0.6378402	1.494421
2268	-1052.204	-1240.166	187.9613	1.06362	1.507895	1.594189
2274	-1046.283	-1234.861	188.5783	1.11257	0.6637758	1.705149
2280	-1050.852	-1239.261	188.4096	1.382477	0.657913	1.638604
2286	-1046.458	-1234.425	187.9673	1.021259	1.182102	1.804956
2292	-1056.264	-1244.676	188.4122	0.9771911	1.226541	1.488991
2298	-1054.52	-1243.354	188.8341	1.343225	0.7187052	1.284012
2304	-1051.772	-1239.207	187.435	0.8713863	0.9612823	2.391856
2310	-1055.596	-1242.658	187.0621	1.018203	0.5899457	2.81276
2316	-1053.508	-1241.796	188.2884	0.8964728	0.570271	2.137967
2322	-1045.472	-1232.953	187.4816	1.166929	1.381931	1.923996
2328	-1031.727	-1220.421	188.694	1.097249	0.6943468	1.604084
2334	-1036.206	-1223.923	187.7168	1.106998	1.260547	1.871736
2340	-1032.806	-1220.638	187.8316	0.9904812	1.262591	1.871736
2346	-1032.281	-1220.032	187.7507	0.9599345	0.9923234	2.111605
2352	-1045.052	-1232.783	187.7314	0.8890915	1.430718	1.917521
2358	-1044.642	-1232.312	187.6695	1.127818	0.9626209	2.074503
2364	-1037.646	-1226.2	188.5535	1.18884	1.020341	1.3629
2370	-1035.4	-1223.905	188.5057	1.167614	0.7161973	1.668613
2376	-1046.048	-1234.515	188.4671	1.07087	0.8700642	1.63441
2382	-1022.505	-1210.31	187.8044	0.9250968	1.003895	2.091603
2388	-1027.388	-1214.978	187.5896	1.033995	0.7182426	2.367018
2394	-1034.719	-1221.974	187.2545	0.9167444	1.271973	2.295242
2400	-1034.317	-1221.758	187.4414	1.015193	0.8542685	2.369623
2406	-1035.358	-1222.459	187.1019	1.172949	0.6676882	2.626526
2412	-1032.526	-1220.203	187.6768	0.9038133	0.8457108	2.296832
2418	-1034.986	-1222.715	187.7281	0.9469207	0.6239592	2.414523
2424	-1040.509	-1227.756	187.2465	1.158829	1.269694	2.145414
2430	-1042.736	-1231.138	188.4019	1.103206	0.7658181	1.743768
2436	-1042.472	-1230.925	188.4529	1.154415	0.6389023	1.787577
2442	-1033.117	-1221.238	188.1212	1.09804	0.670409	2.021634
2448	-1043.274	-1231.101	187.8272	1.246338	1.153666	1.763479
2454	-1042.248	-1230.871	188.623	1.163212	0.6938767	1.60816
2460	-1034.525	-1223.02	188.4946	1.193092	0.8757431	1.520124
2466	-1030.901	-1219.449	188.5479	1.141655	0.874062	1.520124
2472	-1034.62	-1223.494	188.874	1.645091	0.7957382	0.8726997
2478	-1025.385	-1214.417	189.0321	1.469135	0.6838039	1.038782
2484	-1041.731	-1229.385	187.6538	0.8876516	1.465205	1.953237
2490	-1057.524	-1245.947	188.4226	1.484859	1.314186	0.98861
2496	-1053.332	-1242.251	188.9193	1.301048	0.8390075	1.12299
2502	-1046.828	-1235.215	188.3863	1.431188	0.9253075	1.380127
2508	-1050.103	-1239.019	188.9157	1.443049	0.7055844	1.143989
2514	-1043.587	-1232.154	188.5674	1.169085	0.8593674	1.497265
2520	-1034.399	-1222.973	188.5742	1.27419	0.6795394	1.576668
2526	-1044.437	-1232.642	188.2048	1.263126	0.9927123	1.591355
2532	-1054.458	-1242.264	187.8063	1.057113	0.9406073	2.045961
2538	-1052.304	-1240.241	187.9371	1.208505	1.366943	1.584185
2544	-1066.103	-1254.826	188.7239	1.414405	0.5649544	1.482065
2550	-1049.25	-1237.778	188.5286	1.173419	1.016172	1.397738
2556	-1070.209	-1258.066	187.8571	1.152565	1.016172	1.896493
2562	-1051.972	-1238.93	186.9573	0.9639769	2.113374	2.087549
2568	-1055.559	-1242.524	186.965	1.193607	1.881313	2.020848
2574	-1054.789	-1243.167	188.3779	1.090181	1.05498	1.546304
2580	-1052.287	-1240.382	188.095	1.131621	0.7009744	1.989809
2586	-1045.116	-1233.052	187.9359	1.042229	0.8392694	2.04322
2592	-1061.124	-1249.012	187.8882	1.014533	1.04648	1.948703
2598	-1062.349	-1251.191	188.8426	1.342321	0.8230606	1.170713
2604	-1048.345	-1236.433	188.088	1.233608	1.258715	1.519353
2610	-1046.349	-1234.745	188.3965	1.055002	0.8293422	1.728609
2616	-1050.775	-1237.857	187.0823	1.051338	1.210958	2.352206
2622	-1053.703	-1241.355	187.6515	1.199324	0.7579374	2.189571
2628	-1049.044	-1237.178	188.1348	1.071531	0.8962152	1.847001
2634	-1043.948	-1233.047	189.0993	1.46378	0.5653211	1.136766
2640	-1042.128	-1231.312	189.1831	1.396588	0.5653211	1.12181
2646	-1046.721	-1235.632	188.9112	1.300391	0.6872705	1.289372
2652	-1041.038	-1229.978	188.9399	1.427867	0.8021735	1.024978
2658	-1046.259	-1234.776	188.5174	1.278938	0.8021735	1.501609
2664	-1042.447	-1231.083	188.6362	1.333621	0.8421036	1.331799
2670	-1039.528	-1227.315	187.7866	1.483406	1.492631	1.419046
2676	-1045.342	-1233.753	188.4105	1.511576	1.428296	0.8758638
2682	-1049.621	-1238.666	189.0449	1.712465	0.6993834	0.7107206
2688	-1047.793	-1236.782	188.9889	1.81027	0.6993834	0.6276743
2694	-1046.228	-1235.154	188.9266	1.88526	0.6993834	0.5925165
2700	-1050.414	-1239.308	188.8944	1.925889	0.6993834	0.5607992
2706	-1064.602	-1253.209	188.6075	2.119266	0.7796347	0.5017288
2712	-1052.957	-1241.127	188.1709	2.175128	1.009186	0.2861551
2718	-1055.069	-1243.337	188.2672	2.356022	0.7816985	0.3075869
2724	-1036.818	-1224.704	187.8861	2.270554	1.172716	0.2641711
2730	-1042.04	-1230.577	188.5377	2.216825	0.7353959	0.3934933
2736	-1048.954	-1237.689	188.7346	2.216825	0.5941384	0.4045439
2742	-1037.632	-1226.483	188.8502	2.221797	0.4951139	0.3522175
2748	-1033.607	-1221.963	188.3561	2.21051	0.8233592	0.3017091
2754	-1042.007	-1230.506	188.4995	2.175709	0.7900949	0.3730305
2760	-1040.777	-1229.672	188.8948	2.243368	0.4804396	0.4229734
2766	-1042.429	-1231.262	188.8334	2.07159	0.6413788	0.4954788
2772	-1059.442	-1248.255	188.813	2.086023	0.6413788	0.4472455
2778	-1053.378	-1242.157	188.7793	2.051394	0.6943862	0.4622673
2784	-1051.493	-1240.291	188.7977	2.080447	0.6587921	0.4622673
2790	-1050.778	-1239.037	188.2588	2.036835	1.165493	0.3810151
2796	-1046.654	-1235.405	188.7508	2.060276	0.7101771	0.46813
2802	-1047.164	-1235.688	188.5237	2.036542	0.9253908	0.46813
2808	-1049.188	-1238.102	188.9135	2.052489	0.5965615	0.5383596
2814	-1045.37	-1234.412	189.0416	1.995435	0.5510855	0.4991641
2820	-1044.027	-1233.053	189.026	1.94977	0.5653026	0.6540522
2826	-1058.681	-1247.464	188.7834	1.652795	0.7699775	0.9953614
2832	-1050.577	-1238.983	188.406	1.370636	1.022378	1.334025
2838	-1050.066	-1238.567	188.5011	1.451418	0.69182	1.487323
2844	-1055.152	-1243.707	188.5553	1.252638	0.9561422	1.362266
2850	-1051.212	-1240.058	188.8451	1.662643	0.8423579	0.8205112
2856	-1048.805	-1237.609	188.804	1.795824	0.8209288	0.724616
2862	-1041.479	-1230.03	188.5505	1.415231	0.7456858	1.424863
2868	-1049.494	-1238.121	188.627	1.55535	0.886267	1.109615
2874	-1041.28	-1229.696	188.4157	1.403774	0.886267	1.411316
2880	-1046.917	-1235.364	188.447	1.338188	0.9180385	1.411316
2886	-1036.133	-1224.453	188.3201	1.22288	0.758855	1.72313
2892	-1028.786	-1217.229	188.4438	1.424897	0.8979078	1.362939
2898	-1029.812	-1218.466	188.6544	1.348164	0.7810668	1.362468
2904	-1050.476	-1239.484	189.0073	1.281374	0.688923	1.223513
2910	-1045.832	-1234.139	188.3066	1.2241	1.178035	1.413403
2916	-1065.129	-1254.336	189.2071	1.123352	0.6865006	1.190607
2922	-1035.044	-1223.222	188.1785	1.548528	1.311391	1.159837
2928	-1038.61	-1225.904	187.2942	1.096282	1.71367	1.937274
2934	-1034.844	-1223.355	188.5106	1.131058	0.925854	1.514096
2940	-1042.55	-1230.234	187.6839	1.131058	1.45508	1.771448
2946	-1040.015	-1227.975	187.9596	0.943429	1.039608	1.953015
2952	-1047.447	-1235.999	188.5518	1.374705	0.8412034	1.367015
2958	-1040.46	-1229.303	188.8428	1.251136	0.6488864	1.423485
2964	-1034.931	-1223.976	189.0445	1.48864	0.801841	0.8472933
2970	-1029.131	-1218.089	188.9575	1.48864	0.8313126	0.9085905
2976	-1038.125	-1227.255	189.1294	1.856167	0.569287	0.6167307
2982	-1040.958	-1229.742	188.7832	1.777174	0.9050894	0.6167307
2988	-1053.035	-1241.661	188.6265	1.523651	0.8930276	1.132064
2994	-1046.256	-1235.025	188.7682	1.335541	0.9115734	1.155543
3000	-1043.974	-1232.319	188.3454	1.22005	1.225582	1.353782
3006	-1053.763	-1242.268	188.5054	1.15472	0.7501936	1.647429
3012	-1059.595	-1247.896	188.3014	1.234265	0.7894422	1.702196
3018	-1042.273	-1230.009	187.7359	1.117963	1.264843	1.848724
3024	-1041.186	-1229.608	188.4216	1.274264	0.6689085	1.696699
3030	-1050.697	-1239.114	188.4176	1.128249	1.155549	1.417122
3036	-1041.277	-1229.525	188.2483	1.423282	0.780108	1.612868
3042	-1029.877	-1218.457	188.5795	1.32086	1.078912	1.186193
3048	-1034.467	-1223.249	188.7823	1.406238	0.9968357	0.9932706
3054	-1030.264	-1219.067	188.8022	1.354426	1.039174	0.9833605
3060	-1026.882	-1214.881	187.9994	1.121884	1.174438	1.716953
3066	-1033.759	-1222.073	188.3144	1.286459	0.8681141	1.590385
3072	-1042.471	-1230.773	188.3016	1.261682	0.7599382	1.707862
3078	-1038.585	-1226.306	187.7212	1.186492	1.057558	1.938199
3084	-1040.378	-1227.895	187.5175	1.060653	1.057558	2.156284
3090	-1030.809	-1218.544	187.7355	1.126865	0.9122822	2.066481
3096	-1023.255	-1211.739	188.4845	1.224357	0.9122822	1.474416
3102	-1029.517	-1218.136	188.6197	1.469772	0.4895713	1.60702
3108	-1035.793	-1224.836	189.0434	1.469772	0.6221769	1.106574
3114	-1053.98	-1243.139	189.1588	1.725339	0.5074901	0.9111399
3120	-1046.884	-1235.93	189.0467	1.463166	0.6639997	1.05587
3126	-1048.189	-1236.577	188.389	1.555555	1.193647	1.051942
3132	-1037.118	-1225.742	188.6233	1.410621	0.9188017	1.209273
3138	-1050.32	-1238.96	188.6393	1.418288	0.9755804	1.137171
3144	-1057.24	-1245.577	188.3371	1.410903	1.317021	1.137171
3150	-1045.417	-1234.029	188.6115	1.277829	0.6943046	1.532096
3156	-1032.029	-1221.201	189.1714	1.517018	0.4759517	1.153206
3162	-1038.805	-1227.736	188.931	1.553171	0.6857636	1.052608
3168	-1046.315	-1235.216	188.9016	1.393243	0.557565	1.37018
3174	-1040.182	-1228.921	188.739	1.342465	0.8525745	1.230471
3180	-1040.519	-1228.901	188.382	1.24105	1.016371	1.458338
3186	-1039.334	-1227.372	188.0376	1.214026	1.016371	1.729248
3192	-1040.315	-1229.407	189.092	1.633542	0.6696901	0.8142072
3198	-1044.819	-1233.771	188.9522	1.548298	0.5716208	1.183373
3204	-1037.277	-1226.049	188.7722	1.548298	0.8110174	1.060469
3210	-1040.463	-1229.566	189.1031	1.538388	0.7332106	0.816241
3216	-1036.94	-1226.064	189.1235	1.395387	0.432044	1.358818
3222	-1037.593	-1226.577	188.9835	1.475475	0.7179554	1.036681
3228	-1038.554	-1226.213	187.6586	1.024709	1.344935	1.920261
3234	-1041.544	-1229.713	188.1689	1.283493	1.640797	1.185204
3240	-1039.409	-1227.208	187.7991	1.355887	1.995024	1.247144
3246	-1033.191	-1221.436	188.2451	1.297606	1.446419	1.227342
3252	-1033.109	-1221.641	188.532	1.262002	0.9081595	1.412652
3258	-1030.346	-1218.805	188.4589	1.365856	0.8830103	1.410022
3264	-1037.891	-1226.839	188.9485	1.398994	0.4844849	1.420674
3270	-1028.383	-1217.126	188.7425	1.328095	0.4844849	1.62687
3276	-1037.916	-1225.632	187.7158	1.077072	1.120345	1.975763
3282	-1052.329	-1240.539	188.2109	1.100254	0.871998	1.793062
3288	-1047.366	-1235.343	187.9772	1.116286	1.216289	1.710764
3294	-1031.949	-1220.068	188.1191	1.208337	0.8429745	1.804278
3300	-1033.749	-1222.458	188.7091	1.204755	0.5332658	1.68214
3306	-1024.475	-1212.445	187.9693	1.042003	1.019789	1.892949
3312	-1021.981	-1209.532	187.5513	1.115043	1.084707	2.081725
3318	-1037.012	-1225.204	188.1916	0.9994963	1.065526	1.738275
3324	-1056.231	-1243.168	186.9373	1.001394	0.4355414	3.04997
3330	-1050.024	-1237.705	187.6814	0.9027323	0.7616038	2.357618
3336	-1048.114	-1235.195	187.0812	0.8957429	1.391669	2.357618
3342	-1049.832	-1237.086	187.2542	1.013079	1.391669	2.171318
3348	-1045.577	-1232.659	187.0814	0.7796943	1.046574	2.616909
3354	-1050.205	-1237.551	187.3459	0.9791861	1.563592	2.049682
3360	-1045.944	-1233.233	187.2896	1.067609	1.468422	2.074201
3366	-1049.362	-1237.58	188.2179	0.9857737	0.9256041	1.827152
3372	-1048.863	-1236.251	187.3879	1.018462	0.809732	2.433607
3378	-1032.672	-1220.526	187.8547	0.8792586	0.6566757	2.348491
3384	-1031.437	-1218.835	187.3984	0.8770922	1.138087	2.303011
3390	-1035.144	-1223.733	188.5889	1.109007	0.747724	1.622404
3396	-1034.578	-1223.008	188.4292	0.9824692	0.6712675	1.891601
3402	-1039.174	-1226.457	187.2827	0.9574467	0.7314752	2.596597
3408	-1036.641	-1224.216	187.5751	0.9748308	0.9812346	2.223348
3414	-1037.892	-1225.577	187.6852	0.8737722	0.8841747	2.283264
3420	-1043.616	-1229.902	186.2857	0.4839251	1.000176	3.301673
3426	-1037.623	-1224.223	186.5994	0.6934007	1.259605	2.847433
3432	-1034.396	-1222.317	187.9207	1.013797	0.6981144	2.184357
3438	-1036.808	-1225.126	188.3179	1.06631	0.7425747	1.84745
3444	-1045.816	-1234.489	188.6727	1.174657	0.8645649	1.408296
3450	-1048.779	-1237.506	188.7264	1.21994	0.7893363	1.398792
3456	-1060.986	-1249.581	188.5955	1.562296	1.003448	1.017287
3462	-1057.295	-1245.26	187.9652	1.288631	0.699538	1.972885
3468	-1051.572	-1239.834	188.2615	1.390629	0.7796685	1.627316
3474	-1044.877	-1233.282	188.4053	1.186182	0.7196988	1.723472
3480	-1052.381	-1241.361	188.9798	1.241634	0.7196988	1.246524
3486	-1053.671	-1240.832	187.1608	1.022776	1.439112	2.201917
3492	-1054.445	-1241.961	187.5157	1.075883	0.8142735	2.31292
3498	-1054.891	-1242.93	188.0388	0.9983149	1.127841	1.805032
3504	-1044.542	-1232.472	187.9299	0.9793279	0.9727126	1.993427
3510	-1059.975	-1247.677	187.7015	1.123144	1.058269	1.993427
3516	-1044.656	-1232.104	187.4478	1.012024	0.9461268	2.304315
3522	-1036.336	-1223.808	187.472	0.994269	0.9400054	2.304315
3528	-1034.881	-1222.491	187.6101	1.028927	0.9635461	2.177379
3534	-1048.058	-1235.617	187.5593	0.94123	0.7320393	2.433677
3540	-1044.257	-1232.211	187.9539	1.01916	0.7320393	2.130961
3546	-1039.077	-1226.932	187.8551	1.01916	0.813651	2.130961
3552	-1040.851	-1228.823	187.9722	1.01916	0.7176456	2.130961
3558	-1041.977	-1228.918	186.9411	0.8383107	1.307503	2.524048
3564	-1038.93	-1226.748	187.8181	1.085677	1.05271	1.943996
3570	-1034.124	-1222.525	188.4004	1.040364	1.095744	1.537953
3576	-1031.079	-1219.975	188.8958	1.274407	0.810724	1.1958
3582	-1048.861	-1237.166	188.3049	1.168988	1.206618	1.437899
3588	-1038.355	-1226.532	188.1772	1.2179	1.206618	1.497601
3594	-1051.184	-1239.391	188.2073	0.9855229	0.8024934	1.928253
3600	-1060.291	-1248.405	188.1133	1.209004	1.085283	1.631679
3606	-1058.114	-1246.102	187.9881	1.193071	1.084097	1.732849
3612	-1043.015	-1231.337	188.3219	1.307173	1.030365	1.443271
3618	-1041.821	-1230.371	188.5499	1.147467	0.8002496	1.576601
3624	-1040.353	-1229.003	188.6495	1.444349	0.6649915	1.406627
3630	-1041.243	-1230.02	188.7771	1.376163	0.829286	1.191928
3636	-1039.616	-1227.966	188.35	1.222555	0.8120661	1.656909
3642	-1050.908	-1238.4	187.4922	0.9171059	1.098213	2.240684
3648	-1044.357	-1232.109	187.752	1.147802	1.216386	1.845496
3654	-1056.758	-1245.259	188.5016	1.340622	1.187009	1.15097
3660	-1054.286	-1243.124	188.8378	1.333496	0.4937706	1.541943
3666	-1049.212	-1237.725	188.5128	1.407211	0.4828031	1.736121
3672	-1054.201	-1242.236	188.0345	1.197866	0.7500657	1.944203
3678	-1058.608	-1247.145	188.5372	1.008938	0.7530386	1.725937
3684	-1035.961	-1224.613	188.6523	1.314007	0.7032938	1.465586
3690	-1043.05	-1231.944	188.8936	1.417521	0.6908966	1.202192
3696	-1035.289	-1224.346	189.0569	1.423488	0.7101949	1.025525
3702	-1030.816	-1219.582	188.7658	1.463103	0.9261175	1.025525
3708	-1030.104	-1218.871	188.7666	1.362014	0.6752836	1.368628
3714	-1033.075	-1220.803	187.7286	1.239202	1.378425	1.705466
3720	-1030.822	-1219.052	188.2302	1.239127	0.6677781	1.855485
3726	-1039.027	-1226.849	187.8214	1.104196	1.154505	1.865043
3732	-1042.96	-1230.729	187.7687	1.234605	0.7656172	2.083903
3738	-1034.835	-1222.714	187.8795	1.251745	1.457912	1.543317
3744	-1035.194	-1222.922	187.7285	1.165172	1.000986	1.984774
3750	-1041.901	-1229.017	187.1155	0.9364969	1.051702	2.495178
3756	-1040.373	-1227.688	187.3149	0.8286624	0.9597303	2.495178
3762	-1049.426	-1237.575	188.1493	1.009051	1.23233	1.654873
3768	-1035.735	-1224.05	188.3151	1.384142	1.419855	1.108116
3774	-1035.045	-1222.761	187.7161	1.016462	1.419855	1.846853
3780	-1030.794	-1219.383	188.5898	1.177456	0.7372469	1.581489
3786	-1044.379	-1232.138	187.7586	1.191984	0.6190723	2.243481
3792	-1029.934	-1218.308	188.3737	1.323919	1.012941	1.403628
3798	-1034.126	-1222.447	188.3209	1.323919	0.9242753	1.512978
3804	-1027.604	-1215.718	188.1143	1.134524	0.9765247	1.759182
3810	-1029.138	-1217.61	188.4724	1.286145	0.5629093	1.759182
3816	-1039.045	-1227.002	187.957	1.089859	0.7181017	2.09421
3822	-1048.383	-1236.279	187.8958	1.114399	0.8578803	2.008026
3828	-1042.463	-1230.791	188.328	1.060796	0.7514053	1.836749
3834	-1040.051	-1228.646	188.5946	1.477103	0.9681416	1.13132
3840	-1030.689	-1219.829	189.1397	1.358664	0.6133526	1.13132
3846	-1025.53	-1214.219	188.6892	1.366512	0.9827729	1.13226
3852	-1032.774	-1220.873	188.0988	1.309014	1.416187	1.356274
3858	-1031.366	-1220.121	188.7556	1.309014	0.9778508	1.128774
3864	-1048.005	-1236.796	188.7903	1.274336	0.9778508	1.128774
3870	-1047.531	-1236.074	188.5435	1.366697	0.9904762	1.250982
3876	-1046.277	-1235.157	188.8797	1.431235	0.4852201	1.447788
3882	-1049.557	-1238.242	188.6845	1.6595	0.360859	1.595688
3888	-1038.602	-1227.696	189.0935	1.654343	0.6823396	0.7606052
3894	-1052.471	-1241.395	188.9241	1.533527	0.6593406	1.11022
3900	-1039.286	-1227.861	188.5753	1.340445	1.046416	1.199719
3906	-1042.679	-1231.543	188.8634	1.395853	0.8001933	1.128518
3912	-1030.521	-1219.51	188.9891	1.451882	0.7550528	1.008803
3918	-1040.616	-1229.184	188.568	1.205446	0.7550528	1.560731
3924	-1036.721	-1225.054	188.3321	1.030857	0.8584944	1.767499
3930	-1040.528	-1229.288	188.7601	1.115671	0.8173855	1.427833
3936	-1034.631	-1223.321	188.6902	1.364194	0.7393505	1.361877
3942	-1040.592	-1229.658	189.0657	1.341763	0.5964391	1.231414
3948	-1059.527	-1248.368	188.8415	1.455766	0.675407	1.231414
3954	-1055.999	-1244.949	188.9509	1.750964	0.4754823	1.141997
3960	-1058.147	-1247.328	189.181	1.632105	0.5416687	0.9291175
3966	-1034.94	-1223.793	188.8537	1.498833	0.8636657	0.9696014
3972	-1031.799	-1220.527	188.7286	1.484748	0.6998564	1.274419
3978	-1045.129	-1233.692	188.5635	1.343116	0.9157594	1.317403
3984	-1037.122	-1225.724	188.6019	1.133623	0.8249157	1.527216
3990	-1036.781	-1225.392	188.6104	1.218993	0.7464738	1.527216
3996	-1029.547	-1218.819	189.2722	1.325152	0.5478993	1.12996
4002	-1025.957	-1214.613	188.6566	1.365331	1.019126	1.12996
4008	-1043.141	-1231.94	188.7996	1.502863	0.883465	0.9982322
4014	-1039.678	-1228.71	189.0326	1.395397	0.7743371	0.9982322
4020	-1036.373	-1225.2	188.8275	1.41501	0.836764	1.105209
4026	-1044.086	-1233.137	189.0507	1.526457	0.7556625	0.8612955
4032	-1031.936	-1220.348	188.4115	1.328163	0.8151925	1.532561
4038	-1041.215	-1229.513	188.2979	1.175515	0.8196171	1.721081
4044	-1046.125	-1234.902	188.7778	1.162962	1.017826	1.202212
4050	-1029.401	-1217.919	188.5179	1.092129	1.08211	1.419749
4056	-1034.505	-1223.135	188.6297	1.286448	0.8403141	1.375944
4062	-1035.973	-1225.041	189.0675	1.316861	0.609453	1.234967
4068	-1043.142	-1232.083	188.9416	1.316861	0.8941277	1.030178
4074	-1040.858	-1229.085	188.2269	1.312147	1.249083	1.358843
4080	-1037.025	-1225.517	188.4916	1.380523	1.249083	1.075246
4086	-1035.29	-1224.054	188.7634	1.340504	0.912934	1.154088
4092	-1037.553	-1226.268	188.7145	1.340118	0.9360339	1.175758
4098	-1041.808	-1229.363	187.5551	0.9735744	0.9360339	2.267024
4104	-1041.71	-1229.549	187.8392	0.989665	1.063405	1.987339
4110	-1039.204	-1227.726	188.5227	1.254089	0.8107217	1.508736
4116	-1031.125	-1219.641	188.5167	1.151693	0.9773279	1.453637
4122	-1034.379	-1223.331	188.9522	1.478737	0.4974262	1.338266
4128	-1039.379	-1227.944	188.5656	1.293981	1.006987	1.279163
4134	-1043.948	-1232.178	188.2301	1.311975	1.242118	1.361091
4140	-1048.566	-1237.419	188.8532	1.404808	0.9025678	1.021695
4146	-1039.733	-1228.848	189.1146	1.364159	0.7145193	1.021695
4152	-1031.317	-1219.805	188.4877	1.622294	1.198633	0.8749154
4158	-1043.4	-1231.883	188.4832	1.648312	0.840358	1.19967
4164	-1030.438	-1219.035	188.5968	1.355316	0.5242132	1.665077
4170	-1034.066	-1222.548	188.4814	1.544399	0.5242132	1.612053
4176	-1032.043	-1221.245	189.202	1.544399	0.4819853	1.091634
4182	-1033.484	-1222.275	188.7903	1.531765	0.5508283	1.356852
4188	-1047.226	-1235.997	188.7712	1.379536	0.6698766	1.356852
4194	-1048.367	-1237.272	188.9052	1.453713	0.8032582	1.032347
4200	-1048.407	-1237.121	188.7143	1.376156	0.8093286	1.264364
4206	-1044.761	-1233.601	188.8396	1.20726	0.8702648	1.242885
4212	-1040.983	-1229.812	188.8294	1.235967	0.7292032	1.363283
4218	-1036.097	-1224.172	188.0751	1.177843	1.101984	1.67017
4224	-1043.65	-1231.555	187.9051	1.314955	1.051798	1.727164
4230	-1042.09	-1230.864	188.7741	1.274012	0.6506396	1.456758
4236	-1041.359	-1229.363	188.004	1.274012	1.464765	1.428788
4242	-1044.684	-1233.167	188.4827	1.13967	1.056712	1.428788
4248	-1040.664	-1228.533	187.8687	1.087914	1.216447	1.806334
4254	-1032.209	-1219.971	187.762	1.061389	0.8750838	2.118674
4260	-1041.218	-1229.144	187.9258	0.9356311	0.8514067	2.111043
4266	-1040.427	-1227.838	187.4115	0.9356311	0.8111829	2.469714
4272	-1036.413	-1224.235	187.8226	1.071445	0.8894099	2.061883
4278	-1047.032	-1235.221	188.1886	1.205443	0.9090207	1.706783
4284	-1047.039	-1236.067	189.0282	1.58926	0.7803809	0.7702439
4290	-1053.476	-1242.877	189.4012	1.415153	0.5210964	0.9602619
4296	-1064.367	-1253.57	189.2026	1.565766	0.6376181	0.8156231
4302	-1047.967	-1237.117	189.1497	1.479683	0.767438	0.7755309
4308	-1041.963	-1230.719	188.7557	1.563539	0.8350954	1.03497
4314	-1046.153	-1234.867	188.7144	1.384341	0.7967495	1.269779
4320	-1039.005	-1228.234	189.2293	1.731902	0.4765013	0.8826683
4326	-1036.343	-1225.401	189.0581	1.610368	0.5938273	0.9973993
4332	-1036.69	-1225.685	188.9944	1.588788	0.6153992	1.050284
4338	-1037.953	-1226.677	188.7239	1.460286	0.8502108	1.143997
4344	-1041.855	-1230.813	188.9578	1.289108	0.8282723	1.110153
4350	-1041.296	-1230.429	189.1333	1.334789	0.4705874	1.344787
4356	-1046.796	-1235.351	188.5553	1.457368	0.7493933	1.384873
4362	-1050.103	-1238.749	188.6462	1.359655	0.8861207	1.262543
4368	-1043.123	-1231.838	188.7147	1.333646	0.8478513	1.262543
4374	-1043.926	-1232.418	188.4924	1.228431	0.4260287	1.941866
4380	-1041.58	-1230.052	188.472	1.319094	0.8096712	1.498984
4386	-1055.341	-1243.846	188.5046	1.404258	0.7135028	1.498984
4392	-1053.136	-1240.898	187.762	0.8355185	0.97097	2.199347
4398	-1043.994	-1232.492	188.4977	1.129609	0.7609589	1.661498
4404	-1046.405	-1235.283	188.8777	1.436034	0.5956835	1.309621
4410	-1048.078	-1236.565	188.4869	1.501923	1.164984	1.033675
4416	-1036.371	-1225.142	188.7714	1.405956	0.809768	1.190608
4422	-1038.722	-1227.555	188.8325	1.527375	0.4524443	1.453691
4428	-1025.655	-1214.839	189.1835	1.527375	0.5525347	1.016938
4434	-1028.322	-1217.216	188.8936	1.447545	0.7913475	1.062791
4440	-1035.472	-1224.608	189.1359	1.381841	0.6425945	1.075973
4446	-1042.934	-1231.201	188.2668	0.9999206	0.7812628	1.895274
4452	-1042.123	-1229.903	187.7802	1.010434	0.9773085	2.06901
4458	-1026.515	-1214.536	188.0207	1.118066	0.677052	2.06901
4464	-1030.805	-1218.14	187.3343	1.005959	1.302016	2.170383
4470	-1041.833	-1229.593	187.7603	0.9775282	0.8807606	2.170383
4476	-1034.78	-1222.65	187.8701	1.020075	0.7780522	2.148102
4482	-1037.098	-1224.166	187.0677	0.9060365	1.270744	2.421218
4488	-1041.831	-1229.007	187.175	0.8394722	1.36004	2.349544
4494	-1057.224	-1244.5	187.2754	0.9897433	0.4824124	2.803467
4500	-1039.417	-1226.302	186.885	0.8330776	1.087927	2.680771
4506	-1039.192	-1226.661	187.469	0.9689632	0.4990494	2.680771
4512	-1049.412	-1236.865	187.4532	0.9822523	0.9968833	2.28678
4518	-1044.546	-1232.898	188.3515	0.984879	0.5367167	2.072475
4524	-1035.129	-1223.121	187.9923	1.131868	1.210571	1.692578
4530	-1032.744	-1220.988	188.2444	1.235338	1.331747	1.351854
4536	-1047.058	-1235.503	188.4454	1.340416	1.122356	1.249076
4542	-1047.377	-1235.881	188.5034	1.183792	0.518357	1.856747
4548	-1051.463	-1239.36	187.8969	1.352436	0.4879994	2.181192
4554	-1046.925	-1235.471	188.5458	1.447813	1.044538	1.133113
4560	-1047.014	-1235.939	188.925	1.184116	0.7969112	1.261036
4566	-1038.756	-1227.837	189.0817	1.695383	0.7106287	0.6453664
4572	-1040.694	-1229.706	189.0114	1.695383	0.757651	0.6686689
4578	-1053.742	-1242.711	188.969	1.608646	0.6200909	1.049243
4584	-1042.364	-1231.147	188.7827	1.461816	0.8736923	1.064907
4590	-1044.323	-1233.15	188.8268	1.346693	0.9485905	1.056142
4596	-1046.179	-1234.933	188.7543	1.402916	1.020446	1.001145
4602	-1045.61	-1234.441	188.8309	1.446655	1.061417	0.8234301
4608	-1038.585	-1227.029	188.4444	1.625178	1.283424	0.8369037
4614	-1040.335	-1229.189	188.8541	1.625178	0.8318638	0.8699626
4620	-1034.707	-1223.347	188.6409	1.320125	1.030737	1.173772
4626	-1033.041	-1221.45	188.4088	1.309438	0.797114	1.564023
4632	-1035.619	-1224.153	188.5339	1.309438	0.9410816	1.346577
4638	-1033.366	-1222.489	189.1235	1.446386	0.6392114	1.030874
4644	-1038.52	-1227.544	189.0236	1.513563	0.6392114	1.062185
4650	-1043.714	-1232.997	189.2836	1.881553	0.3123271	1.007901
4656	-1018.534	-1207.93	189.3959	1.881553	0.2653507	1.007901
4662	-1027.56	-1216.682	189.1211	1.634066	0.6118438	0.8763419
4668	-1028.941	-1218.024	189.0821	1.573507	0.4938249	1.155467
4674	-1034.187	-1223.427	189.2396	1.666315	0.5736696	0.7532854
4680	-1032.613	-1221.777	189.1638	1.666315	0.6044414	0.7962588
4686	-1036.723	-1225.548	188.8247	1.680714	0.9229865	0.6928255
4692	-1058.467	-1247.338	188.8715	1.428094	0.9719551	0.902354
4698	-1050.659	-1239.775	189.1164	1.68479	0.5706327	0.893059
4704	-1039.825	-1228.663	188.8386	1.250449	0.8056544	1.269089
4710	-1050.269	-1238.604	188.3357	1.504155	0.9178244	1.368774
4716	-1043.404	-1232.235	188.8308	1.267582	0.6676859	1.400283
4722	-1046.717	-1235.36	188.643	1.327639	0.9771826	1.211421
4728	-1038.593	-1226.763	188.1703	1.32974	1.007819	1.556711
4734	-1050.998	-1239.05	188.0522	0.969685	1.007819	1.893779
4740	-1044.091	-1231.855	187.7641	1.124052	1.007819	1.98389
4746	-1038.507	-1226.662	188.1556	0.9451307	0.7248248	2.053079
4752	-1047.57	-1235.375	187.8051	1.064346	0.7248248	2.204272
4758	-1037.52	-1225.214	187.6939	1.072391	0.7638613	2.239486
4764	-1039.394	-1226.967	187.5729	0.9729339	0.7638613	2.380173
4770	-1042.922	-1230.068	187.1452	0.920794	1.238432	2.380173
4776	-1058.541	-1246.504	187.9629	0.8071114	0.8357458	2.182249
4782	-1050.867	-1239.33	188.4627	1.535764	1.114481	1.068147
4788	-1045.956	-1234.417	188.461	1.387607	1.286288	1.068147
4794	-1043.55	-1232.381	188.8317	1.676028	0.5467334	1.209874
4800	-1029	-1218.109	189.1096	1.610631	0.3426529	1.339065
4806	-1032.716	-1221.575	188.8587	1.287053	0.7453046	1.282419
4812	-1035.647	-1224.008	188.3609	1.334954	1.080222	1.353983
4818	-1035.203	-1223.67	188.4663	1.348037	1.080222	1.257991
4824	-1038.579	-1227.251	188.6721	1.25791	0.9794953	1.243725
4830	-1030.515	-1219.3	188.785	1.443982	0.8573857	1.096228
4836	-1042.954	-1231.145	188.1913	1.214664	0.8292011	1.760687
4842	-1043.474	-1230.77	187.2953	1.025976	1.256992	2.206881
4848	-1048.212	-1235.386	187.1735	0.9148764	0.8747153	2.586062
4854	-1056.981	-1245.285	188.3047	1.14095	0.9632531	1.629234
4860	-1047.145	-1235.333	188.1886	1.155849	0.8620732	1.777555
4866	-1047.549	-1235.969	188.4197	1.110004	0.8620732	1.646734
4872	-1055.903	-1244.652	188.7494	1.388196	0.6230491	1.417626
4878	-1050.391	-1239.026	188.6345	1.294284	0.8202325	1.384112
4884	-1048.691	-1237.781	189.09	1.347757	0.6771151	1.106592
4890	-1048.663	-1237.572	188.9084	1.344372	0.7863304	1.148998
4896	-1037.121	-1226.09	188.9689	1.400487	0.5669944	1.299067
4902	-1048.626	-1237.408	188.7822	1.070916	0.9707027	1.314265
4908	-1046.389	-1235.216	188.827	1.158512	1.148174	1.051307
4914	-1034.105	-1222.875	188.7699	1.430409	0.9278366	1.051307
4920	-1037.322	-1226.32	188.9974	1.432034	0.8272728	0.9319405
4926	-1040.532	-1229.729	189.1979	1.467713	0.4760875	1.172924
4932	-1037.197	-1226.047	188.8498	1.293479	1.02959	1.006093
4938	-1031.24	-1219.862	188.6221	1.305573	0.9870415	1.239256
4944	-1040.032	-1228.214	188.1812	1.35919	1.543919	1.167766
4950	-1042.372	-1230.558	188.1861	1.210016	1.114076	1.558375
4956	-1041.492	-1229.78	188.2881	1.249513	0.630995	1.843289
4962	-1049.921	-1238.345	188.4239	1.120263	0.7110624	1.764431
4968	-1035.282	-1223.391	188.1097	1.039401	0.9282909	1.862627
4974	-1040.172	-1228.27	188.0978	1.063567	0.8847343	1.886237
4980	-1036.705	-1224.507	187.8025	1.225909	0.9273436	1.945203
4986	-1028.49	-1216.435	187.9455	1.050655	1.264277	1.750515
4992	-1026.945	-1215.096	188.1515	1.04042	0.9188795	1.840191
4998	-1042.194	-1230.336	188.142	0.9073568	1.005958	1.876373
5004	-1040.666	-1228.488	187.8224	1.089538	0.6434284	2.246372
5010	-1040.926	-1228.918	187.9924	1.170945	0.9633242	1.827844
5016	-1037.754	-1226.267	188.5126	1.421421	0.9633242	1.254141
5022	-1035.344	-1223.936	188.5918	1.531227	0.9633242	1.089108
5028	-1041.438	-1229.866	188.428	1.474518	0.7164578	1.500905
5034	-1030.604	-1218.918	188.3141	1.362339	0.92341	1.489935
5040	-1030.749	-1219.169	188.4206	1.076168	1.145923	1.461403
5046	-1029.87	-1218.287	188.4173	1.271716	0.841515	1.547598
5052	-1027.144	-1215.573	188.4288	1.389406	1.253537	1.121319
5058	-1031.657	-1219.852	188.1949	1.471423	1.100477	1.362351
5064	-1037.777	-1226.697	188.9198	1.540932	0.5884254	1.196125
5070	-1055.816	-1244.76	188.9444	1.64497	0.5369109	1.152324
5076	-1058.601	-1247.214	188.6131	1.515983	0.9344793	1.111061
5082	-1035.873	-1224.445	188.5721	1.515983	0.9135265	1.167397
5088	-1041.059	-1229.988	188.929	1.417936	0.6963903	1.164998
5094	-1051.909	-1240.441	188.5323	1.353124	0.7528072	1.479417
5100	-1051.675	-1239.983	188.3082	1.011958	1.052405	1.655647
5106	-1049.418	-1236.936	187.518	1.085948	1.722981	1.787157
5112	-1050.016	-1238.463	188.4462	1.401413	1.243538	1.102253
5118	-1051.68	-1241.029	189.3491	1.620751	0.4873188	0.8506957
5124	-1049.748	-1238.519	188.7712	1.620751	0.9404929	0.8316744
5130	-1039.806	-1228.633	188.8264	1.620751	0.9339601	0.7669943
5136	-1057.219	-1246.03	188.8111	1.550988	0.9376573	0.8714157
5142	-1038.354	-1226.578	188.2247	1.175092	1.27443	1.450448
5148	-1023.567	-1211.23	187.6631	1.095045	1.168615	1.969805
5154	-1025.639	-1213.183	187.5432	0.8956428	1.223299	2.149126
5160	-1034.036	-1221.714	187.6775	1.271205	1.261938	1.784968
5166	-1025.373	-1213.547	188.1743	1.029076	0.6575246	2.043697
5172	-1027.363	-1215.778	188.4158	0.9624689	0.7276565	1.864329
5178	-1034.037	-1222.238	188.2015	1.055949	1.065273	1.691614
5184	-1036.725	-1224.903	188.1785	1.085227	1.444373	1.451508
5190	-1036.268	-1224.119	187.8511	1.296872	1.583283	1.462507
5196	-1033.922	-1222.819	188.8972	1.378891	0.760232	1.156313
5202	-1030.461	-1219.427	188.9661	1.434516	0.5878552	1.247663
5208	-1048.167	-1236.469	188.3019	1.299923	1.165735	1.366341
5214	-1046.35	-1234.263	187.9132	1.269592	1.332036	1.577331
5220	-1037.184	-1226.048	188.8636	1.40689	0.7675562	1.153324
5226	-1037.089	-1224.667	187.5782	1.093411	1.450399	1.872658
5232	-1046.284	-1233.797	187.5124	0.9101468	1.335492	2.098904
5238	-1037.886	-1224.993	187.1072	0.9175603	1.548242	2.252505
5244	-1052.797	-1239.55	186.753	1.007486	1.411117	2.484544
5250	-1057.835	-1246.233	188.3977	1.618296	1.256627	0.924781
5256	-1065.713	-1254.886	189.1732	1.550552	0.6037479	0.924781
5262	-1049.129	-1238.167	189.0376	1.535923	0.7721834	0.8412342
5268	-1051.418	-1240.616	189.1976	1.519295	0.6602772	0.8412342
5274	-1059.812	-1248.871	189.0593	1.85467	0.5652021	0.7602324
5280	-1047.581	-1236.428	188.8476	2.086676	0.6202085	0.5147296
5286	-1049.869	-1238.315	188.4464	2.007549	1.025513	0.4457773
5292	-1042.115	-1231.212	189.0978	2.05752	0.47444	0.4457773
5298	-1038.469	-1227.265	188.796	1.779087	0.8031394	0.7915344
5304	-1027.421	-1216.335	188.9138	1.74998	0.8255888	0.5695309
5310	-1018.729	-1207.332	188.6026	1.920212	0.9608576	0.5357731
5316	-1037.866	-1226.698	188.8316	2.030043	0.6490609	0.3826394
5322	-1047.403	-1235.483	188.0799	2.115499	1.287774	0.3886771
5328	-1037.733	-1226.135	188.4021	1.997294	1.073324	0.4189477
5334	-1029.648	-1218.549	188.9009	2.026092	0.6074844	0.3945507
5340	-1031.614	-1219.934	188.32	1.95827	1.178429	0.3720264
5346	-1035.16	-1223.8	188.6399	2.044172	0.8085726	0.4382615
5352	-1042.688	-1231.062	188.3743	1.963609	1.154459	0.4733007
5358	-1041.957	-1230.503	188.5461	1.734311	1.221561	0.5046554
5364	-1037.856	-1227.002	189.1457	1.660241	0.6846146	0.6561758
5370	-1041.575	-1230.536	188.9602	1.688922	0.7945622	0.6933986
5376	-1030.629	-1219.415	188.7857	1.333371	0.7997291	1.25003
5382	-1030.452	-1218.335	187.883	1.172786	1.351908	1.657745
5388	-1032.887	-1221.076	188.1896	1.445417	1.464872	1.135284
5394	-1026.804	-1215.655	188.851	1.483245	0.869436	0.9817032
5400	-1033.128	-1222.006	188.8775	1.431783	0.869436	1.0069
5406	-1046.015	-1234.912	188.8968	1.409295	0.8722694	1.0069
5412	-1041.135	-1229.887	188.7522	1.376765	1.013709	1.035443
5418	-1042.33	-1231.427	189.0974	1.329754	0.6848492	1.106892
5424	-1038.358	-1227.626	189.268	1.551182	0.4492016	1.076972
5430	-1040.776	-1229.916	189.1407	1.680159	0.6026064	0.8119752
5436	-1043.184	-1231.964	188.7794	1.582798	0.9491037	0.8571295
5442	-1054.836	-1244.054	189.218	1.701416	0.5296803	0.8274705
5448	-1035.209	-1224.587	189.3778	1.599142	0.4942687	0.8274705
5454	-1038.47	-1227.661	189.1904	1.748301	0.4005991	1.049063
5460	-1043.99	-1233.324	189.3339	1.841141	0.3510044	0.9092537
5466	-1037.603	-1226.541	188.9377	1.482115	0.8539877	0.9092537
5472	-1035.885	-1224.849	188.9639	1.554949	0.85798	0.7822322
5478	-1050.156	-1238.893	188.7374	1.519794	1.064686	0.8448713
5484	-1065.912	-1254.579	188.6671	1.75158	1.052828	0.5918338
5490	-1048.889	-1237.561	188.6728	1.781897	1.015902	0.5918338
5496	-1040.501	-1229.465	188.9642	1.738527	0.6979428	0.7950161
5502	-1040.125	-1228.521	188.3963	1.14894	0.8064827	1.681087
5508	-1053.12	-1241.427	188.3074	1.050054	1.014161	1.655672
5514	-1041.558	-1230.48	188.9222	1.72537	0.8381343	0.5766319
5520	-1040.256	-1228.998	188.7411	1.947857	0.8110831	0.4842869
5526	-1047.751	-1236.533	188.7811	1.933559	0.7750033	0.4117461
5532	-1042.62	-1231.851	189.2312	1.59709	0.4013906	1.148974
5538	-1043.28	-1232.217	188.9371	1.59709	0.7468852	0.922572
5544	-1043.339	-1232.323	188.9839	1.670678	0.8005118	0.669999
5550	-1030.528	-1219.077	188.5493	1.760249	1.135046	0.669999
5556	-1045.703	-1234.408	188.7049	1.763342	0.8919476	0.7999754
5562	-1043.55	-1232.434	188.8837	1.523419	0.745202	1.053516
5568	-1041.503	-1230.298	188.795	1.523419	0.9909506	0.8582939
5574	-1033.191	-1221.853	188.6629	1.422484	0.9909506	1.097876
5580	-1048.207	-1236.882	188.6745	1.335181	0.9909506	1.16572
5586	-1046.351	-1235.432	189.0814	1.457102	0.6569283	1.037654
5592	-1041.267	-1229.791	188.5245	1.202009	0.9355022	1.442291
5598	-1050.256	-1238.157	187.9004	1.115119	1.418359	1.649388
5604	-1064.611	-1252.246	187.6346	0.9971371	1.317174	1.970033
5610	-1049.35	-1238.57	189.22	1.797466	0.5393298	0.6504822
5616	-1053.275	-1242.388	189.1134	1.749032	0.5393298	0.8778846
5622	-1051.16	-1240.169	189.0094	1.284487	0.6076441	1.311626
5628	-1055.316	-1243.917	188.6004	1.239195	0.9872213	1.311626
5634	-1036.493	-1225.381	188.8878	1.457982	0.6903128	1.172916
5640	-1037.575	-1226.115	188.54	1.120203	1.15829	1.325188
5646	-1036.096	-1224.802	188.7065	1.347732	0.7689954	1.332971
5652	-1043.028	-1231.927	188.8986	1.253843	0.7486271	1.273527
5658	-1044.894	-1233.641	188.7465	1.234765	0.7386366	1.419687
5664	-1035.025	-1223.222	188.1968	1.223191	1.451615	1.325029
5670	-1035.73	-1223.914	188.1833	1.514984	1.451615	1.086832
5676	-1046.123	-1234.857	188.7337	1.471507	0.9782553	0.9954089
5682	-1048.027	-1236.749	188.7221	1.57263	0.6889788	1.218336
5688	-1060.457	-1249.557	189.0993	1.471347	0.4357706	1.311982
5694	-1062.96	-1251.187	188.227	1.232763	1.295158	1.391011
5700	-1050.684	-1238.047	187.3629	1.117089	1.031288	2.236331
5706	-1047.331	-1235.427	188.0961	0.9535624	0.7749971	2.045774
5712	-1041.545	-1229.049	187.5042	0.9987194	0.914732	2.297969
5718	-1039.958	-1227.825	187.8668	0.9827781	0.6304285	2.297969
5724	-1045.167	-1232.868	187.701	1.119182	1.360646	1.81833
5730	-1040.568	-1228.779	188.2112	1.108888	1.077499	1.638561
5736	-1049.838	-1237.912	188.0742	1.108888	1.077499	1.735899
5742	-1037.388	-1225.202	187.8139	1.338186	1.395193	1.563257
5748	-1040.706	-1228.445	187.7387	1.272636	1.09595	1.843035
5754	-1044.395	-1232.553	188.1583	1.233596	0.8051135	1.789924
5760	-1049.557	-1238.539	188.9823	1.244236	0.6750492	1.290394
5766	-1046.681	-1235.822	189.1416	1.555937	0.6750492	0.8405788
5772	-1041.958	-1230.944	188.9862	1.555937	0.6750492	1.010179
5778	-1053.52	-1242.247	188.7275	1.602436	0.7554206	1.113386
5784	-1050.998	-1239.916	188.9179	1.518886	0.7331687	1.039536
5790	-1050.064	-1238.393	188.3293	1.464946	1.018095	1.323277
5796	-1043.601	-1232.811	189.2102	1.356287	0.4963355	1.228627
5802	-1053.538	-1242.071	188.5331	1.384712	0.8669722	1.35093
5808	-1035.546	-1224.063	188.5166	1.198603	0.8669722	1.506861
5814	-1041.402	-1229.401	187.9998	1.055887	1.021298	1.86167
5820	-1041.9	-1230.538	188.638	1.334326	0.6478442	1.516711
5826	-1040.188	-1228.176	187.9879	1.235534	1.353724	1.534579
5832	-1042.372	-1230.92	188.5482	1.123701	0.8725022	1.534579
5838	-1051.175	-1239.436	188.261	1.062986	0.6727603	1.949534
5844	-1048.574	-1237.136	188.5621	1.191262	0.5476337	1.779128
5850	-1057.872	-1246.077	188.2054	1.197203	0.8092325	1.779128
5856	-1040.476	-1228.908	188.4328	1.243039	1.225799	1.264341
5862	-1039.36	-1228.228	188.8673	1.474935	0.8064964	1.044752
5868	-1050.9	-1239.589	188.6895	1.433695	1.008387	1.046156
5874	-1041.016	-1229.854	188.8374	1.439728	0.8196208	1.091627
5880	-1049.541	-1238.368	188.8269	1.450189	0.8196208	1.091627
5886	-1034.149	-1223.031	188.882	1.539719	0.6543891	1.148532
5892	-1034.832	-1222.476	187.6437	0.9262306	0.8398393	2.307936
5898	-1039.435	-1227.342	187.9071	0.8764468	0.6670976	2.307936
5904	-1044.928	-1233.33	188.4016	1.046941	0.8083466	1.747814
5910	-1036.696	-1225.652	188.9558	1.338668	0.7244569	1.179238
5916	-1036.537	-1224.753	188.2158	1.23052	0.7882227	1.765982
5922	-1055.706	-1242.848	187.1421	1.042956	0.7882227	2.587671
5928	-1041.166	-1227.893	186.7274	0.7720188	0.8493159	2.962654
5934	-1047.909	-1234.535	186.6263	0.7441515	0.799034	3.074788
5940	-1039.896	-1226.466	186.5703	0.8983131	1.122346	2.813766
5946	-1030.851	-1218.342	187.4914	0.9893473	1.284587	2.087919
5952	-1031.214	-1218.561	187.347	1.127854	0.8660988	2.349652
5958	-1029.543	-1217.23	187.6871	1.189454	0.5565115	2.349815
5964	-1032.404	-1220.247	187.843	1.205596	1.220717	1.739699
5970	-1039.787	-1228.712	188.9241	1.347153	0.7037698	1.221847
5976	-1047.482	-1235.758	188.2754	1.377314	1.199754	1.301707
5982	-1039.319	-1228.358	189.0394	1.630589	0.7430866	0.7603355
5988	-1037.21	-1225.943	188.7327	1.517815	0.9581825	0.9702709
5994	-1044.968	-1233.862	188.894	1.281848	0.6989307	1.305971
6000	-1034.014	-1222.897	188.883	1.29149	0.6989307	1.307051
6006	-1039.793	-1228.598	188.8048	1.426394	0.857698	1.09391
6012	-1043.462	-1232.478	189.0163	1.417799	0.7670461	1.001016
6018	-1038.734	-1226.658	187.9243	1.147325	1.094339	1.802588
6024	-1031.961	-1219.833	187.8721	1.082929	1.023357	1.928663
6030	-1024.529	-1212.356	187.8267	0.9299259	0.8253128	2.198642
6036	-1025.903	-1213.76	187.8571	1.003951	0.8873595	2.085088
6042	-1026.121	-1214.352	188.2309	1.190924	1.082021	1.561448
6048	-1031.382	-1219.705	188.3234	1.157146	0.949536	1.61423
6054	-1034.518	-1222.304	187.7864	1.095845	0.7762027	2.154721
6060	-1046.456	-1234.391	187.9348	1.041404	0.9212582	1.984548
6066	-1054.72	-1242.924	188.2047	1.215051	0.766488	1.802659
6072	-1040.526	-1228.493	187.9667	1.220704	0.8877197	1.866313
6078	-1039.409	-1227.675	188.2652	1.321056	1.119555	1.411143
6084	-1039.489	-1228.083	188.5939	1.321056	0.94763	1.283271
6090	-1029.847	-1218.352	188.505	1.489588	0.7748884	1.374604
6096	-1029.641	-1218.565	188.9234	1.49583	0.3895679	1.497384
6102	-1036.7	-1225.32	188.6195	1.443215	1.004264	1.106421
6108	-1030.404	-1218.76	188.3559	1.360284	1.283057	1.189536
6114	-1030.475	-1218.882	188.4061	1.428994	1.271794	1.091941
6120	-1040.185	-1228.662	188.477	1.415976	0.7544768	1.472152
6126	-1044.92	-1233.927	189.0072	1.552226	0.5491943	1.161833
6132	-1048.045	-1237.205	189.1603	1.586363	0.4351348	1.165247
6138	-1048.484	-1237.396	188.9119	1.504367	0.638248	1.172867
6144	-1039.142	-1228.1	188.9585	1.328814	0.5737719	1.356666
6150	-1039.022	-1228.211	189.1892	1.54964	0.4754484	1.108764
6156	-1036.156	-1225.43	189.2741	1.969769	0.41215	0.6321955
6162	-1030.157	-1218.905	188.7474	2.17171	0.6261277	0.4421123
6168	-1025.367	-1214.278	188.9104	2.17171	0.5178885	0.4421123
6174	-1032.904	-1221.704	188.8	1.971211	0.7413695	0.5357344
6180	-1035.861	-1224.933	189.0719	1.715054	0.7270055	0.5499852
6186	-1039.411	-1228.4	188.989	1.736528	0.7270055	0.7046051
6192	-1039.776	-1228.614	188.8379	1.749951	0.7409701	0.870162
6198	-1039.481	-1228.831	189.3496	1.62438	0.5245795	0.7650083
6204	-1041.966	-1230.693	188.7269	1.067685	0.8628252	1.450343
6210	-1043.777	-1231.677	187.8995	0.9588997	0.7865308	2.162169
6216	-1042.718	-1231.125	188.4063	0.9160643	0.888178	1.772873
6222	-1045.661	-1231.604	185.9435	0.6716232	1.09034	3.341246
6228	-1047.987	-1234.339	186.3526	0.7152509	1.035145	3.10453
6234	-1044.011	-1230.72	186.7091	0.8599558	1.045367	2.796722
6240	-1035.711	-1223.583	187.8719	0.9203342	1.014371	2.043365
6246	-1028.657	-1216.549	187.8916	1.162139	0.790284	2.030964
6252	-1039.728	-1227.544	187.816	0.9557772	0.790284	2.215405
6258	-1040.008	-1228.26	188.2522	1.255441	0.790284	1.721302
6264	-1032.421	-1220.592	188.1709	1.239937	1.392666	1.368195
6270	-1049.854	-1237.064	187.2104	0.9599033	1.162962	2.355733
6276	-1058.215	-1245.817	187.602	0.7494206	1.162962	2.239949
6282	-1053.755	-1241.145	187.39	1.092261	0.9820863	2.266343
6288	-1044.07	-1232.287	188.2169	1.033297	0.9820863	1.754338
6294	-1028.971	-1216.395	187.4238	0.9103444	0.8844615	2.425783
6300	-1037.262	-1225.076	187.8138	1.062534	0.8597528	2.095102
6306	-1057.406	-1244.991	187.585	1.086423	1.633292	1.782229
6312	-1046.833	-1235.106	188.2733	0.9605306	0.9589055	1.782229
6318	-1040.38	-1228.759	188.3783	0.9641271	0.7762894	1.847719
6324	-1045.005	-1232.916	187.9119	1.152889	0.7713979	2.038696
6330	-1053.172	-1240.89	187.7176	1.114445	1.771371	1.602909
6336	-1032.624	-1220.851	188.2268	1.195819	0.8277857	1.75016
6342	-1034.065	-1221.746	187.6807	1.077424	1.345392	1.869215
6348	-1048.587	-1236.068	187.4814	0.9635295	1.345392	2.078989
6354	-1046.326	-1234.356	188.0293	0.9190136	0.610545	2.252765
6360	-1048.439	-1236.298	187.8586	0.84567	1.316294	1.921694
6366	-1049.35	-1235.683	186.332	0.9019317	0.9659601	3.046631
6372	-1047.876	-1235.896	188.0203	0.8118724	0.9192463	2.081445
6378	-1039.094	-1227.128	188.0345	0.9411373	1.022255	1.915495
6384	-1035.032	-1223.458	188.4258	1.115012	0.6965028	1.779907
6390	-1042.272	-1230.186	187.914	1.085713	0.8577083	2.015121
6396	-1044.881	-1232.675	187.7944	1.053619	0.864934	2.10987
6402	-1047.822	-1236.181	188.3586	1.180335	0.7262586	1.754488
6408	-1044	-1232.397	188.3973	1.178469	0.6976036	1.754488
6414	-1039.618	-1228.463	188.8449	1.298673	0.6099295	1.427434
6420	-1031.551	-1220.413	188.8622	1.383491	0.5417309	1.427434
6426	-1031.715	-1220.644	188.929	1.5004	0.6728371	1.119282
6432	-1022.389	-1210.73	188.3403	1.183608	0.8887248	1.629718
6438	-1038.736	-1227.628	188.8921	1.421558	0.6984914	1.191526
6444	-1039.699	-1228.537	188.8381	1.281385	0.8441875	1.206232
6450	-1048.813	-1237.235	188.4216	1.642346	1.387681	0.7283285
6456	-1050.269	-1239.166	188.8972	1.646349	0.8684854	0.7283285
6462	-1048.428	-1236.976	188.5477	1.608134	1.240946	0.769664
6468	-1058.273	-1247.246	188.9732	1.608134	0.6045449	1.066876
6474	-1053.862	-1242.073	188.2112	1.356188	1.239355	1.342907
6480	-1056.704	-1245.491	188.7867	1.607839	0.9194536	0.8557072
6486	-1044.399	-1233.52	189.1211	1.770483	0.537024	0.8475226
6492	-1046.848	-1235.865	189.0171	1.736871	0.602584	0.8930464
6498	-1052.177	-1241.229	189.0518	1.629572	0.5700104	1.019731
6504	-1037.941	-1226.972	189.0308	1.629572	0.7341232	0.7896002
6510	-1045.158	-1234.036	188.8777	1.66342	0.8335786	0.7896002
6516	-1045.688	-1235.026	189.3378	1.682221	0.517903	0.7100053
6522	-1047.917	-1237.111	189.1941	1.774783	0.5057962	0.8134347
6528	-1058.558	-1247.85	189.2917	2.022203	0.3626491	0.6889363
6534	-1045.434	-1234.701	189.267	2.088213	0.3626491	0.5950671
6540	-1044.375	-1233.689	189.3135	1.971945	0.3937413	0.6164761
6546	-1051.16	-1240.146	188.9861	1.95518	0.6156214	0.5005975
6552	-1055.182	-1244.59	189.4081	1.980511	0.3050901	0.7696416
6558	-1050.773	-1240.127	189.3544	2.028706	0.3253375	0.7073089
6564	-1060.204	-1249.558	189.3543	2.004702	0.3253375	0.7459252
6570	-1052.947	-1242.248	189.3008	1.721752	0.487978	0.7812046
6576	-1033.944	-1222.421	188.4769	1.217689	0.5800329	1.785755
6582	-1040.568	-1229.083	188.5154	1.45063	0.4170371	1.785755
6588	-1050.024	-1238.961	188.9367	1.483997	0.7512296	1.033259
6594	-1043.057	-1231.584	188.5263	1.461627	0.7512296	1.402403
6600	-1041.201	-1229.868	188.6672	1.315941	0.7712735	1.38696
6606	-1037.282	-1225.863	188.5811	1.195584	0.6981414	1.611067
6612	-1033.012	-1221.559	188.5471	1.455258	0.8580646	1.290946
6618	-1036.129	-1224.736	188.6069	1.527109	0.9069562	1.133022
6624	-1040.226	-1228.857	188.6309	1.383321	0.4111095	1.759922
6630	-1043.959	-1232.403	188.4444	1.581169	0.8604671	1.269639
6636	-1042.711	-1231.533	188.8228	1.530136	0.850141	0.9846663
6642	-1041.256	-1229.975	188.7193	1.923135	0.850141	0.4674341
6648	-1027.839	-1216.296	188.4569	1.923135	1.109753	0.5016577
6654	-1026.329	-1215.248	188.9194	1.923135	0.6842964	0.5484064
6660	-1030.658	-1219.628	188.9696	1.858566	0.6842964	0.6032585
6666	-1038.479	-1227.063	188.5848	1.775283	1.095175	0.6408872
6672	-1043.993	-1232.812	188.8191	1.477658	0.9483813	0.9322002
6678	-1049.021	-1237.663	188.642	1.575618	1.13256	0.8151412
6684	-1035.929	-1224.91	188.982	1.490326	0.3579501	1.50547
6690	-1045.936	-1234.692	188.7555	1.181702	0.877523	1.32618
6696	-1049.317	-1238.06	188.7426	1.453312	0.9121868	1.071208
6702	-1039.521	-1228.154	188.6332	1.369001	1.011837	1.153955
6708	-1032.891	-1221.826	188.9358	1.469344	0.5473762	1.294441
6714	-1037.347	-1226.108	188.7602	1.653404	0.7920168	0.9914158
6720	-1042.103	-1230.585	188.4822	1.519206	1.280022	0.919383
6726	-1052.604	-1241.524	188.9201	1.442028	0.7165954	1.128298
6732	-1058.724	-1247.452	188.7277	1.473623	0.9323138	1.045825
6738	-1050.227	-1238.96	188.7323	1.584979	0.9323138	0.9281518
6744	-1057.73	-1246.615	188.8849	1.584979	0.7878826	0.9381328
6750	-1052.022	-1240.913	188.8908	1.52985	0.7284398	1.060584
6756	-1050.564	-1239.089	188.5245	1.519557	1.173764	0.9708118
6762	-1027.734	-1216.511	188.7771	1.530167	1.0258	0.8293727
6768	-1045.734	-1234.649	188.9149	1.494452	0.7693786	1.022698
6774	-1044.486	-1233.502	189.016	1.458175	0.7160341	1.024276
6780	-1052.756	-1241.067	188.3114	1.204629	0.7596864	1.741385
6786	-1043.216	-1231.707	188.4909	1.224426	0.7618235	1.597187
6792	-1041.657	-1229.866	188.2098	1.383972	1.374554	1.231019
6798	-1033.861	-1221.787	187.926	1.145753	1.08835	1.806347
6804	-1035.221	-1224.1	188.8792	1.373209	0.8384557	1.094414
6810	-1039.949	-1228.563	188.6137	1.078416	0.7043125	1.666107
6816	-1045.972	-1233.235	187.2628	1.065174	0.7043125	2.563645
6822	-1051.923	-1240.301	188.3779	1.015103	0.9515437	1.675638
6828	-1057.743	-1245.411	187.668	0.9917092	1.000713	2.139391
6834	-1042.347	-1230.615	188.2673	0.9623191	0.9830535	1.767968
6840	-1039.218	-1227.504	188.2867	1.129338	0.7812833	1.79281
6846	-1050.452	-1238.264	187.8113	1.166889	0.7205639	2.13712
6852	-1042.791	-1231.453	188.6624	1.096054	0.8943658	1.451423
6858	-1046.904	-1235.257	188.3535	1.184645	0.9017939	1.609168
6864	-1038.152	-1227.087	188.9349	1.420692	0.6372458	1.226038
6870	-1051.081	-1239.348	188.2668	1.350898	0.6538858	1.765968
6876	-1042.189	-1231.118	188.929	1.466117	0.7859146	1.017098
6882	-1053.054	-1241.883	188.8285	1.502188	0.960464	0.8803652
6888	-1052.664	-1241.76	189.0954	1.554003	0.7398718	0.7947771
6894	-1046.418	-1235.388	188.97	1.660562	0.7398718	0.8195637
6900	-1033.853	-1221.951	188.098	0.9846294	0.9209209	1.913156
6906	-1028.103	-1215.882	187.7787	1.051554	1.18216	1.913156
6912	-1031.345	-1219	187.655	1.123762	1.168386	1.956127
6918	-1043.907	-1231.583	187.6761	0.9246598	1.057551	2.141553
6924	-1047.029	-1235.035	188.0051	1.08966	1.057551	1.810624
6930	-1044.355	-1232.746	188.3917	1.198948	0.7602834	1.688226
6936	-1045.082	-1233.42	188.338	1.111063	0.8304852	1.729425
6942	-1052.818	-1240.562	187.744	0.9991509	1.273133	1.919408
6948	-1047.478	-1235.459	187.981	1.02085	0.9901357	1.919408
6954	-1043.047	-1231.136	188.089	1.14368	0.9106662	1.818188
6960	-1045.164	-1232.704	187.5397	0.9080439	0.9106662	2.335907
6966	-1046.565	-1233.896	187.3316	0.7529408	0.8234441	2.624276
6972	-1033.908	-1222.197	188.2893	1.086649	0.7743551	1.826324
6978	-1036.178	-1224.257	188.0788	1.16121	0.892887	1.826324
6984	-1033.827	-1221.815	187.988	1.181801	0.7960147	1.948905
6990	-1037.565	-1226.421	188.8551	1.3849	0.5880873	1.377235
6996	-1033.47	-1221.876	188.4057	1.194001	1.152662	1.377235
7002	-1038.602	-1227.244	188.6411	1.302503	1.054089	1.169232
7008	-1042.012	-1230.382	188.3701	1.568207	0.9643764	1.249693
7014	-1051.448	-1239.363	187.9148	1.000301	0.8869315	2.049756
7020	-1052.911	-1239.692	186.781	0.9298935	1.089806	2.684146
7026	-1033.914	-1221.551	187.6362	1.019396	0.7992364	2.283264
7032	-1034.797	-1222.565	187.7677	0.8980989	1.331164	1.93954
7038	-1042.793	-1231.719	188.9261	1.463986	0.3329389	1.605244
7044	-1028.929	-1217.517	188.5883	1.502991	0.623202	1.45301
7050	-1026.861	-1215.158	188.2972	1.385944	1.215703	1.265472
7056	-1031.258	-1219.741	188.4833	1.442909	1.215703	1.051165
7062	-1041.897	-1230.5	188.6022	1.403569	1.021599	1.142256
7068	-1036.062	-1224.259	188.197	1.344265	1.121602	1.44431
7074	-1040.507	-1228.834	188.3276	1.399939	1.121602	1.297661
7080	-1043.836	-1232.438	188.6016	1.501252	0.930014	1.138886
7086	-1040.006	-1228.721	188.7151	1.621115	0.9438891	0.8937869
7092	-1039.426	-1228.418	188.9921	1.810217	0.7180719	0.5191647
7098	-1044.3	-1233.097	188.7975	1.671497	0.9578961	0.6925471
7104	-1050.357	-1239.175	188.8178	1.750986	0.864838	0.6925471
7110	-1039.961	-1228.707	188.7455	1.874874	0.864838	0.5650306
7116	-1031.609	-1220.591	188.9824	1.78954	0.7346725	0.5744722
7122	-1048.242	-1237.065	188.8231	2.000607	0.7020061	0.4963298
7128	-1055.282	-1244.398	189.1157	1.930392	0.5342592	0.5984862
7134	-1046.758	-1235.835	189.0764	1.985302	0.5342592	0.5286626
7140	-1045.238	-1233.726	188.4879	1.85733	1.14026	0.5609218
7146	-1044.12	-1233.083	188.9629	1.685806	0.7362773	0.8017583
7152	-1039.725	-1228.058	188.3334	1.646638	1.480734	0.7488351
7158	-1047.633	-1236.041	188.4083	1.64517	1.359669	0.7767864
7164	-1042.799	-1231.716	188.9174	1.718031	0.8324893	0.6308847
7170	-1051.158	-1239.955	188.7968	1.587095	0.9573034	0.819672
7176	-1047.354	-1236.07	188.7166	1.574029	0.9621598	0.9233633
7182	-1046.561	-1235.376	188.8145	1.47307	0.7608807	1.145388
7188	-1053.845	-1242.796	188.951	1.316457	0.7039802	1.224797
7194	-1042.049	-1230.867	188.8185	1.567064	0.9509426	0.8259025
7200	-1046.699	-1235.608	188.9089	1.406039	0.8342234	1.040092
7206	-1050.263	-1239.106	188.8424	1.383482	0.9745879	0.9782468
7212	-1058.799	-1247.075	188.2759	1.23913	1.181562	1.423103
7218	-1055.332	-1243.861	188.5286	1.2203	1.202629	1.21993
7224	-1040.455	-1228.642	188.1861	1.272045	1.279974	1.40201
7230	-1044.906	-1233.097	188.1918	1.183055	1.22811	1.498941
7236	-1053.802	-1241.818	188.0159	1.182749	1.221336	1.632629
7242	-1050.258	-1239.339	189.0812	1.658757	0.4506409	1.146618
7248	-1069.545	-1258.074	188.5283	1.522938	1.226029	0.9145753
7254	-1044.608	-1232.326	187.7186	1.194017	1.388624	1.738704
7260	-1047.999	-1235.142	187.1426	1.069023	1.243542	2.28469
7266	-1042.333	-1230.604	188.2716	0.9985843	0.7213763	1.942998
7272	-1046.038	-1234.04	188.0017	1.145853	0.7013973	2.042004
7278	-1049.675	-1237.471	187.7962	0.8525649	1.718344	1.758052
7284	-1056.526	-1243.894	187.3675	0.978721	1.725341	1.961888
7290	-1048.3	-1236.178	187.8775	1.164276	0.9112265	1.947717
7296	-1056.107	-1243.947	187.8406	1.055186	1.670118	1.605213
7302	-1061.263	-1249.531	188.2681	1.105795	1.112509	1.575757
7308	-1053.741	-1242.714	188.9725	1.354003	0.5192445	1.392512
7314	-1058.422	-1247.706	189.2835	1.632341	0.4701593	0.9447177
7320	-1049.085	-1237.901	188.8154	1.477205	0.6782669	1.232088
7326	-1053.248	-1241.243	187.9949	1.451196	1.442647	1.309457
7332	-1040.749	-1229.83	189.0814	1.37102	0.5874048	1.204537
7338	-1041.701	-1229.977	188.2759	1.167562	1.118176	1.520501
7344	-1038.005	-1226.165	188.1595	1.332968	1.182868	1.439508
7350	-1040.197	-1228.719	188.5223	1.165289	0.9765779	1.439508
7356	-1041.174	-1229.079	187.9052	0.9852493	0.9445485	2.025286
7362	-1028.571	-1216.86	188.2882	1.116955	0.9215984	1.689324
7368	-1033.363	-1221.425	188.062	1.168297	0.9205816	1.812468
7374	-1028.931	-1217.518	188.5874	1.238504	0.655253	1.616809
7380	-1041.117	-1229.553	188.4361	1.238504	0.655253	1.724767
7386	-1038.872	-1226.327	187.4559	1.026077	1.372529	2.040335
7392	-1034.871	-1222.529	187.6584	1.056464	0.7597543	2.275707
7398	-1038.147	-1225.575	187.4281	1.130821	0.8950664	2.275707
7404	-1048.937	-1237.771	188.834	1.299569	0.4600266	1.611794
7410	-1036.293	-1224.401	188.1072	1.007469	0.8648141	1.932818
7416	-1036.963	-1224.112	187.1487	1.042398	0.8648141	2.528997
7422	-1043.825	-1230.634	186.8089	0.9692338	0.5716456	3.011582
7428	-1037.042	-1224.053	187.0113	0.7379321	0.8334722	2.822532
7434	-1048.3	-1235.33	187.0308	1.038953	0.7824414	2.663127
7440	-1036.574	-1224.091	187.5168	0.8084485	1.108078	2.288761
7446	-1034.087	-1222.081	187.9943	1.120155	0.900635	1.906382
7452	-1042.345	-1230.618	188.2726	1.08911	0.7396163	1.865317
7458	-1037.309	-1225.121	187.8117	1.186149	0.7208109	2.124095
7464	-1036.806	-1224.227	187.4204	0.9604901	0.937689	2.360161
7470	-1033.446	-1222.154	188.7084	1.307844	0.7564922	1.375199
7476	-1046.031	-1234.416	188.3845	1.143621	0.9627429	1.569585
7482	-1041.283	-1229.513	188.2296	1.073733	1.19072	1.575943
7488	-1041.183	-1229.208	188.0253	1.163846	1.19072	1.658603
7494	-1052.281	-1240.891	188.6101	1.196007	1.182294	1.18619
7500	-1041.353	-1229.635	188.2815	0.9516873	1.061349	1.711452
7506	-1039.06	-1227.949	188.8882	1.252327	0.6984811	1.334913
7512	-1050.161	-1238.756	188.5953	1.406387	0.6984811	1.443402
7518	-1047.001	-1235.657	188.6561	1.249076	0.6998826	1.514874
7524	-1045.138	-1234.271	189.1336	1.287313	0.6932452	1.102438
7530	-1036.488	-1225.334	188.8458	1.437184	0.9405438	0.9555728
7536	-1034.907	-1223.946	189.0398	1.653589	0.7212624	0.7661665
7542	-1035.183	-1223.828	188.6446	1.49923	1.152699	0.8827519
7548	-1039.083	-1226.839	187.7552	1.360401	1.663143	1.445146
7554	-1039.658	-1228.369	188.7101	1.416434	0.7199821	1.323926
7560	-1040.048	-1229.115	189.0663	1.450372	0.5496558	1.198328
7566	-1046.885	-1236.046	189.1613	1.768274	0.5496558	0.7720555
7572	-1046.921	-1236.164	189.2434	1.715213	0.5286365	0.7776578
7578	-1042.62	-1231.544	188.9242	1.811743	0.682295	0.7776578
7584	-1040.686	-1230.024	189.3389	1.755976	0.4718988	0.7130258
7590	-1033.569	-1222.43	188.861	1.755976	0.8475201	0.6340097
7596	-1046.952	-1235.702	188.7501	1.798144	0.9339781	0.5515588
7602	-1039.908	-1228.138	188.23	2.024053	1.248199	0.5441876
7608	-1032.391	-1221.112	188.7205	1.631574	1.127382	0.5806127
7614	-1051.13	-1239.373	188.2432	1.596394	1.433482	0.962014
7620	-1039.297	-1228.318	189.0211	1.596394	0.7850844	0.7620096
7626	-1024.924	-1213.862	188.9379	1.762768	0.7794898	0.6234022
7632	-1032.731	-1222.01	189.279	1.762768	0.4968462	0.7307897
7638	-1032.643	-1221.655	189.0116	1.767966	0.6459702	0.785254
7644	-1042.145	-1230.936	188.7904	1.601384	0.8548816	0.9386696
7650	-1045.537	-1234.399	188.8622	1.5528	0.5874905	1.236065
7656	-1055.374	-1243.375	188.0005	1.386512	1.649097	1.236065
7662	-1045.09	-1232.856	187.7659	1.418466	1.333804	1.575122
7668	-1043.504	-1231.559	188.0545	1.520721	1.52512	1.149
7674	-1029.078	-1218.03	188.9526	1.613143	0.6963494	0.9575461
7680	-1032.294	-1220.866	188.5714	1.423352	1.250475	0.953055
7686	-1034.221	-1223.01	188.7896	1.229917	0.8721701	1.263899
7692	-1050.571	-1238.763	188.1916	1.299268	1.254243	1.393276
7698	-1049.146	-1237.672	188.5258	1.328533	1.097058	1.211064
7704	-1046.49	-1234.743	188.2529	1.15256	1.230583	1.474279
7710	-1036.115	-1224.523	188.4076	1.234718	1.220746	1.295387
7716	-1033.392	-1222.404	189.0124	1.301662	0.7954927	1.083589
7722	-1020.197	-1208.853	188.6569	1.312926	0.8377453	1.335701
7728	-1029.164	-1218.205	189.0411	1.395768	0.4417761	1.40918
7734	-1061.068	-1249.105	188.0365	2.188385	1.132892	0.2837755
7740	-1048.773	-1237.387	188.6134	2.207246	0.6528854	0.3369733
7746	-1047.07	-1235.324	188.2533	2.31714	0.7743291	0.2662434
7752	-1035.064	-1223.342	188.2781	1.053363	0.779106	1.852878
7758	-1038.996	-1227.325	188.3289	1.115255	0.7715945	1.781433
7764	-1025.681	-1213.955	188.2742	1.196071	0.9440354	1.625811
7770	-1031.608	-1219.984	188.3762	1.082961	0.8853891	1.678728
7776	-1042.928	-1230.823	187.8956	1.066788	0.603446	2.250295
7782	-1047.817	-1235.385	187.5679	1.022671	0.6013988	2.487856
7788	-1043.71	-1231.061	187.351	1.186822	0.376171	2.756525
7794	-1042.537	-1230.277	187.7395	2.507767	0.9859416	0.223399
7800	-1035.103	-1222.557	187.4545	2.515924	1.174175	0.1888627
7806	-1028.794	-1216.528	187.7345	2.511951	0.9279653	0.2010368
7812	-1034.989	-1222.417	187.4282	2.592744	0.9544479	0.1485185
7818	-1039.625	-1227.347	187.7222	2.720256	0.607158	0.1485185
7824	-1043.077	-1230.062	186.9847	2.769813	0.9247286	0.1001183
7830	-1040.594	-1227.192	186.5978	2.813463	1.260876	0.09677175
7836	-1038.072	-1224.776	186.7033	2.808621	1.260876	0.1098676
7842	-1049.517	-1236.645	187.1286	2.808621	0.83724	0.1117267
7848	-1041.581	-1228.552	186.9712	2.808621	1.089181	0.1278657
7854	-1048.267	-1235.179	186.9124	2.821604	0.9861412	0.1056952
7860	-1060.508	-1247.904	187.3965	2.7016	0.8549009	0.1423255
7866	-1049.428	-1237.005	187.5773	2.63992	0.9175501	0.1882214
7872	-1040.533	-1228.437	187.9049	2.513078	0.8023019	0.2120761
7878	-1053.23	-1241.115	187.8848	2.513078	0.8023019	0.2048937
7884	-1057.15	-1245.75	188.6001	1.738568	1.139208	0.5897256
7890	-1045.559	-1234.001	188.4426	1.745251	1.262791	0.689454
7896	-1050.17	-1238.922	188.7519	1.698542	1.00207	0.6397987
7902	-1068.209	-1255.601	187.3914	2.832353	0.6843351	0.1272162
7908	-1061.309	-1249.589	188.2801	2.686602	0.4016426	0.196483
7914	-1056.003	-1243.969	187.9661	2.686602	0.5775501	0.1910726
7920	-1058.683	-1246.972	188.2888	2.123953	1.03236	0.3704088
7926	-1042.146	-1230.888	188.7416	2.267196	0.5445085	0.3738967
7932	-1046.059	-1234.519	188.4605	2.267196	0.6817172	0.2914392
7938	-1060.676	-1248.829	188.1522	2.279017	0.8886058	0.2617641
7944	-1053.614	-1242.302	188.6882	1.241279	0.8873209	1.323703
7950	-1046.475	-1235.012	188.5368	1.210877	1.002272	1.372774
7956	-1037.576	-1226.315	188.7389	1.355763	1.002272	1.078845
7962	-1044.85	-1233.54	188.69	1.207479	0.7839282	1.44142
7968	-1048.464	-1237.392	188.9277	1.631079	0.5080199	1.218916
7974	-1044.146	-1233.491	189.345	1.556127	0.5080199	0.8910229
7980	-1037.319	-1226.144	188.8253	1.657997	0.8865176	0.7877559
7986	-1048.06	-1236.524	188.4646	1.614523	1.273537	0.8352358
7992	-1046.777	-1235.562	188.7848	1.70846	0.8985118	0.7549102
7998	-1036.148	-1224.975	188.8261	1.70846	0.8985118	0.6876107
8004	-1032.838	-1221.775	188.9376	1.689007	0.6704877	0.929202
8010	-1030.036	-1218.834	188.7971	1.367379	0.6815477	1.333499
8016	-1029.698	-1218.49	188.7922	1.548309	0.8582936	0.9879941
8022	-1036.414	-1225.544	189.1303	1.481159	0.6246903	1.010015
8028	-1052.097	-1241.057	188.9595	1.566337	0.6601034	1.045636
8034	-1043.674	-1232.607	188.9329	1.566337	0.6798912	1.045636
8040	-1031.539	-1220.479	188.9401	1.514875	0.71382	1.045636
8046	-1041.451	-1229.753	188.3022	1.658475	1.456554	0.801474
8052	-1037.582	-1226.08	188.4981	1.623765	1.303485	0.7429432
8058	-1030.391	-1219.392	189.001	1.623765	0.6209438	1.00207
8064	-1024.045	-1212.752	188.7065	1.483737	1.061509	0.9254484
8070	-1044.907	-1233.823	188.916	1.416375	0.8776994	0.9743271
8076	-1045.488	-1234.269	188.7807	1.513286	0.9236457	0.9626576
8082	-1040.302	-1228.2	187.8982	2.273975	1.193916	0.2849297
8088	-1029.511	-1217.554	188.043	2.306168	0.9873008	0.2741751
8094	-1034.86	-1223.03	188.1697	2.299569	0.8735102	0.2741751
8100	-1037.262	-1225.468	188.2055	2.299569	0.8544227	0.2832597
8106	-1032.525	-1220.803	188.278	2.448779	0.5841899	0.2202996
8112	-1036.961	-1225.264	188.3031	2.448779	0.5673943	0.2202996
8118	-1035.038	-1223.262	188.2241	2.319198	0.829315	0.2897651
8124	-1031.225	-1219.844	188.6187	2.03487	0.8104288	0.3765467
8130	-1023.006	-1211.667	188.6605	2.062342	0.755316	0.381461
8136	-1023.256	-1212.087	188.8311	2.011535	0.6874124	0.4916345
8142	-1025.277	-1214.045	188.7684	1.896022	0.8315671	0.5263853
8148	-1028.895	-1217.751	188.8568	1.764788	0.8153452	0.6988473
8154	-1031.759	-1220.68	188.9212	1.592133	0.8930878	0.7333876
8160	-1038.103	-1226.588	188.4849	1.495082	1.40874	0.8237438
8166	-1038.492	-1226.872	188.3805	1.590523	1.437444	0.8069555
8172	-1037.037	-1226.123	189.0859	1.617715	0.6904022	0.8069555
8178	-1030.907	-1219.903	188.9962	1.492136	0.7137505	1.013326
8184	-1027.944	-1216.672	188.7279	1.1014	0.6877153	1.582707
8190	-1026.295	-1215.446	189.1511	1.43837	0.5476202	1.137457
8196	-1041.081	-1229.548	188.467	1.344859	1.180419	1.182599
8202	-1044.365	-1232.393	188.0278	1.239544	0.6390475	2.018093
8208	-1033.583	-1221.27	187.687	1.078633	1.219996	1.934573
8214	-1044.518	-1232.528	188.0098	1.063185	0.9168339	1.92268
8220	-1042.947	-1231.208	188.2616	1.05334	0.7626465	1.877831
8226	-1042.817	-1230.907	188.0901	1.170196	1.010307	1.727371
8232	-1031.678	-1220.201	188.5234	1.213088	1.010307	1.375345
8238	-1026.988	-1216.068	189.0803	1.369562	0.6223655	1.162943
8244	-1039.33	-1227.518	188.1885	1.400747	1.203354	1.350109
8250	-1042.095	-1230.537	188.4428	1.255096	0.5213307	1.846125
8256	-1035.706	-1224.022	188.3159	1.323352	0.7490656	1.663422
8262	-1042.187	-1231.391	189.204	1.335047	0.5392744	1.193029
8268	-1043.483	-1232.395	188.9112	1.333231	0.6574249	1.295152
8274	-1048.063	-1236.142	188.0787	1.347093	0.8514508	1.729008
8280	-1041.897	-1230.029	188.132	1.147352	0.7790254	1.88854
8286	-1045.365	-1233.127	187.7613	1.153275	0.7906475	2.122339
8292	-1035.426	-1224.016	188.5903	1.283678	1.037996	1.241964
8298	-1034.166	-1223.095	188.9289	1.277625	0.5438045	1.454979
8304	-1028.952	-1216.728	187.7767	1.087699	0.6222774	2.295803
8310	-1022.818	-1210.425	187.607	0.9704844	0.8770931	2.27638
8316	-1021.916	-1209.792	187.8767	1.149664	1.349169	1.680319
8322	-1030.349	-1218.83	188.4816	1.109131	0.9611702	1.524561
8328	-1026.81	-1215.285	188.4749	1.279375	1.000198	1.369236
8334	-1031.429	-1219.842	188.4134	1.270461	1.000198	1.424053
8340	-1043.579	-1232.094	188.5148	1.356995	0.825019	1.424053
8346	-1036.406	-1224.723	188.317	1.167835	0.6339125	1.87663
8352	-1037.684	-1226.412	188.7281	1.065288	0.7689363	1.533455
8358	-1051.898	-1240.171	188.2727	1.284604	0.9389133	1.566305
8364	-1049.379	-1238.437	189.0587	1.668762	0.6150233	0.9027433
8370	-1038.689	-1227.478	188.7887	1.592534	0.992298	0.775459
8376	-1035.178	-1223.907	188.7292	1.508668	1.16395	0.7476024
8382	-1043.171	-1232.038	188.8678	1.547186	0.8171719	0.9597056
8388	-1054.48	-1243.583	189.1036	1.612515	0.5746264	0.9779616
8394	-1049.706	-1238.636	188.9306	1.483579	0.7889648	0.9945208
8400	-1053.393	-1241.449	188.0569	1.005023	0.5927728	2.196145
8406	-1047.57	-1234.868	187.2982	0.9790242	0.8675434	2.473286
8412	-1057.268	-1245.07	187.8021	0.9391383	0.6190837	2.377067
8418	-1057.966	-1245.647	187.6808	1.016353	1.103822	2.049597
8424	-1041.68	-1229.448	187.7682	1.111977	0.8948523	2.067135
8430	-1047.835	-1235.67	187.835	1.073719	0.7040609	2.196081
8436	-1050.749	-1238.036	187.2867	0.9121098	1.032057	2.414955
8442	-1039.382	-1226.816	187.434	0.9252566	0.9506485	2.365321
8448	-1032.091	-1219.849	187.759	0.8971019	0.6951328	2.365321
8454	-1020.881	-1207.627	186.7467	0.7414781	1.140366	2.791879
8460	-1022.782	-1209.455	186.6731	0.8687536	1.302459	2.673677
8466	-1028.434	-1215.713	187.2791	0.9953969	0.7445687	2.565151
8472	-1025.048	-1212.759	187.7103	0.7821287	0.7634928	2.414181
8478	-1038.386	-1226.328	187.9419	1.074153	0.8957602	1.976181
8484	-1034.091	-1221.908	187.8177	1.057778	1.03238	1.976181
8490	-1036.157	-1223.63	187.4731	1.272109	1.453177	1.820759
8496	-1038.836	-1227.154	188.3177	1.072688	0.5731507	1.999532
8502	-1051.493	-1238.933	187.4399	1.158329	1.304085	1.999532
8508	-1033.882	-1221.876	187.9946	0.9935281	0.8893184	1.999532
8514	-1040.563	-1228.141	187.5785	0.9995034	1.329051	1.999532
8520	-1027.709	-1215.519	187.8102	0.828373	0.9726348	2.171619
8526	-1039.374	-1226.901	187.5276	0.995123	1.091189	2.171619
8532	-1032.094	-1220.441	188.3461	0.9619029	0.6392152	1.990899
8538	-1038.158	-1227.178	189.0202	1.369776	0.5528927	1.299799
8544	-1042.046	-1230.574	188.5286	1.380573	1.310954	0.9895144
8550	-1040.824	-1229.413	188.5886	1.589557	1.106473	0.8918038
8556	-1032.744	-1221.788	189.0444	1.560159	0.7248169	0.8743828
8562	-1045.88	-1234.697	188.8173	1.734823	0.8416988	0.7610784
8568	-1028.302	-1216.955	188.653	1.734823	1.054855	0.6632364
8574	-1038.268	-1226.913	188.6451	1.599176	1.054855	0.8716071
8580	-1044.862	-1233.298	188.4361	1.586919	1.179069	0.9874774
8586	-1028.18	-1216.921	188.7409	1.202651	0.8894267	1.310531
8592	-1036.385	-1224.764	188.3791	1.220489	0.7583385	1.683559
8598	-1032.98	-1221.399	188.4183	1.316425	0.4259557	1.93263
8604	-1030.746	-1219.154	188.4088	1.027488	0.4759248	2.072364
8610	-1036.395	-1224.878	188.4822	1.307581	0.6521084	1.645975
8616	-1044.891	-1233.07	188.1793	1.22128	1.193494	1.502069
8622	-1045.956	-1233.81	187.8546	1.074447	1.360628	1.742589
8628	-1046.872	-1234.549	187.6771	1.067015	0.9557064	2.114113
8634	-1038.609	-1226.989	188.3798	1.226825	0.9491046	1.522023
8640	-1041.846	-1230.228	188.3824	1.259411	0.9419889	1.501279
8646	-1045.995	-1234.12	188.1249	1.191854	0.7770923	1.864653
8652	-1047.12	-1234.691	187.571	0.9393219	0.7497021	2.413609
8658	-1036.196	-1224.573	188.3775	1.276279	1.046452	1.412241
8664	-1044.005	-1233.261	189.2555	1.271837	0.5685905	1.163952
8670	-1037.258	-1225.844	188.5865	1.473881	0.6198354	1.480053
8676	-1041.621	-1230.344	188.7232	1.473881	0.5882511	1.410452
8682	-1048.331	-1236.646	188.3144	1.232465	0.5763429	1.891
8688	-1048.678	-1236.708	188.0305	1.276743	0.8963065	1.777227
8694	-1035.297	-1223.438	188.1416	1.128263	1.350306	1.502055
8700	-1036.641	-1224.937	188.2965	1.227193	0.7567279	1.738559
8706	-1051.505	-1238.797	187.2922	0.986898	1.276022	2.223825
8712	-1034.772	-1222.675	187.9032	0.9430869	0.7788517	2.176012
8718	-1041.136	-1229.354	188.2181	0.9171899	0.7334559	2.02298
8724	-1038.635	-1226.295	187.6606	1.059421	0.9248345	2.150986
8730	-1049.117	-1235.38	186.2636	0.7743673	0.8350378	3.247378
8736	-1048.84	-1236.124	187.2843	0.8556605	1.12064	2.39918
8742	-1043.255	-1231.528	188.2728	1.476822	1.19273	1.226625
8748	-1040.42	-1228.932	188.512	1.501722	1.083284	1.081098
8754	-1044.73	-1233.905	189.1744	1.665772	0.5912363	0.8084445
8760	-1048.321	-1237.808	189.4863	1.728861	0.3716125	0.8103299
8766	-1041.872	-1231.217	189.3448	1.728861	0.3368428	1.044208
8772	-1043.933	-1232.387	188.4541	1.418326	1.173978	1.134331
8778	-1024.936	-1213.919	188.9822	1.476387	0.6030649	1.179494
8784	-1032.238	-1221.176	188.9379	1.413095	0.6884338	1.170522
8790	-1035.248	-1224.203	188.9551	1.525895	0.5947154	1.170522
8796	-1037.016	-1225.175	188.159	1.48715	1.25328	1.269506
8802	-1052.205	-1240.067	187.8622	1.470022	1.25328	1.514787
8808	-1034.268	-1222.971	188.7033	1.508794	1.058882	0.9040842
8814	-1032.782	-1221.308	188.5252	1.49989	1.109222	1.047492
8820	-1032.449	-1221.422	188.9724	1.56338	0.6840326	1.004622
8826	-1042.794	-1231.841	189.0477	1.502693	0.6612639	1.020339
8832	-1032.765	-1221.279	188.5144	1.268664	0.9942969	1.351182
8838	-1027.585	-1216.031	188.4458	1.31938	1.106057	1.278582
8844	-1035.244	-1223.522	188.2779	1.401935	1.534197	1.046844
8850	-1039.225	-1227.808	188.5832	1.280899	0.9675722	1.307943
8856	-1039.003	-1227.234	188.231	1.225745	0.7811315	1.764608
8862	-1065.192	-1253.857	188.6657	1.239634	0.4676159	1.764608
8868	-1054.414	-1242.047	187.6331	1.116181	0.9507877	2.114092
8874	-1062.325	-1250.777	188.4527	1.186019	0.7264393	1.684017
8880	-1049.564	-1238.18	188.6156	1.232269	0.6519485	1.604187
8886	-1042.584	-1230.447	187.863	1.119872	1.050456	1.891965
8892	-1046.789	-1234.389	187.6001	1.010297	0.7946214	2.315621
8898	-1049.692	-1237.944	188.2521	1.093299	0.9874888	1.683296
8904	-1047.621	-1235.587	187.9663	1.205725	0.8231096	1.926045
8910	-1046.65	-1235.631	188.9814	1.525425	0.5709029	1.178853
8916	-1046.097	-1234.55	188.453	1.184936	0.9015116	1.536195
8922	-1050.045	-1238.703	188.6585	1.267748	0.8354145	1.372399
8928	-1051.967	-1240.127	188.1598	1.179682	0.6382925	1.970688
8934	-1041.066	-1229.268	188.2018	1.109923	0.801766	1.847919
8940	-1043.113	-1231.582	188.4689	1.243592	0.6555191	1.697767
8946	-1038.356	-1226.388	188.0315	1.220475	1.180216	1.620031
8952	-1043.6	-1232.073	188.4726	1.262343	0.7403962	1.602184
8958	-1036.561	-1225.201	188.6407	1.345312	1.147333	1.051555
8964	-1040.167	-1229.094	188.9268	1.569381	0.7936574	0.9017976
8970	-1050.353	-1239.249	188.8955	1.558069	0.830142	0.9017976
8976	-1041.358	-1230.397	189.0391	1.721098	0.6936533	0.7184722
8982	-1034.965	-1223.768	188.8031	1.77636	0.8045013	0.7833877
8988	-1047.934	-1236.246	188.3122	1.78828	1.438082	0.5530394
8994	-1036.616	-1225.348	188.7318	1.64544	0.8993988	0.9008455
9000	-1034.687	-1223.469	188.782	1.428595	0.8993988	1.070327
9006	-1039.132	-1228.002	188.8696	1.505788	0.6368282	1.20981
9012	-1053.337	-1242.081	188.7439	1.679031	0.9787109	0.7340108
9018	-1036.856	-1225.871	189.0149	1.809879	0.6683139	0.662205
9024	-1045.393	-1234.028	188.634	1.65977	0.9430592	0.9412962
9030	-1035.179	-1224.054	188.8753	1.536444	0.9430592	0.8027294
9036	-1039.902	-1228.667	188.7651	1.561367	0.8807555	0.9768913
9042	-1046.075	-1235.509	189.4348	1.687305	0.3005255	1.0754
9048	-1040.852	-1229.483	188.6312	1.555808	0.4606589	1.57201
9054	-1049.909	-1237.824	187.9147	1.115789	0.9906225	1.899652
9060	-1044.26	-1233.487	189.2268	1.739149	0.5315348	0.7605464
9066	-1055.729	-1244.566	188.8362	1.739149	0.8757591	0.6563916
9072	-1045.54	-1233.313	187.7731	1.056679	1.363728	1.810008
9078	-1053.938	-1242.748	188.8105	1.275261	0.8569569	1.222696
9084	-1047.75	-1235.978	188.2282	1.094511	1.054698	1.652226
9090	-1040.291	-1228.921	188.6297	1.345412	0.9747108	1.209795
9096	-1037.711	-1226.586	188.8753	1.406097	0.4378707	1.532364
9102	-1034.925	-1223.884	188.9591	1.399155	0.756496	1.086291
9108	-1040.926	-1229.712	188.7864	1.328051	0.7427993	1.310458
9114	-1043.313	-1231.853	188.54	1.333341	0.8085203	1.437627
9120	-1042.679	-1231.258	188.5787	1.347815	0.9548284	1.267693
9126	-1041.561	-1229.402	187.8409	1.309455	1.193096	1.684759
9132	-1040.406	-1228.281	187.8757	1.011289	0.9430921	2.028586
9138	-1053.336	-1240.698	187.362	1.189089	1.019565	2.197823
9144	-1048.524	-1236.921	188.3967	1.249463	1.004135	1.449998
9150	-1038.987	-1227.439	188.4526	1.425542	1.023202	1.250564
9156	-1059.876	-1248.262	188.386	1.489687	0.997806	1.27348
9162	-1051.944	-1240.615	188.6705	1.272067	1.111787	1.121866
9168	-1045.695	-1234.632	188.9368	1.445743	0.9045887	0.8884333
9174	-1048.047	-1236.517	188.4696	1.172312	0.8819504	1.548998
9180	-1032.445	-1220.704	188.2591	1.195206	0.7415751	1.79999
9186	-1040.58	-1228.274	187.6948	0.9859644	1.135255	2.041312
9192	-1054.743	-1242.408	187.6657	0.8439258	1.117991	2.163936
9198	-1048.248	-1235.784	187.5362	0.8898355	1.179166	2.18245
9204	-1054.247	-1242.819	188.5719	1.155252	1.011251	1.381872
9210	-1036.784	-1225.428	188.644	1.405302	0.6454247	1.461276
9216	-1040.569	-1229.219	188.6499	1.449824	0.5941217	1.478375
9222	-1051.071	-1239.69	188.6186	1.396456	0.8308557	1.305667
9228	-1047.975	-1236.678	188.7032	1.307676	0.748881	1.386773
9234	-1034.178	-1223.032	188.8542	1.307676	0.8058146	1.207872
9240	-1030.769	-1219.079	188.3101	1.328772	0.8058146	1.614478
9246	-1038.652	-1227.065	188.4139	1.182645	1.07844	1.432765
9252	-1056.686	-1244.762	188.0769	1.03555	0.8268855	1.963168
9258	-1040.862	-1228.428	187.566	0.920989	1.225304	2.116575
9264	-1040.082	-1227.752	187.6697	1.011911	1.57988	1.800964
9270	-1057.603	-1245.281	187.678	1.003765	0.7409168	2.311784
9276	-1041.308	-1229.174	187.8662	1.184346	0.9867157	1.888707
9282	-1036.202	-1223.874	187.672	0.9585595	0.9867157	2.167546
9288	-1043.193	-1230.992	187.7987	1.117966	0.8948158	2.04302
9294	-1045.274	-1232.721	187.4471	1.151946	1.241901	2.033409
9300	-1037.467	-1225.16	187.6929	0.9265143	0.8391028	2.276798
9306	-1040.097	-1227.145	187.0483	0.947983	1.164197	2.464792
9312	-1040.682	-1227.52	186.8379	0.9937565	1.232178	2.530618
9318	-1047.671	-1235.372	187.7007	1.109634	1.092083	1.981641
9324	-1045.413	-1233.691	188.2778	1.146144	0.7528383	1.8113
9330	-1057.968	-1245.921	187.9522	0.9370191	1.038519	1.963
9336	-1050.062	-1238.423	188.3613	1.1519	0.7837025	1.722878
9342	-1048.005	-1236.185	188.1796	1.068552	0.6997751	1.976426
9348	-1059.258	-1247.485	188.2262	1.284001	1.09759	1.484801
9354	-1036.634	-1224.728	188.0939	1.094185	1.01383	1.775442
9360	-1045.476	-1233.327	187.8516	0.7965811	0.668042	2.393103
9366	-1042.006	-1229.3	187.2945	0.7806484	1.009295	2.50658
9372	-1046.16	-1233.807	187.6475	0.81518	0.9555013	2.296308
9378	-1054.532	-1241.667	187.1352	1.163968	1.013246	2.3632
9384	-1061.797	-1249.785	187.9882	1.160747	1.513467	1.499516
9390	-1049.407	-1237.689	188.2826	1.356379	0.9025391	1.534611
9396	-1044.173	-1232.028	187.8554	1.354195	1.277457	1.590345
9402	-1050.053	-1237.44	187.3869	0.907344	1.80895	1.96048
9408	-1040.799	-1228.622	187.823	1.036164	1.433159	1.752161
9414	-1041.889	-1229.195	187.3066	1.16033	0.8039004	2.399715
9420	-1049.653	-1237.684	188.0312	1.143925	0.8984047	1.866699
9426	-1046.893	-1234.952	188.0596	0.9698001	1.040671	1.866699
9432	-1037.107	-1225.094	187.9878	1.089634	0.9920473	1.866699
9438	-1042.817	-1231.205	188.3878	0.9408065	0.6016127	2.012697
9444	-1042.389	-1229.351	186.9626	0.7780904	0.7993923	2.851783
9450	-1080.32	-1269.28	188.9601	1.633267	0.7664453	0.8250988
9456	-1068.526	-1257.867	189.3415	1.694974	0.4714114	0.8005399
9462	-1048.547	-1235.691	187.1443	0.9476094	0.8999636	2.5667
9468	-1048.936	-1236.541	187.6049	1.09987	1.005348	2.106913
9474	-1045.942	-1234.722	188.78	1.225347	0.8453183	1.300197
9480	-1043.834	-1232.532	188.6983	1.326398	0.8358078	1.293275
9486	-1035.068	-1222.819	187.7519	1.014535	1.06596	2.027259
9492	-1037.577	-1224.311	186.734	0.8862077	1.061518	2.756081
9498	-1036.703	-1224.248	187.5448	1.035626	1.061518	2.15231
9504	-1029.823	-1216.994	187.1714	0.8849813	1.414955	2.295593
9510	-1026.087	-1214.395	188.3081	0.96288	1.067682	1.680314
9516	-1039.33	-1227.507	188.1768	1.029354	1.137447	1.680314
9522	-1037.832	-1226.467	188.6352	1.254234	0.5525063	1.678128
9528	-1039.604	-1228.049	188.4451	1.418318	0.4255905	1.845582
9534	-1044.699	-1233.466	188.7666	1.267101	0.6998912	1.417326
9540	-1038.52	-1227.095	188.5754	1.215138	0.6213468	1.67606
9546	-1041.462	-1229.937	188.4754	1.108894	0.7795937	1.67606
9552	-1037.09	-1225.491	188.4008	1.289805	1.193805	1.274977
9558	-1033.275	-1221.852	188.5773	1.304243	0.8128868	1.427378
9564	-1053.748	-1241.812	188.064	1.378617	1.325242	1.385213
9570	-1052.266	-1240.171	187.9052	1.317587	1.637964	1.375395
9576	-1044.948	-1233.956	189.0077	1.455119	0.6562342	1.109385
9582	-1053.612	-1241.36	187.7477	0.9136877	0.6854352	2.370021
9588	-1046.809	-1234.892	188.0825	0.8904402	0.6854352	2.170246
9594	-1042.545	-1229.693	187.1478	0.9513634	0.8237024	2.615028
9600	-1046.5	-1234.46	187.96	0.9220634	0.7526163	2.173538
9606	-1047.448	-1235.734	188.2867	1.030226	1.046655	1.661926
9612	-1047.56	-1234.974	187.414	0.9488852	1.356364	2.127044
9618	-1054.472	-1242.053	187.5803	1.028847	0.5574494	2.517197
9624	-1036.164	-1223.341	187.1767	0.8728558	0.5432283	2.874337
9630	-1046.617	-1234.077	187.4597	0.8410027	1.212143	2.244775
9636	-1031.283	-1217.931	186.6478	0.905377	0.7630144	2.991302
9642	-1040.687	-1229.038	188.3512	0.9681166	0.788653	1.853359
9648	-1054.048	-1241.286	187.2374	1.070783	1.662222	2.015457
9654	-1048.011	-1236.068	188.0575	1.165798	1.662222	1.36196
9660	-1048.469	-1236.344	187.8756	2.526256	0.8311509	0.2186928
9666	-1046.163	-1234.492	188.3286	2.280359	0.6772618	0.2254793
9672	-1052.045	-1240.691	188.6465	2.054799	0.7451582	0.3379208
9678	-1037.173	-1226.393	189.2199	1.52986	0.6251938	0.8602664
9684	-1038.764	-1227.461	188.6966	1.52986	0.7867812	1.171661
9690	-1043.044	-1231.597	188.5535	1.382557	1.05901	1.171661
9696	-1036.341	-1225.199	188.8579	1.350078	0.8022891	1.171661
9702	-1046.57	-1234.575	188.0052	1.470808	1.402301	1.310292
9708	-1042.006	-1230.816	188.8105	1.415362	1.066565	0.8800413
9714	-1044.279	-1233.238	188.9587	1.648904	0.7281627	0.8659038
9720	-1052.244	-1240.941	188.6971	1.549059	1.009138	0.9200966
9726	-1048.086	-1236.557	188.4713	1.339749	1.456472	0.9735841
9732	-1045.572	-1234.031	188.4592	1.364729	1.327183	1.059975
9738	-1049.273	-1238.026	188.7521	1.330974	0.9028416	1.181776
9744	-1066.879	-1255.587	188.7078	1.396702	1.248063	0.830203
9750	-1051.913	-1240.925	189.0121	1.681765	0.6949817	0.8118722
9756	-1041.831	-1230.718	188.8869	1.681765	0.8779655	0.6652864
9762	-1039.405	-1228.316	188.9109	1.681765	0.7234606	0.8901006
9768	-1048.005	-1236.913	188.9081	1.392996	0.7234606	1.174573
9774	-1051.274	-1239.479	188.205	1.415492	1.300946	1.257966
9780	-1046.631	-1235.444	188.813	1.167004	0.6701675	1.48826
9786	-1051.726	-1239.256	187.5303	1.169648	0.9900458	2.120086
9792	-1048.73	-1236.802	188.0715	1.025224	1.044557	1.817929
9798	-1046.631	-1234.777	188.146	1.192083	1.325193	1.465784
9804	-1052.216	-1240.456	188.2403	1.334089	0.2831853	2.235762
9810	-1056.189	-1245.208	189.0193	1.846218	0.2831853	1.330822
9816	-1049.328	-1238.706	189.3781	1.70558	0.3045369	1.102414
9822	-1059.501	-1248.602	189.1006	1.534771	0.5551598	1.085077
9828	-1038.434	-1227.353	188.9189	1.503182	0.7068359	1.085077
9834	-1046.041	-1235.179	189.1379	1.503182	0.4669017	1.207729
9840	-1040.268	-1229.262	188.9932	1.62583	0.626754	0.9996216
9846	-1049.34	-1238.051	188.7112	1.285209	0.9719932	1.193886
9852	-1035.63	-1224.164	188.5338	1.576491	0.9666882	1.097643
9858	-1045.187	-1233.6	188.4137	1.172199	0.8173247	1.642986
9864	-1045.575	-1234.055	188.4797	1.361129	0.7647877	1.501869
9870	-1039.048	-1227.912	188.8646	1.42408	0.691943	1.220153
9876	-1030.094	-1219.137	189.0429	1.468264	0.6314799	1.096414
9882	-1046.444	-1234.451	188.0074	1.124448	0.9304282	1.872919
9888	-1045.186	-1233.079	187.8935	1.09613	0.6544476	2.186401
9894	-1048.394	-1236.684	188.2902	1.156612	0.7061807	1.83613
9900	-1051.63	-1239.366	187.7363	1.291036	0.9702316	1.915825
9906	-1054.21	-1242.458	188.2484	1.364164	1.009609	1.471393
9912	-1053.263	-1241.475	188.2123	1.49707	1.355653	1.143964
9918	-1050.723	-1239.677	188.9544	1.344141	0.7304043	1.169138
9924	-1050.774	-1239.393	188.6188	1.291536	1.070614	1.184353
9930	-1044.548	-1233.052	188.5039	1.443994	0.9895158	1.220164
9936	-1031.307	-1220.107	188.7993	1.317863	0.9895158	1.069706
9942	-1042.328	-1231.432	189.1038	1.353288	0.842824	0.8813156
9948	-1040.86	-1229.648	188.7875	1.666256	0.9727281	0.6925896
9954	-1038.004	-1226.887	188.8829	1.626119	0.8083177	0.8671053
9960	-1040.304	-1229.318	189.0142	1.401297	0.7744643	1.010576
9966	-1043.065	-1231.835	188.7696	1.781688	0.891701	0.6698021
9972	-1049.204	-1238.145	188.9401	1.570038	0.7776379	0.9075754
9978	-1036.31	-1225.308	188.9982	1.479169	0.7776379	0.9432372
9984	-1035.522	-1224.211	188.6883	1.678018	0.8738456	0.9432372
9990	-1044.585	-1233.449	188.8641	1.581948	0.8738456	0.8533385
9996	-1045.953	-1234.563	188.6103	2.007744	0.8738456	0.4932625
10002	-1031.613	-1220.547	188.9341	2.007744	0.603046	0.5995009
10008	-1030.113	-1219.137	189.0238	1.990548	0.5653475	0.4796445
10014	-1035.165	-1223.113	187.9474	0.9278768	1.20039	1.871723
10020	-1037.895	-1225.851	187.9563	0.9176464	0.9180996	2.054739
10026	-1035.206	-1222.683	187.4771	0.9526116	1.281713	2.122928
10032	-1036.408	-1224.102	187.6941	1.018723	1.253292	1.951017
10038	-1032.465	-1220.589	188.1247	1.187746	1.454984	1.407894
10044	-1032.381	-1220.726	188.3455	1.22412	1.160979	1.394979
10050	-1031.623	-1220.25	188.6267	1.281162	0.751383	1.463712
10056	-1048.361	-1236.825	188.4637	1.281162	0.8997812	1.457287
10062	-1033.36	-1221.656	188.2963	1.093897	1.106191	1.568104
10068	-1042.298	-1230.906	188.6082	1.281483	0.6779355	1.547853
10074	-1049.319	-1237.466	188.1467	1.347556	1.36438	1.31942
10080	-1060.675	-1249.742	189.0676	1.23006	0.5983455	1.31942
10086	-1045.216	-1233.817	188.6016	1.275683	0.7671469	1.472264
10092	-1040.611	-1228.958	188.3468	1.311387	1.390058	1.165322
10098	-1045.335	-1233.632	188.2974	1.141533	0.7041058	1.843433
10104	-1051.146	-1240.16	189.0136	1.448574	0.7343902	1.013262
10110	-1052.078	-1240.901	188.8229	1.476579	0.8792583	1.00581
10116	-1043.818	-1232.726	188.9088	1.586643	0.7906738	0.9065239
10122	-1044.431	-1233.161	188.7301	1.517506	1.052258	0.8706735
10128	-1045.831	-1234.769	188.9381	1.9967	0.6168307	0.4527636
10134	-1044.706	-1233.553	188.8474	1.785813	0.857984	0.5369652
10140	-1040.076	-1229.08	189.0039	1.690696	0.758419	0.6899103
10146	-1049.266	-1238.333	189.0676	2.105008	0.4609168	0.5831455
10152	-1051.929	-1240.307	188.3775	1.002464	0.7698924	1.827276
10158	-1047.072	-1234.82	187.7473	0.9766275	0.9134403	2.156344
10164	-1045.496	-1233.541	188.0455	1.113368	1.271903	1.630507
10170	-1044.642	-1232.705	188.0632	1.117294	0.6898385	2.030222
10176	-1035.386	-1223.064	187.6784	1.106646	1.031986	2.03669
10182	-1039.545	-1228.29	188.7455	1.318671	0.4975781	1.615708
10188	-1052.133	-1240.969	188.8357	1.318671	0.4726646	1.580708
10194	-1043.306	-1231.556	188.2492	1.488497	1.49563	1.01806
10200	-1051.281	-1240.141	188.86	1.465509	0.8572472	1.004244
10206	-1033.059	-1221.51	188.4509	1.248402	0.8844001	1.504331
10212	-1037.475	-1226.361	188.8856	1.430498	0.5409895	1.373607
10218	-1046.385	-1235.253	188.8679	1.632946	0.9401218	0.6674045
10224	-1032.831	-1221.897	189.0655	1.912001	0.5575807	0.6743532
10230	-1039.073	-1228.182	189.1094	1.641851	0.6656861	0.787275
10236	-1024.983	-1214.071	189.0887	1.687074	0.7148113	0.636133
10242	-1035.462	-1224.239	188.7763	1.631986	0.9882545	0.7416255
10248	-1042.197	-1231.125	188.9282	1.468033	0.7411007	1.06859
10254	-1030.101	-1218.864	188.7622	1.322292	0.6542412	1.42511
10260	-1040.723	-1229.363	188.6402	1.292157	0.5888456	1.607876
10266	-1036.053	-1224.52	188.467	1.13039	0.5905815	1.842071
10272	-1052.061	-1238.24	186.1788	1.129277	1.024388	2.966998
10278	-1042.365	-1229.508	187.1433	0.782074	1.211314	2.483316
10284	-1054.417	-1241.401	186.9841	0.9973533	1.211314	2.448111
10290	-1042.628	-1230.996	188.3676	1.406448	1.380308	1.06718
10296	-1052.703	-1241.284	188.5804	1.537871	1.194153	0.8697321
10302	-1052.803	-1242.091	189.2886	1.762205	0.3560698	1.02691
10308	-1042.161	-1230.994	188.833	1.881227	0.7855124	0.5542058
10314	-1045.548	-1234.309	188.7605	1.703093	0.9303509	0.7485002
10320	-1044.148	-1232.963	188.815	1.628464	0.7207475	1.048199
10326	-1039.199	-1227.987	188.7875	1.369064	1.009225	1.012835
10332	-1038.274	-1226.412	188.1378	1.318407	0.9108622	1.661119
10338	-1040.123	-1228.83	188.7077	1.332188	0.5454718	1.577415
10344	-1029.373	-1218.085	188.7118	1.305723	0.749811	1.380685
10350	-1032.577	-1221.197	188.6199	1.211887	0.6462446	1.621537
10356	-1046.506	-1234.151	187.645	1.131551	1.566586	1.741347
10362	-1039.917	-1227.953	188.0356	1.179454	1.036057	1.741347
10368	-1032.394	-1220.036	187.6426	1.04352	1.319514	1.932155
10374	-1051.862	-1240.595	188.7327	1.405772	1.092273	0.949674
10380	-1046.94	-1235.946	189.0057	1.406762	0.8276257	0.949674
10386	-1049.932	-1238.924	188.9924	1.3627	0.7604458	1.084666
10392	-1053.462	-1242.131	188.669	1.578301	1.127326	0.7817401
10398	-1050.046	-1238.844	188.7978	1.374992	0.8604829	1.143847
10404	-1031.171	-1218.838	187.6665	0.9610534	1.074935	2.113222
10410	-1039.82	-1227.411	187.5905	0.9571348	1.161829	2.113222
10416	-1048.957	-1237.396	188.4389	1.102492	0.8471746	1.650334
10422	-1043.861	-1231.905	188.0441	1.079081	0.8471746	1.940405
10428	-1039.919	-1228.433	188.514	1.42147	0.6266026	1.565888
10434	-1036.911	-1226.212	189.3016	1.665722	0.385011	1.050766
10440	-1043.732	-1232.776	189.0432	1.660251	0.519239	1.074323
10446	-1041.773	-1230.616	188.8434	1.545759	0.9248288	0.8553541
10452	-1056.893	-1245.336	188.4437	1.458539	0.6287678	1.588016
10458	-1053.594	-1241.473	187.8791	1.193433	1.416977	1.609022
10464	-1046.945	-1235.554	188.6095	1.1087	0.7311484	1.622721
10470	-1048.915	-1237.104	188.1887	1.408128	0.5740401	1.859278
10476	-1045.381	-1233.968	188.5877	1.400039	0.4500331	1.728439
10482	-1048.025	-1235.405	187.3806	1.111578	0.9104732	2.307713
10488	-1060.631	-1249.186	188.5549	1.015094	0.8594935	1.619769
10494	-1048.317	-1236.723	188.406	1.269405	0.9048399	1.505611
10500	-1047.129	-1235.449	188.3203	1.269405	1.144516	1.390772
10506	-1035.656	-1223.156	187.4999	0.9126676	1.144516	2.211201
10512	-1039.574	-1227.656	188.0824	1.042586	1.144516	1.733223
10518	-1037.4	-1225.417	188.0167	1.153819	1.094944	1.733223
10524	-1034.603	-1223.054	188.451	1.259405	1.094944	1.331394
10530	-1055.388	-1244.384	188.9954	1.627609	0.7008937	0.888634
10536	-1042.672	-1231.704	189.0316	1.531131	0.8436663	0.7419156
10542	-1045.518	-1234.628	189.1099	1.831873	0.6129474	0.5416853
10548	-1038.726	-1227.782	189.0561	1.831873	0.6193753	0.6711408
10554	-1029.503	-1218.358	188.8552	1.555934	0.807675	0.9751864
10560	-1043.502	-1232.298	188.7967	1.456751	0.6603244	1.284559
10566	-1040.171	-1229.166	188.9949	1.388278	0.5696169	1.284559
10572	-1043.604	-1232.457	188.8525	1.467728	0.4863753	1.439183
10578	-1031.887	-1220.922	189.0354	1.427259	0.4873023	1.326371
10584	-1042.271	-1231.351	189.0795	1.755537	0.4107115	1.127088
10590	-1034.41	-1223.532	189.1224	1.755537	0.4330714	1.048935
10596	-1041.454	-1230.017	188.5636	1.564237	1.230951	0.8189576
10602	-1045.216	-1233.853	188.6363	1.637882	0.8144025	1.099827
10608	-1032.735	-1221.472	188.7374	1.639359	0.7429819	1.084648
10614	-1044.835	-1233.643	188.8075	1.540831	0.9389637	0.8857778
10620	-1039.594	-1228.391	188.7972	1.624895	0.8584227	0.9010806
10626	-1040.91	-1228.887	187.9769	1.487518	1.74056	1.115485
10632	-1044.805	-1232.671	187.8661	1.474004	2.010861	1.076284
10638	-1034.062	-1222.876	188.8144	1.474004	0.8267816	1.073461
10644	-1044.582	-1233.668	189.0856	1.522179	0.5794895	1.076567
10650	-1055.79	-1244.629	188.8391	1.318419	0.8832142	1.135047
10656	-1074.144	-1262.926	188.7824	1.514845	0.3419897	1.658118
10662	-1048.207	-1237.523	189.3152	1.706844	0.3419897	1.082485
10668	-1034.259	-1222.967	188.7078	1.595465	0.9637816	0.907634
10674	-1037.936	-1226.438	188.5021	1.556638	0.792987	1.306137
10680	-1043.141	-1231.133	187.9915	1.31578	1.034219	1.677482
10686	-1029.512	-1217.696	188.184	1.070678	0.8989219	1.811699
10692	-1027.412	-1215.456	188.0433	1.083072	0.790879	1.982077
10698	-1032.783	-1220.147	187.3632	1.104665	0.798026	2.403504
10704	-1044.237	-1231.532	187.2946	0.9983113	1.028613	2.357578
10710	-1035.317	-1222.857	187.5393	1.083691	0.7303952	2.357578
10716	-1044.188	-1231.885	187.6969	1.118073	1.243293	1.887729
10722	-1040.498	-1228.596	188.0983	1.029907	0.7467918	2.016642
10728	-1039.245	-1226.954	187.7094	1.107559	0.9326053	2.082142
10734	-1039.688	-1227.624	187.9359	1.145708	0.8748671	1.947536
10740	-1047.271	-1236.147	188.876	1.388136	0.8336541	1.088695
10746	-1033.137	-1221.998	188.8612	1.456318	0.8336541	1.038304
10752	-1045.604	-1234.518	188.9138	1.544137	0.7195623	1.035695
10758	-1043.815	-1232.368	188.5523	1.621505	0.7195623	1.286021
10764	-1054.146	-1242.749	188.6036	1.669649	1.121561	0.7521009
10770	-1027.483	-1216.293	188.8095	1.967649	0.7378354	0.5212287
10776	-1034.075	-1222.511	188.4363	1.967649	1.082898	0.4764824
10782	-1029.746	-1218.507	188.7611	2.020908	0.7298937	0.4470343
10788	-1037.603	-1226.179	188.5761	1.898575	1.00485	0.4470343
10794	-1047.658	-1235.938	188.2801	1.270687	0.9721744	1.545749
10800	-1050.417	-1238.448	188.0311	1.137448	1.208372	1.662294
10806	-1036.681	-1225.441	188.7597	1.380701	0.7129613	1.319948
10812	-1050.888	-1240.094	189.2063	1.703815	0.5857786	0.7185898
10818	-1049.728	-1239.058	189.3298	1.606335	0.5440581	0.7750135
10824	-1046.525	-1235.525	189.0003	1.927126	0.623847	0.4680562
10830	-1044.356	-1233.273	188.9177	2.006558	0.623847	0.45008
10836	-1043.324	-1231.246	187.9225	2.233626	1.246453	0.3059386
10842	-1052.104	-1239.988	187.884	2.162558	1.330842	0.2779957
10848	-1053.542	-1242.481	188.9388	2.08273	0.5595789	0.5359259
10854	-1055.93	-1244.275	188.3456	1.73149	1.465524	0.5659034
10860	-1041.724	-1230.617	188.8935	1.66645	0.9185083	0.5729577
10866	-1045.838	-1234.832	188.9946	1.581259	0.5609522	1.131261
10872	-1053.769	-1242.847	189.0784	1.479513	0.6444648	1.03535
10878	-1043.128	-1231.68	188.5521	1.433841	1.214321	0.993844
10884	-1032.993	-1221.923	188.9293	1.437497	0.6078208	1.251624
10890	-1035.59	-1224.209	188.6188	1.468039	0.8256905	1.251624
10896	-1027.705	-1215.861	188.1563	1.339703	1.562734	1.194566
10902	-1032.979	-1221.542	188.5626	1.50025	0.815294	1.281435
10908	-1045.011	-1233.592	188.5804	1.515924	1.260615	0.8271917
10914	-1048.891	-1237.335	188.4449	1.464457	1.40551	0.910209
10920	-1030.602	-1219.274	188.6714	1.33864	0.9650331	1.188285
10926	-1028.326	-1217.108	188.7828	1.228014	0.798183	1.339683
10932	-1039.139	-1227.837	188.6978	1.288851	0.922258	1.246074
10938	-1038.793	-1227.049	188.2565	1.14958	0.889309	1.71333
10944	-1055.495	-1243.639	188.1449	1.033985	0.8561421	1.895892
10950	-1055.448	-1243.298	187.8506	1.061504	0.7612431	2.147109
10956	-1057.497	-1245.506	188.0091	1.256126	0.7463275	1.925198
10962	-1058.417	-1246.824	188.4067	1.094625	0.9251514	1.617697
10968	-1053.687	-1241.682	187.9952	1.051056	1.037304	1.857434
10974	-1047.861	-1235.947	188.086	1.11277	1.375177	1.540346
10980	-1036.953	-1225.204	188.2504	1.281235	1.13634	1.441442
10986	-1036.661	-1225.457	188.7965	1.393518	0.5660946	1.441442
10992	-1055.504	-1244.143	188.6394	1.689083	0.9028596	0.9498352
10998	-1055.859	-1244.573	188.7141	1.809149	0.950689	0.5834287
11004	-1044.936	-1233.876	188.9407	1.683295	0.8494132	0.6108469
11010	-1051.588	-1239.993	188.405	1.272181	0.3495449	2.071392
11016	-1047.27	-1235.147	187.8765	1.139745	1.065045	1.8597
11022	-1033.522	-1221.311	187.7888	1.048727	1.02327	2.007518
11028	-1041.006	-1229.139	188.1332	1.116561	1.082988	1.685165
11034	-1036.401	-1223.386	186.9855	0.9015383	0.9349507	2.670246
11040	-1032.383	-1220.885	188.5018	1.092275	0.6309987	1.804384
11046	-1029.971	-1218.919	188.9478	1.69133	0.6309987	0.9731677
11052	-1033.744	-1222.805	189.0617	1.749261	0.5499611	0.9173669
11058	-1048.694	-1238.186	189.492	1.681306	0.3912803	0.8137693
11064	-1052.482	-1241.769	189.2862	1.904656	0.4464816	0.6060215
11070	-1032.645	-1221.783	189.138	2.004827	0.4464816	0.7073748
11076	-1039.511	-1228.165	188.6534	1.81834	0.9822018	0.6368294
11082	-1039.364	-1228.463	189.0983	1.778276	0.5898507	0.761131
11088	-1041.506	-1230.608	189.1027	1.711081	0.6652273	0.6912957
11094	-1043.257	-1232.192	188.9355	1.711081	0.7820623	0.723141
11100	-1042.201	-1231.333	189.1321	1.544042	0.672088	0.8711257
11106	-1046.563	-1235.49	188.9268	1.544042	0.8123085	0.9055818
11112	-1056.872	-1244.362	187.4901	1.116005	1.009921	2.168362
11118	-1045.976	-1233.735	187.7591	0.9722508	0.9581881	2.120785
11124	-1039.24	-1227.005	187.7651	0.9655653	1.404063	1.856468
11130	-1052.13	-1239.353	187.2236	1.057305	0.9973984	2.384748
11136	-1047.401	-1234.864	187.4623	0.9405476	0.7291201	2.497256
11142	-1053.729	-1242.585	188.8562	1.586538	0.954882	0.7411595
11148	-1055.463	-1244.263	188.8004	1.662037	1.017855	0.5538398
11154	-1052.08	-1240.97	188.8898	2.054518	0.609676	0.5538398
11160	-1065.768	-1255.051	189.2827	2.054518	0.3767126	0.5540334
11166	-1043.235	-1231.934	188.6989	1.904539	0.8855026	0.5307624
11172	-1036.006	-1224.771	188.7656	1.610648	1.073533	0.6501643
11178	-1033.179	-1221.814	188.6351	1.858229	0.9892776	0.539577
11184	-1031.765	-1220.365	188.6002	1.962151	0.9039039	0.4003206
11190	-1052.935	-1241.069	188.1346	2.077209	1.250881	0.3665247
11196	-1041.171	-1229.733	188.5622	1.928797	0.9877862	0.4439215
11202	-1039.955	-1228.293	188.338	1.114148	0.8132332	1.741276
11208	-1038.27	-1226.294	188.0241	1.114148	1.117356	1.741276
11214	-1041.179	-1228.551	187.3717	1.22659	1.698322	1.802392
11220	-1042.77	-1230.031	187.2605	1.233237	1.317761	2.061458
11226	-1045.666	-1234.125	188.459	1.223884	0.7850926	1.600366
11232	-1052.638	-1240.671	188.0331	1.223884	0.7902515	1.894622
11238	-1052.412	-1240.808	188.3957	1.355626	0.8947188	1.456576
11244	-1042.22	-1230.705	188.4848	1.478936	0.6907637	1.479887
11250	-1037.343	-1225.352	188.0083	1.064653	1.508287	1.558793
11256	-1035.949	-1224.135	188.1859	1.118023	1.337338	1.484216
11262	-1053.983	-1242.908	188.925	1.472499	0.6263935	1.203365
11268	-1047.851	-1236.292	188.4415	1.523283	1.128607	1.087495
11274	-1037.707	-1226.318	188.6113	1.405855	0.9222267	1.220461
11280	-1044.738	-1233.505	188.7665	1.3232	0.7538085	1.31942
11286	-1041.774	-1230.142	188.368	1.320713	1.155071	1.304557
11292	-1042.537	-1231.043	188.5052	1.397708	0.6751315	1.540808
11298	-1031.726	-1220.522	188.7961	1.522928	0.914767	0.9462372
11304	-1030.698	-1219.821	189.123	1.56126	0.4635392	1.175617
11310	-1040.828	-1229.998	189.1703	1.838629	0.4232064	0.9350392
11316	-1037.764	-1227.061	189.2968	1.701775	0.4232064	0.9460537
11322	-1041.865	-1230.558	188.6929	1.584998	0.832922	1.076606
11328	-1035.929	-1224.917	188.9884	1.683809	0.6342323	0.9336079
11334	-1040.703	-1229.4	188.6969	1.635686	0.7929793	1.069053
11340	-1035.04	-1223.634	188.5944	1.392022	0.9598735	1.213139
11346	-1041.858	-1229.846	187.9871	1.112925	1.260729	1.679326
11352	-1042.781	-1230.666	187.8849	1.209287	0.7757537	2.015663
11358	-1036.498	-1224.73	188.2327	1.123923	0.8145126	1.806737
11364	-1049.603	-1237.852	188.2498	1.186263	1.123367	1.522512
11370	-1045.387	-1234.325	188.9373	1.253127	0.7496888	1.240909
11376	-1046.655	-1234.883	188.2285	1.336014	1.097281	1.443782
11382	-1053.35	-1241.449	188.0992	1.029915	0.8259262	1.952726
11388	-1069.996	-1257.753	187.7573	1.298849	1.528828	1.560121
11394	-1051.272	-1238.828	187.5559	1.201171	1.509803	1.783517
11400	-1056.822	-1245.14	188.3174	1.206321	0.7056585	1.783517
11406	-1054.284	-1242.619	188.3352	1.206321	1.012149	1.522817
11412	-1048.086	-1236.447	188.3603	1.232789	0.9514782	1.530252
11418	-1041.486	-1229.987	188.5017	1.115245	0.5917324	1.827514
11424	-1051.727	-1240.049	188.322	1.230325	0.6369292	1.827514
11430	-1053.88	-1241.964	188.0832	1.16647	0.916837	1.801888
11436	-1045.53	-1233.183	187.6529	0.986191	1.178367	2.043358
11442	-1047.252	-1235.792	188.5397	1.291192	0.9408091	1.356739
11448	-1040.766	-1229.176	188.4093	1.010327	0.8372274	1.744688
11454	-1037.03	-1224.74	187.7101	1.17669	1.248232	1.835714
11460	-1026.34	-1213.647	187.307	1.001484	0.9651042	2.388015
11466	-1036.449	-1224.58	188.1313	1.262698	0.9651042	1.664952
11472	-1048.528	-1236.137	187.6088	0.7358439	0.8728831	2.427214
11478	-1038.71	-1225.447	186.7377	0.9421375	0.7876832	2.897062
11484	-1041.064	-1229.794	188.7305	1.090922	0.8247064	1.462859
11490	-1048.002	-1235.913	187.911	0.9001343	1.126062	1.960028
11496	-1031.801	-1219.468	187.6665	1.007546	0.9877446	2.13857
11502	-1037.357	-1224.445	187.0878	0.968274	1.214125	2.399577
11508	-1034.94	-1222.745	187.8047	1.029099	0.87952	2.108624
11514	-1038.96	-1226.48	187.5195	1.031005	1.141957	2.123048
11520	-1024.404	-1212.772	188.3681	1.232341	0.7909583	1.65478
11526	-1044.717	-1233.385	188.6679	1.264366	0.8958359	1.313967
11532	-1033.008	-1221.848	188.8406	1.327581	0.6530791	1.361053
11538	-1040.254	-1228.519	188.2644	1.199474	1.176433	1.465649
11544	-1036.952	-1224.927	187.9749	0.9452339	1.103522	1.900472
11550	-1035.608	-1223.413	187.805	0.9279889	0.9244896	2.142791
11556	-1027.005	-1213.925	186.9199	0.7928267	1.203133	2.619958
11562	-1036.213	-1224.517	188.3039	1.23203	1.384816	1.272407
11568	-1030.196	-1218.206	188.0102	1.423321	1.520892	1.272407
11574	-1036.593	-1225.569	188.9755	1.476743	0.6075729	1.179299
11580	-1037.604	-1226.385	188.781	1.367971	0.9059375	1.120546
11586	-1047.456	-1235.76	188.3043	1.267868	0.7539105	1.706831
11592	-1056.769	-1244.763	187.9936	1.10782	0.8659926	1.940851
11598	-1046.55	-1234.026	187.4761	0.8792697	0.7516347	2.50932
11604	-1033.712	-1222.376	188.6641	1.1242	0.8056886	1.504574
11610	-1045.845	-1234.633	188.7884	1.31435	0.6467539	1.418967
11616	-1054.595	-1243.082	188.4865	1.310525	0.5215387	1.777448
11622	-1040.332	-1229.156	188.8239	1.244838	0.6549392	1.436505
11628	-1047.571	-1236.104	188.5327	1.340696	0.9951219	1.277602
11634	-1050.791	-1239.804	189.0124	1.299774	0.5834291	1.325358
11640	-1035.188	-1223.75	188.5616	1.121223	0.5631978	1.81144
11646	-1038.705	-1227.105	188.4002	1.28776	0.5631978	1.807942
11652	-1044.979	-1234.171	189.1924	1.320236	0.4822253	1.292882
11658	-1045.619	-1234.678	189.0591	1.587317	0.4954657	1.161158
11664	-1053.46	-1242.609	189.149	1.50927	0.6095425	0.9847682
11670	-1062.084	-1251.147	189.0626	1.503231	0.7616935	0.8659114
11676	-1050.163	-1239.264	189.101	1.556577	0.7177979	0.820693
11682	-1052.592	-1241.449	188.8569	1.642928	0.8492312	0.820693
11688	-1062.909	-1251.886	188.9766	1.541359	0.8217164	0.837446
11694	-1045.431	-1234.264	188.8329	1.226974	0.8217164	1.277695
11700	-1046.199	-1234.758	188.5592	1.125931	0.9270721	1.480488
11706	-1034.033	-1222.88	188.8469	1.326384	0.9270721	1.077581
11712	-1036.409	-1224.843	188.4336	1.240339	1.277103	1.229741
11718	-1051.972	-1239.915	187.9429	1.087157	0.8224066	2.02167
11724	-1049.074	-1237.157	188.0831	1.079598	1.044368	1.772314
11730	-1046.627	-1234.191	187.5638	1.187021	1.540666	1.772314
11736	-1046.26	-1234.729	188.4683	1.197708	0.8181541	1.5842
11742	-1052.385	-1240.738	188.3531	1.024056	1.16004	1.541588
11748	-1045.593	-1234.649	189.0551	1.326564	0.6500295	1.188714
11754	-1046.181	-1234.744	188.5632	1.351623	0.8183761	1.396731
11760	-1038.029	-1226.371	188.3428	1.36608	1.143688	1.296459
11766	-1035.716	-1224.555	188.8389	1.484379	0.9539016	0.8966028
11772	-1033.392	-1222.117	188.7248	1.6827	1.011304	0.7056946
11778	-1027.681	-1216.574	188.8929	1.586574	0.8745993	0.8103421
11784	-1030.294	-1218.752	188.4575	1.605393	1.344847	0.7801548
11790	-1045.166	-1233.767	188.601	1.657643	1.09338	0.8088332
11796	-1051.096	-1239.721	188.6243	1.570436	1.09338	0.8867573
11802	-1049.187	-1238.059	188.8718	1.539861	0.8911292	0.8716102
11808	-1053.367	-1242.336	188.9691	1.624152	0.7552694	0.8423747
11814	-1046.846	-1235.407	188.5606	1.726198	1.096314	0.7664814
11820	-1048.613	-1237.516	188.9035	1.656365	0.8737064	0.6908945
11826	-1062.345	-1251.222	188.8763	1.817642	0.758568	0.6908945
11832	-1044.389	-1233.298	188.9085	1.530054	0.8817941	0.8517609
11838	-1036.261	-1225.239	188.978	1.693122	0.7702669	0.7059275
11844	-1043.228	-1232.258	189.03	1.693122	0.7258306	0.7112465
11850	-1037.858	-1227.094	189.2351	1.764438	0.5214657	0.7339992
11856	-1038.224	-1227.459	189.2353	1.664799	0.4748025	0.9529454
11862	-1036.965	-1225.23	188.2651	1.40163	1.084289	1.373949
11868	-1038.779	-1227.506	188.7272	1.266816	0.5859187	1.566032
11874	-1040.524	-1229.359	188.8355	1.327808	0.9519627	1.06249
11880	-1033.721	-1222.368	188.6471	1.196163	0.8985885	1.382378
11886	-1030.499	-1219.298	188.7986	1.442628	0.7011721	1.249917
11892	-1030.003	-1218.842	188.839	1.676686	0.6709607	1.041343
11898	-1038.514	-1227.063	188.5497	1.299492	1.182838	1.148087
11904	-1036.426	-1224.654	188.2279	1.285236	1.015688	1.541281
11910	-1038.01	-1226.557	188.5465	1.510066	0.9168028	1.191768
11916	-1037.093	-1225.225	188.1318	1.24999	1.333197	1.427415
11922	-1041.858	-1230.716	188.8581	1.214912	0.7238543	1.362583
11928	-1049.847	-1238.487	188.6396	1.193312	1.14545	1.191429
11934	-1057.771	-1246.489	188.7178	1.391731	0.8684678	1.191429
11940	-1060.404	-1248.418	188.0138	1.288641	1.205494	1.567099
11946	-1054.951	-1243.723	188.7719	1.343689	0.9096446	1.146868
11952	-1051.985	-1240.238	188.253	1.344236	1.480596	1.158431
11958	-1043.64	-1232.172	188.5316	1.134852	0.9438163	1.48125
11964	-1053.966	-1242.515	188.5491	1.229818	0.8664772	1.459211
11970	-1048.269	-1236.369	188.0996	1.128675	0.4304974	2.259853
11976	-1043.34	-1231.012	187.6717	1.076908	1.161004	1.980774
11982	-1039.59	-1226.596	187.0068	0.8593187	0.8738571	2.723546
11988	-1043.929	-1231.394	187.4656	0.9434239	1.282915	2.135822
11994	-1046.637	-1233.667	187.0298	0.8886133	1.309789	2.435818
12000	-1042.533	-1229.743	187.2104	0.876813	1.038657	2.48104
12006	-1039.332	-1226.107	186.7754	0.7980545	1.302761	2.654052
12012	-1049.578	-1236.453	186.8746	0.8222461	1.194407	2.634462
12018	-1042.664	-1229.851	187.187	0.864214	1.194407	2.41345
12024	-1049.494	-1236.515	187.0206	0.7741965	1.11552	2.617664
12030	-1038.504	-1226.358	187.8548	0.9766672	0.9645692	2.050668
12036	-1050.563	-1238.922	188.359	1.368683	0.8792595	1.487308
12042	-1047.011	-1234.845	187.834	1.062227	0.6683199	2.234638
12048	-1044.279	-1232.899	188.6202	1.059029	0.6354886	1.740735
12054	-1042.85	-1230.857	188.0063	1.414902	1.160164	1.508745
12060	-1047.071	-1234.848	187.7766	1.026342	1.224507	1.906729
12066	-1042.715	-1230.858	188.1434	1.192171	0.7122755	1.906729
12072	-1046.822	-1234.961	188.1385	1.128623	0.8792722	1.817939
12078	-1061.284	-1249.193	187.909	1.114973	1.121801	1.817939
12084	-1055.217	-1243.681	188.4638	1.285645	0.7863188	1.550473
12090	-1052.01	-1240.733	188.7224	1.285645	0.7816801	1.357551
12096	-1051.041	-1239.782	188.7407	1.47025	0.6832226	1.294206
12102	-1044.513	-1233.184	188.6708	1.41088	0.9391219	1.149233
12108	-1054.789	-1242.851	188.0623	1.269541	1.686427	1.260967
12114	-1039.568	-1228.029	188.4616	1.385931	1.251414	1.096224
12120	-1050.753	-1239.716	188.9629	1.331999	0.6402235	1.27324
12126	-1047.061	-1234.79	187.7289	1.354708	1.45289	1.58113
12132	-1051.821	-1239.491	187.6703	1.090148	1.091749	2.015075
12138	-1061.231	-1249.649	188.4182	1.099931	0.7828641	1.720118
12144	-1054.917	-1243.746	188.8293	1.564673	0.6939406	1.126079
12150	-1044.61	-1233.319	188.709	1.280666	0.7210579	1.430283
12156	-1034.521	-1222.572	188.0518	1.122022	0.8487313	1.905039
12162	-1036.664	-1225.148	188.4835	1.145958	0.554406	1.857404
12168	-1055.726	-1244.281	188.5545	1.395361	0.5351068	1.654315
12174	-1048.142	-1236.513	188.3706	1.095019	1.211203	1.441154
12180	-1038.513	-1226.937	188.4241	1.391396	1.063465	1.270184
12186	-1043.625	-1232.129	188.5033	1.399598	1.108019	1.160307
12192	-1045.01	-1232.504	187.4945	0.9180999	0.8783804	2.380495
12198	-1046.524	-1234.109	187.585	0.8114314	0.8647477	2.400269
12204	-1048.389	-1236.15	187.7608	0.858005	0.7647504	2.333144
12210	-1052.945	-1241.751	188.806	1.28109	0.4606406	1.644589
12216	-1027.432	-1216.33	188.8978	1.539892	0.7653315	0.9995111
12222	-1033.928	-1222.882	188.9541	1.56053	0.8226599	0.8402467
12228	-1039.87	-1228.844	188.9743	1.493355	0.8226599	0.8956869
12234	-1029.918	-1218.784	188.8659	1.386816	0.6527862	1.29356
12240	-1040.553	-1228.934	188.3805	1.354241	1.08826	1.316892
12246	-1038.135	-1226.989	188.8545	1.458416	0.4336739	1.514547
12252	-1039.719	-1228.315	188.5961	1.588459	1.036488	0.9572098
12258	-1045.822	-1234.735	188.9131	1.571084	0.7372135	0.9877202
12264	-1038.231	-1227.248	189.0168	1.787882	0.6784645	0.6751569
12270	-1031.944	-1220.917	188.9734	1.787882	0.6992361	0.7042834
12276	-1041.076	-1230.37	189.2938	1.925007	0.3639296	0.8257155
12282	-1047.52	-1236.363	188.8426	1.697308	0.8895338	0.6955942
12288	-1041.97	-1230.991	189.0203	1.881025	0.5555926	0.798365
12294	-1037.71	-1227.02	189.3101	1.591244	0.5555926	0.798365
12300	-1044.59	-1233.417	188.8276	1.658617	0.9198237	0.7308168
12306	-1072.242	-1260.474	188.232	1.518685	1.764342	0.7957358
12312	-1059.125	-1248.061	188.9359	1.839262	0.72506	0.6037472
12318	-1062.497	-1251.17	188.6723	1.839262	0.959908	0.5908549
12324	-1064.182	-1252.543	188.3611	1.792631	1.355827	0.5943835
12330	-1057.94	-1246.774	188.8348	1.963286	0.7092195	0.5959221
12336	-1052.092	-1241.084	188.9925	1.49974	0.6950473	1.033184
12342	-1050.579	-1239.53	188.951	1.314637	0.9025044	1.014198
12348	-1042.028	-1230.511	188.4827	1.470873	1.194195	1.042786
12354	-1053.642	-1242.062	188.4197	1.615172	1.104032	1.042786
12360	-1049.587	-1238.034	188.4476	1.591682	1.017468	1.115838
12366	-1051.782	-1240.627	188.8451	1.549735	1.059011	0.6397126
12372	-1063.111	-1252.253	189.1427	1.335441	0.6399426	1.115755
12378	-1049.585	-1238.482	188.8968	1.323324	0.6807243	1.289431
12384	-1048.687	-1237.156	188.4691	1.143097	1.035341	1.452443
12390	-1047.821	-1235.612	187.7907	0.9852558	1.254984	1.907483
12396	-1052.498	-1241.282	188.7842	1.383039	0.6201684	1.39778
12402	-1048.735	-1236.844	188.1089	1.040132	0.8691317	1.906355
12408	-1049.282	-1236.965	187.6828	0.8415663	1.33443	2.032313
12414	-1046.298	-1234.313	188.0153	1.091876	1.125381	1.757868
12420	-1041.811	-1229.648	187.8374	1.148168	0.8856014	2.003932
12426	-1052.837	-1240.257	187.4199	1.114226	1.375919	2.003932
12432	-1048.531	-1236.643	188.112	1.383584	0.8862718	1.652018
12438	-1040.096	-1228.706	188.6098	1.417337	1.128583	1.028327
12444	-1043.151	-1231.8	188.649	1.403205	0.667367	1.436248
12450	-1047.869	-1236.485	188.6163	1.834963	0.985265	0.6734187
12456	-1058.412	-1246.932	188.5195	1.743183	1.185473	0.6734187
12462	-1058.361	-1246.949	188.5881	1.626361	1.181115	0.759871
12468	-1049.047	-1238.09	189.043	1.840576	0.6549296	0.5384633
12474	-1047.203	-1236.09	188.8867	1.74629	0.8603004	0.4896644
12480	-1036.808	-1226.049	189.2415	1.823891	0.5073374	0.657635
12486	-1038.955	-1227.394	188.4383	1.706423	1.387003	0.487948
12492	-1030.418	-1219.042	188.6241	1.791262	1.029873	0.6563191
12498	-1029.978	-1218.959	188.9803	1.868516	0.6714429	0.5925454
12504	-1028.889	-1217.821	188.9321	1.936362	0.6381763	0.6571598
12510	-1031.992	-1221.173	189.1811	1.687382	0.6381763	0.6571598
12516	-1027.616	-1216.278	188.6615	1.967326	0.8479807	0.4105621
12522	-1032.827	-1221.545	188.7183	2.188529	0.6072574	0.3627386
12528	-1031.516	-1220.275	188.7587	2.126935	0.5799532	0.3024455
12534	-1043.304	-1232.249	188.9442	2.048642	0.5799532	0.485445
12540	-1029.321	-1218.182	188.8611	1.802048	0.7482005	0.7610472
12546	-1037.483	-1225.585	188.1021	1.447443	1.422702	1.236777
12552	-1039.056	-1227.732	188.6761	1.500647	0.8740312	1.126908
12558	-1041.352	-1229.631	188.2791	1.53685	1.380969	1.026612
12564	-1046.302	-1234.748	188.4464	1.5108	1.166749	1.062423
12570	-1041.18	-1228.645	187.4647	1.001733	1.429961	2.021128
12576	-1036.873	-1224.71	187.837	1.011211	0.6760284	2.258823
12582	-1036.201	-1223.855	187.6535	1.14983	0.66879	2.293793
12588	-1045.352	-1233.606	188.254	1.113859	0.9370247	1.704226
12594	-1058.406	-1247.164	188.7573	1.99955	0.7545156	0.4847284
12600	-1051.76	-1240.071	188.3103	1.99955	1.185959	0.4727491
12606	-1043.307	-1232.252	188.9458	2.187018	0.4914066	0.4917459
12612	-1062.496	-1251.012	188.5153	2.045955	0.9110171	0.4148287
12618	-1061.934	-1250.695	188.7619	2.046232	0.6911072	0.3876457
12624	-1047.947	-1236.643	188.6955	2.155249	0.6266801	0.3306747
12630	-1044.989	-1233.379	188.3899	2.288723	0.7717346	0.3488312
12636	-1057.789	-1245.742	187.9536	2.575193	0.7252062	0.2183763
12642	-1069.992	-1259.004	189.0124	1.399893	0.5366456	1.302234
12648	-1052.682	-1241.232	188.5501	1.331667	1.176068	1.124359
12654	-1047.733	-1235.537	187.8043	1.10676	1.34809	1.762162
12660	-1045.434	-1233.697	188.2632	1.155054	0.865976	1.722899
12666	-1050.671	-1238.954	188.2831	1.336651	1.176656	1.344472
12672	-1047.124	-1235.707	188.5827	1.483547	0.9614246	1.142336
12678	-1041.43	-1229.976	188.5463	1.455905	0.7895245	1.354745
12684	-1060.416	-1248.12	187.7037	1.129432	0.7959579	2.171295
12690	-1051.191	-1240.338	189.1475	1.573605	0.6889242	0.7861135
12696	-1050.217	-1239.061	188.8444	1.666376	0.8651594	0.7823023
12702	-1048.837	-1237.761	188.9232	1.666376	0.7886675	0.7950509
12708	-1050.897	-1240.009	189.1114	1.636963	0.6313417	0.8515703
12714	-1046.031	-1234.871	188.8402	1.384275	0.9295685	1.026292
12720	-1048.328	-1237.359	189.0313	1.573647	0.781062	0.7865995
12726	-1056.439	-1245.53	189.091	1.782921	0.5730659	0.7995886
12732	-1048.939	-1237.955	189.0157	1.629789	0.7137336	0.842281
12738	-1051.112	-1240.138	189.026	1.792487	0.6840201	0.6298456
12744	-1046.305	-1235.009	188.7044	1.838269	0.9107712	0.6446653
12750	-1042.982	-1231.958	188.976	1.480117	0.8493618	0.8738041
12756	-1040.286	-1229.298	189.0113	1.520598	0.6781624	1.016189
12762	-1034.323	-1223.183	188.8598	1.503291	0.8235372	1.005068
12768	-1036.407	-1224.969	188.5622	1.368239	0.8235372	1.379824
12774	-1046.682	-1235.838	189.1555	1.755183	0.4799118	0.9323502
12780	-1043.773	-1232.464	188.6908	1.298517	0.5837597	1.571816
12786	-1046.629	-1234.317	187.6878	0.9906997	1.072701	2.081146
12792	-1040.481	-1228.049	187.5679	0.8785737	0.7173717	2.479276
12798	-1029.628	-1217.879	188.2504	1.18946	0.8682315	1.705832
12804	-1050.321	-1238.078	187.7567	0.9843329	1.362373	1.871683
12810	-1037.865	-1226.138	188.2729	1.355214	1.395909	1.187497
12816	-1038.867	-1227.321	188.4543	1.454666	0.9292148	1.30395
12822	-1035.466	-1224.37	188.9042	1.412557	0.6495544	1.244384
12828	-1040.85	-1229.286	188.436	1.378481	0.6476022	1.632624
12834	-1042.8	-1231.294	188.4934	0.9754172	0.5217829	2.000393
12840	-1035.002	-1223.474	188.4719	1.125039	0.4461242	2.000393
12846	-1046.383	-1233.831	187.4479	1.211562	0.6831606	2.373201
12852	-1042.381	-1230.214	187.8326	0.974043	1.184231	1.927933
12858	-1035.308	-1223.241	187.9338	1.087947	0.9582136	1.927933
12864	-1043.006	-1230.487	187.4811	0.9448239	1.359136	2.084315
12870	-1029.873	-1217.439	187.5656	1.01793	1.439293	1.938065
12876	-1043.621	-1231.689	188.0681	1.078527	0.8296785	1.938065
12882	-1034.89	-1223.172	188.2811	1.250797	0.9692231	1.561918
12888	-1028.684	-1216.784	188.1009	1.274746	0.9867463	1.662307
12894	-1016.634	-1204.697	188.0631	1.121861	0.6948459	2.022876
12900	-1021.84	-1209.728	187.8875	1.121861	0.7580845	2.085964
12906	-1030.576	-1218.65	188.0743	1.009644	0.676978	2.105126
12912	-1044.733	-1232.211	187.4785	1.046489	0.9505247	2.259693
12918	-1030.343	-1218.487	188.1439	1.198485	0.8847512	1.76153
12924	-1035.524	-1224.058	188.5344	1.256311	1.074036	1.282299
12930	-1044.58	-1232.861	188.2807	1.211811	1.074036	1.514673
12936	-1041.761	-1230.521	188.7598	1.398366	0.7161775	1.302282
12942	-1042.019	-1230.857	188.8386	1.395533	0.6331529	1.330516
12948	-1057.979	-1246.722	188.743	1.451205	0.6255724	1.370732
12954	-1047.58	-1236.2	188.6201	1.552187	1.078498	0.9273091
12960	-1047.684	-1236.984	189.3	1.841123	0.4557608	0.6809492
12966	-1053.212	-1242.487	189.275	1.891052	0.3595742	0.8993208
12972	-1049.879	-1238.605	188.7259	1.217793	0.7476047	1.439979
12978	-1054.258	-1243.167	188.9089	1.538669	0.5166772	1.299462
12984	-1040.184	-1229.006	188.8223	1.701237	0.9176288	0.6694013
12990	-1043.246	-1232.313	189.0672	1.719434	0.6455274	0.776285
12996	-1049.917	-1238.945	189.0281	1.523215	0.8001372	0.8273014
13002	-1041.189	-1228.733	187.5433	1.09635	0.9389353	2.193529
13008	-1033.129	-1220.838	187.7092	1.120857	0.6912514	2.257569
13014	-1037.922	-1225.994	188.0724	1.219508	1.12705	1.62563
13020	-1043.601	-1232.524	188.9232	1.21522	0.7612838	1.272283
13026	-1040.841	-1229.19	188.3484	1.140999	0.8024845	1.723943
13032	-1028.471	-1216.922	188.4507	1.140999	0.9719409	1.515577
13038	-1035.893	-1223.847	187.9545	1.2157	1.455794	1.515577
13044	-1045.861	-1234.009	188.1479	1.265547	1.077589	1.570645
13050	-1039.54	-1227.903	188.3636	1.212152	1.332423	1.273822
13056	-1042.239	-1230.717	188.4773	1.470611	1.108204	1.120087
13062	-1047.553	-1236.654	189.1012	1.503889	0.7957855	0.7615592
13068	-1039.053	-1228.128	189.0747	1.435098	0.7957855	0.8834028
13074	-1044.32	-1233.177	188.857	1.401232	1.009871	0.9059137
13080	-1040.837	-1229.974	189.1375	1.40955	0.7446093	0.9114865
13086	-1041.214	-1230.232	189.0174	1.558086	0.7220076	0.9114865
13092	-1040.308	-1229.307	188.9988	1.509292	0.8100834	0.8657314
13098	-1042.348	-1231.204	188.8563	1.493645	0.7963518	1.048836
13104	-1046.527	-1235.283	188.7561	1.343422	0.7963518	1.269567
13110	-1050.51	-1238.915	188.4054	1.255362	0.8283292	1.579451
13116	-1036.807	-1225.275	188.4681	1.295432	0.7285023	1.592263
13122	-1030.628	-1219.007	188.3791	1.190643	0.663108	1.79063
13128	-1023.187	-1210.626	187.4384	1.036487	0.9892944	2.266385
13134	-1028.675	-1215.95	187.2752	0.9454753	1.266745	2.266385
13140	-1028.145	-1215.972	187.8271	1.075324	1.194356	1.856812
13146	-1023.83	-1211.88	188.0505	1.228334	1.06845	1.674219
13152	-1038.05	-1226.399	188.3485	1.430785	1.160879	1.225359
13158	-1041.159	-1229.4	188.2417	1.307813	1.160879	1.410618
13164	-1044.447	-1232.731	188.2837	1.334324	0.9031079	1.549638
13170	-1029.681	-1218.08	188.399	1.341039	0.7997977	1.545611
13176	-1024.982	-1213.661	188.6789	1.223209	0.8479948	1.38014
13182	-1034.799	-1223.019	188.2197	1.320953	0.976388	1.550086
13188	-1033.911	-1222.774	188.8634	1.447691	0.6369277	1.263618
13194	-1035.219	-1223.91	188.6908	1.560242	1.129585	0.7737268
13200	-1044.244	-1233.168	188.9244	1.797663	0.6026132	0.9283491
13206	-1043.924	-1233.052	189.1283	1.647457	0.5528104	0.9504873
13212	-1034.79	-1223.911	189.1212	1.709118	0.5528104	0.8907533
13218	-1046.864	-1235.859	188.9957	1.588957	0.5528104	1.134539
13224	-1055.054	-1243.794	188.7399	1.903079	0.8480557	0.4568985
13230	-1047.616	-1236.542	188.9263	2.023666	0.6086664	0.4754002
13236	-1043.182	-1232.106	188.9238	2.023666	0.610413	0.4754002
13242	-1046.646	-1235.652	189.0063	1.976501	0.5762366	0.5947908
13248	-1061.075	-1249.87	188.7956	1.916157	0.775398	0.6070841
13254	-1056.513	-1245.111	188.5982	1.08396	0.6697068	1.705682
13260	-1034.013	-1223.348	189.335	1.727381	0.4818321	0.7379604
13266	-1033.663	-1222.933	189.27	1.570427	0.6256147	0.7379604
13272	-1030.523	-1219.418	188.8947	1.499775	0.6815595	1.140263
13278	-1035.49	-1223.748	188.2576	1.485799	1.328575	1.132949
13284	-1039.949	-1228.288	188.3382	1.413042	1.235836	1.193472
13290	-1032.88	-1221.797	188.9163	1.436994	0.7366844	1.113368
13296	-1038.227	-1226.808	188.5803	1.339312	0.9394527	1.286453
13302	-1052.033	-1240.142	188.1092	1.068	0.6811598	2.040013
13308	-1048.217	-1236.467	188.2509	1.368914	1.398842	1.192716
13314	-1043.324	-1231.318	187.9936	1.22622	1.649327	1.37162
13320	-1055.332	-1243.337	188.0043	1.215794	0.4969238	2.19046
13326	-1047.734	-1236.557	188.8229	1.063668	0.6550168	1.572886
13332	-1049.149	-1237.25	188.1012	1.329739	1.543359	1.261119
13338	-1054.365	-1242.962	188.5968	1.415553	0.8922888	1.251539
13344	-1042.708	-1231.26	188.5526	1.294601	0.8708443	1.402993
13350	-1064.733	-1253.607	188.8736	1.666952	0.5843351	1.131394
13356	-1049.034	-1237.72	188.6856	1.456067	0.5678668	1.476154
13362	-1045.263	-1234.216	188.953	1.981692	0.6019201	0.6234515
13368	-1048.474	-1237.459	188.9853	1.963514	0.6095419	0.5248473
13374	-1048.798	-1237.671	188.8727	1.664512	0.8529412	0.7642277
13380	-1053.5	-1242.3	188.8007	1.656482	0.926331	0.7642277
13386	-1046.025	-1234.808	188.7832	1.753987	0.9491606	0.50969
13392	-1043.169	-1231.898	188.7291	2.012676	0.7588076	0.4317045
13398	-1047.76	-1235.854	188.0941	2.271222	1.062944	0.3476231
13404	-1037.366	-1225.661	188.2951	1.979284	1.217893	0.4352316
13410	-1047.17	-1235.748	188.5773	1.791853	1.101459	0.6027447
13416	-1048.313	-1236.869	188.5555	1.562093	1.234373	0.8283146
13422	-1042.54	-1231.081	188.5408	1.55445	0.9536408	1.123577
13428	-1045.577	-1234.197	188.6197	1.511781	0.9380236	1.105479
13434	-1053.634	-1242.279	188.645	1.474442	0.9380236	1.116468
13440	-1042.936	-1231.657	188.7203	1.346188	1.107886	1.008389
13446	-1045.962	-1234.845	188.8836	1.464786	0.6809307	1.181435
13452	-1048.283	-1237.194	188.9114	1.441724	0.6773476	1.181435
13458	-1042.042	-1231.338	189.2962	1.441724	0.5959798	0.9215766
13464	-1038.154	-1227.189	189.0345	1.503763	0.7455116	0.9199322
13470	-1032.942	-1221.898	188.9561	1.477561	0.7455116	1.027566
13476	-1039.313	-1228.471	189.1586	1.280225	0.5885522	1.214661
13482	-1033.061	-1221.973	188.9126	1.192265	0.848371	1.214661
13488	-1038.352	-1226.738	188.386	1.301282	1.025196	1.402265
13494	-1042.209	-1230.698	188.4896	1.094833	0.889444	1.585196
13500	-1034.742	-1223.133	188.3901	1.19433	0.889444	1.585223
13506	-1045.719	-1233.976	188.2569	1.279691	0.9340387	1.585223
13512	-1041.377	-1230.21	188.8333	1.199795	0.9340387	1.196226
13518	-1037.237	-1226.226	188.9888	1.483473	0.8771369	0.8160719
13524	-1040.079	-1229.267	189.188	1.809569	0.4742576	0.8439548
13530	-1047.565	-1236.253	188.6887	1.686597	1.015687	0.7501878
13536	-1032.399	-1221.361	188.9616	1.966451	0.6187944	0.5688681
13542	-1030.369	-1218.518	188.1491	2.109568	1.179042	0.3475225
13548	-1018.234	-1206.98	188.7456	2.109568	0.6238457	0.3310872
13554	-1033.536	-1222.16	188.624	2.297982	0.582474	0.3380878
13560	-1035.628	-1224.473	188.8454	2.140515	0.582474	0.4589006
13566	-1039.678	-1228.321	188.6433	1.942304	0.8815529	0.3981871
13572	-1032.042	-1220.913	188.8715	1.856224	0.7780369	0.4781467
13578	-1040.474	-1229.332	188.8579	1.678926	0.9079905	0.663411
13584	-1036.183	-1225.095	188.9119	1.67497	0.8387408	0.7122201
13590	-1034.111	-1223.169	189.0582	1.576791	0.7140016	0.8547331
13596	-1037.928	-1226.835	188.9067	1.576791	0.8602303	0.8257389
13602	-1039.14	-1227.595	188.4552	1.603798	1.377002	0.7490437
13608	-1040.825	-1229.595	188.7695	1.569359	1.037271	0.7724849
13614	-1045.476	-1233.864	188.3878	1.623347	1.439687	0.7483204
13620	-1043.074	-1231.64	188.5658	1.427453	1.260327	0.9458687
13626	-1049.45	-1238.147	188.6968	1.497975	1.037034	0.9458687
13632	-1059.227	-1248.344	189.1172	1.512985	0.5351553	1.118401
13638	-1052.199	-1241.487	189.2883	1.740526	0.421726	0.9163892
13644	-1035.155	-1224.171	189.0154	1.807026	0.683462	0.6217525
13650	-1035.873	-1224.889	189.0154	1.807026	0.683462	0.6217525
13656	-1033.544	-1222.454	188.9101	1.965339	0.6630073	0.496934
13662	-1043.568	-1232.748	189.1797	1.927432	0.5036096	0.5546395
13668	-1049.383	-1238.145	188.7622	1.883734	0.8305984	0.6092699
13674	-1028.51	-1217.247	188.7371	1.779418	0.9612033	0.5675731
13680	-1036.077	-1224.898	188.8205	1.635008	0.981678	0.6722835
13686	-1035.14	-1223.855	188.7148	1.675967	0.9943349	0.7587785
13692	-1042.146	-1231.16	189.0135	1.756656	0.6509323	0.7887784
13698	-1043.449	-1232.201	188.7518	1.481397	1.153267	0.7686297
13704	-1043.926	-1233.017	189.0904	1.674326	0.5858841	0.9083845
13710	-1036.716	-1225.264	188.5479	1.667246	1.128662	0.8228162
13716	-1033.53	-1222.767	189.2377	1.476919	0.6286652	0.8954209
13722	-1035.192	-1224.294	189.1017	1.770865	0.5758204	0.7958334
13728	-1038.61	-1227.713	189.103	1.853083	0.5139737	0.8127526
13734	-1050.498	-1239.097	188.5993	1.661214	1.040709	0.8685888
13740	-1047.782	-1236.676	188.8942	1.626588	0.8491122	0.793272
13746	-1053.052	-1241.845	188.7932	1.626588	0.7341358	1.054614
13752	-1055.223	-1243.658	188.4349	1.557074	1.28019	0.9294488
13758	-1042.901	-1230.884	187.9823	1.274059	1.05306	1.700636
13764	-1038.29	-1226.882	188.5925	1.424673	0.5043803	1.641535
13770	-1038.117	-1226.138	188.0208	1.316313	1.055236	1.641535
13776	-1035.541	-1223.867	188.3252	1.250772	0.8275965	1.641535
13782	-1045.191	-1233.821	188.6297	1.388828	0.8899934	1.248451
13788	-1045.915	-1233.938	188.0228	1.374781	1.448685	1.344737
13794	-1042.661	-1231.726	189.0651	1.558921	0.649571	0.9621037
13800	-1041.528	-1230.277	188.7494	1.591398	0.9856959	0.8374017
13806	-1048.08	-1236.834	188.7539	1.568373	0.9002548	0.9592504
13812	-1048.876	-1237.333	188.4566	1.291674	0.4950537	1.840997
13818	-1045.419	-1233.324	187.9048	1.182639	0.392011	2.395947
13824	-1042.805	-1231.356	188.5512	1.117169	0.392011	2.02021
13830	-1048.099	-1236.469	188.3692	1.111653	0.6640382	1.851007
13836	-1034.005	-1222.276	188.2709	1.019042	0.7204254	1.930517
13842	-1038.329	-1227.118	188.7887	1.222776	0.6314529	1.504506
13848	-1041.274	-1229.323	188.0498	1.004459	0.9443808	1.915674
13854	-1030.501	-1217.828	187.3269	0.9608178	1.340148	2.184399
13860	-1041.614	-1229.391	187.777	1.09623	0.74624	2.184399
13866	-1035.766	-1223.646	187.8802	1.085471	0.6745006	2.184399
13872	-1037.267	-1225.87	188.6028	1.273272	0.7356526	1.50249
13878	-1035.982	-1225.085	189.1026	1.525114	0.6604177	0.9426298
13884	-1045.443	-1234.196	188.7534	1.482774	0.9135374	1.031402
13890	-1039.39	-1228.115	188.7245	1.326868	0.7810387	1.323579
13896	-1045.81	-1233.954	188.1443	1.259927	1.167362	1.516621
13902	-1036.734	-1225.525	188.791	1.26928	0.7226443	1.373872
13908	-1052.761	-1240.702	187.9407	1.262824	1.238425	1.618609
13914	-1045.171	-1232.34	187.1692	0.9740483	0.8049906	2.601265
13920	-1041.815	-1229.259	187.4442	0.8020831	0.7943824	2.54505
13926	-1040.091	-1227.175	187.0841	0.8572337	1.083965	2.54505
13932	-1048.596	-1235.519	186.923	1.089049	1.796567	2.152187
13938	-1038.299	-1225.262	186.9626	0.8303565	1.796567	2.293492
13944	-1041.79	-1230.003	188.213	1.043523	0.9612062	1.764812
13950	-1043.435	-1231.33	187.8953	1.231095	0.9119405	1.890006
13956	-1052.004	-1239.58	187.5756	0.8844093	1.309004	2.088349
13962	-1045.948	-1233.299	187.3511	0.9759626	1.125183	2.277533
13968	-1040.18	-1227.929	187.7494	1.027759	0.9051469	2.127414
13974	-1039.418	-1227.659	188.2411	1.195783	0.9116053	1.67437
13980	-1051.673	-1240.044	188.3707	1.122808	0.9116053	1.63376
13986	-1040.049	-1228.584	188.5351	1.369411	0.9465096	1.292804
13992	-1052.439	-1241.17	188.7311	1.545551	0.8317075	1.07911
13998	-1044.692	-1233.914	189.2214	1.620522	0.4630728	1.032075
14004	-1048.04	-1236.709	188.669	1.681872	0.516392	1.377044
14010	-1054.79	-1242.79	188.0006	1.083931	0.8165192	1.989939
14016	-1061.101	-1248.902	187.8008	1.128395	0.6670967	2.214417
14022	-1045.129	-1231.951	186.8215	0.8568471	1.011236	2.750485
14028	-1048.823	-1235.773	186.9503	0.7799979	1.56194	2.433438
14034	-1033.549	-1221.489	187.9397	0.9800118	1.00718	1.963193
14040	-1048.236	-1236.451	188.2158	1.070147	0.7812411	1.88225
14046	-1042.587	-1230.587	187.9998	1.125995	1.158043	1.724088
14052	-1042.216	-1230.262	188.0468	1.303158	0.6146178	1.985998
14058	-1030.971	-1219.035	188.0642	1.25495	1.38063	1.446582
14064	-1037.601	-1226.05	188.4493	1.362213	0.963589	1.353313
14070	-1050.843	-1239.196	188.3525	1.362354	1.061091	1.353313
14076	-1035.768	-1224.476	188.708	1.4254	0.8736092	1.16578
14082	-1037.216	-1225.37	188.1543	1.38286	0.8807177	1.626473
14088	-1040.61	-1228.561	187.9517	1.11518	0.9300555	1.917317
14094	-1036.262	-1224.976	188.7146	1.089472	0.5964732	1.691915
14100	-1041.797	-1229.519	187.7218	1.160859	1.100081	1.928026
14106	-1049.098	-1236.664	187.5663	1.153111	1.597099	1.766269
14112	-1063.274	-1250.994	187.7195	0.9541361	0.977975	2.145255
14118	-1059.231	-1247.091	187.8598	0.8832972	1.040866	2.058703
14124	-1046.539	-1234.511	187.9719	1.037949	1.49422	1.612419
14130	-1048.544	-1236.734	188.1906	1.216174	1.263434	1.452136
14136	-1044.528	-1233.054	188.5265	1.581587	0.970984	1.095664
14142	-1052.364	-1240.687	188.3232	1.359955	1.717284	0.9143357
14148	-1046.123	-1234.351	188.2279	1.414222	1.561791	1.063962
14154	-1061.203	-1249.99	188.7863	1.533196	0.8993056	0.9632111
14160	-1051.272	-1240.349	189.077	1.628013	0.6540069	0.8659469
14166	-1054.955	-1243.982	189.0274	1.620757	0.6965727	0.8659469
14172	-1043.545	-1232.33	188.7852	1.55238	1.072033	0.7239965
14178	-1039.016	-1228.002	188.9861	1.308783	0.7009425	1.204898
14184	-1038.704	-1227.475	188.771	1.205734	0.9742175	1.208825
14190	-1056.754	-1245.127	188.3727	1.403473	1.036786	1.323137
14196	-1030.044	-1218.791	188.7479	1.312349	1.02367	1.091056
14202	-1033.325	-1221.677	188.352	1.570524	1.349781	0.9432946
14208	-1042.302	-1231.503	189.2001	1.66987	0.4164454	1.085336
14214	-1039.071	-1227.902	188.8311	1.553333	0.6270019	1.213824
14220	-1031.807	-1220.63	188.8238	1.420436	0.8413599	1.098881
14226	-1048.392	-1236.577	188.1845	1.420436	1.273386	1.289552
14232	-1038.305	-1226.634	188.3284	1.424379	1.051553	1.330419
14238	-1046.548	-1235.515	188.9678	1.372921	0.810894	1.041285
14244	-1046.056	-1234.128	188.0728	1.325893	0.9526837	1.670711
14250	-1033.788	-1220.817	187.0285	0.9522082	0.7973455	2.706938
14256	-1037.796	-1225.177	187.3805	0.8737575	0.8782387	2.48024
14262	-1049.981	-1236.58	186.5997	0.9759507	1.015731	2.810349
14268	-1049.555	-1236.86	187.3052	0.8442498	1.367779	2.259433
14274	-1061.965	-1249.895	187.9295	1.063644	0.9637021	1.943392
14280	-1051.732	-1240.139	188.4071	1.169253	0.9575143	1.538003
14286	-1045.244	-1232.674	187.4303	0.981907	1.289384	2.130265
14292	-1032.301	-1219.905	187.6037	1.143006	1.432868	1.830294
14298	-1022.342	-1211.29	188.9475	1.461593	0.6874515	1.120147
14304	-1032.501	-1221.157	188.6556	1.306735	0.8980913	1.287602
14310	-1037.374	-1225.908	188.5333	1.341812	0.8977491	1.358033
14316	-1028.801	-1217.84	189.0386	1.458623	0.6932223	1.03068
14322	-1032.383	-1221.187	188.8044	1.494871	0.9456052	0.9326363
14328	-1027.971	-1216.706	188.7344	1.709247	0.9504985	0.7467101
14334	-1036.154	-1225.062	188.9087	1.90945	0.628982	0.7641597
14340	-1038.673	-1227.626	188.9531	1.966702	0.6200553	0.5919779
14346	-1038.838	-1227.308	188.47	1.916971	1.090643	0.4299454
14352	-1036.296	-1225.205	188.9091	1.515567	0.7647083	1.013185
14358	-1049.618	-1238.067	188.4481	1.330879	0.8690642	1.456959
14364	-1048.901	-1238.307	189.406	1.515198	0.4194365	1.031463
14370	-1044.591	-1233.638	189.0461	1.574451	0.5246917	1.141918
14376	-1047.242	-1235.865	188.6225	1.551825	0.8610676	1.141918
14382	-1041.834	-1230.662	188.8284	1.509434	0.8610676	0.9875991
14388	-1048.504	-1237.754	189.2498	1.627823	0.4793109	0.9684124
14394	-1038.322	-1227.424	189.1024	1.589534	0.5680048	1.012354
14400	-1042.557	-1231.62	189.0635	1.388678	0.8121054	0.9264128
14406	-1049.647	-1238.614	188.9672	1.803356	0.7426839	0.4735163
14412	-1038.337	-1227.157	188.8206	1.901192	0.7825702	0.4735163
14418	-1038.295	-1227.331	189.036	1.975633	0.541508	0.6556597
14424	-1041.265	-1230.41	189.1451	1.899634	0.520638	0.6556597
14430	-1041.116	-1230.111	188.9944	1.899634	0.6095294	0.6864605
14436	-1041.658	-1230.876	189.2174	1.684709	0.5784864	0.7482355
14442	-1053.769	-1241.649	187.8796	1.691455	2.175436	0.696908
14448	-1048.158	-1237.104	188.9461	1.742358	0.7602755	0.696908
14454	-1050.207	-1238.996	188.7889	1.160474	0.5976793	1.586095
14460	-1044.223	-1232.676	188.4539	1.150355	0.8919466	1.56868
14466	-1039.98	-1227.895	187.9148	1.119745	1.082533	1.835731
14472	-1050.455	-1238.616	188.1606	0.9005203	0.9163546	1.93104
14478	-1053.5	-1241.649	188.1491	0.9564077	0.9050748	1.909199
14484	-1041.158	-1229.194	188.0356	0.9915309	0.9799887	1.909199
14490	-1039.566	-1226.987	187.4209	0.9536781	1.280355	2.15964
14496	-1034.148	-1222.291	188.1436	1.066551	1.046694	1.737559
14502	-1029.848	-1217.929	188.0811	1.162079	1.063751	1.702738
14508	-1025.29	-1213.092	187.8016	0.845081	1.123494	2.070911
14514	-1036.208	-1223.584	187.3764	1.063904	1.484988	2.011081
14520	-1047.722	-1235.945	188.2226	1.365401	0.7161259	1.729111
14526	-1026.556	-1215.173	188.6171	1.309013	0.7816339	1.421594
14532	-1037.166	-1225.679	188.5124	1.274986	1.00402	1.340006
14538	-1041.203	-1229.713	188.5109	1.327065	0.6299895	1.633375
14544	-1041.513	-1230.129	188.6166	1.287199	0.8128837	1.410259
14550	-1048.25	-1236.813	188.5633	1.410069	0.6486169	1.515165
14556	-1048.968	-1237.549	188.5805	1.409622	0.8607965	1.298429
14562	-1025.901	-1214.777	188.8756	1.436684	0.8840114	0.9877468
14568	-1030.631	-1219.192	188.5606	1.482351	0.9955633	1.132181
14574	-1031.92	-1220.527	188.6073	1.443585	1.093909	1.036365
14580	-1037.065	-1225.691	188.6262	1.416103	0.7034307	1.407134
14586	-1045.696	-1233.93	188.2339	1.305787	1.166624	1.414242
14592	-1048.052	-1236.413	188.3617	1.191165	0.8063739	1.675785
14598	-1044.833	-1233.592	188.7586	1.48747	0.7353359	1.209064
14604	-1041.371	-1229.957	188.5858	1.357192	0.7669325	1.422226
14610	-1046.11	-1234.841	188.7314	1.235975	0.7136355	1.454606
14616	-1047.175	-1235.42	188.2448	1.297448	0.8923554	1.613563
14622	-1048.03	-1236.475	188.4443	1.316759	0.7063024	1.614688
14628	-1048.942	-1236.245	187.3037	1.181647	2.133074	1.696248
14634	-1042.644	-1230.372	187.7272	0.8996953	1.206511	2.035102
14640	-1040.547	-1228.245	187.6983	0.9976391	1.03894	2.091018
14646	-1052.395	-1239.869	187.4743	1.003606	1.282352	2.091018
14652	-1051.459	-1239.119	187.6607	0.8552513	1.345335	2.032085
14658	-1048.458	-1235.209	186.751	0.9063367	1.345335	2.580959
14664	-1040.494	-1227.519	187.025	0.8598099	1.048934	2.600823
14670	-1031.14	-1219.04	187.8998	0.7929633	1.048934	2.086736
14676	-1039.831	-1227.28	187.4483	0.9329577	1.048291	2.289071
14682	-1031.299	-1219.055	187.7554	0.9761945	0.7295239	2.289071
14688	-1024.499	-1212.334	187.8349	0.9108233	0.7247072	2.283983
14694	-1028.5	-1216.746	188.2468	1.130057	0.753342	1.843293
14700	-1032.997	-1221.068	188.0703	1.338779	0.4029135	2.176552
14706	-1043.653	-1232.369	188.7158	1.327565	0.4622052	1.673892
14712	-1043.419	-1231.79	188.371	1.16422	0.8238144	1.673892
14718	-1047.506	-1235.457	187.9509	1.199735	1.271063	1.636902
14724	-1024.874	-1212.993	188.1183	1.152633	0.6455928	2.009706
14730	-1043.795	-1231.582	187.7872	1.200363	1.109696	1.850584
14736	-1032.745	-1221.153	188.4083	1.365966	1.109696	1.26838
14742	-1037.014	-1225.848	188.8346	1.569217	0.8938721	0.8773011
14748	-1028.886	-1217.656	188.7695	1.565038	0.9151067	0.9292744
14754	-1033.068	-1221.598	188.5298	1.33149	0.9121774	1.356611
14760	-1042.108	-1230.79	188.6815	1.204938	0.9433638	1.310139
14766	-1056.072	-1244.415	188.3428	1.23881	1.213088	1.349531
14772	-1049.58	-1237.835	188.2549	1.311371	1.396606	1.239606
14778	-1047.72	-1236.077	188.3569	1.177827	1.018397	1.523283
14784	-1044.244	-1232.518	188.2731	1.302775	1.068844	1.455532
14790	-1043.338	-1232.195	188.8569	1.427305	0.7999478	1.106229
14796	-1046.931	-1235.787	188.8569	1.427305	0.7999478	1.106229
14802	-1041.308	-1230.305	188.9972	1.675747	0.7999478	0.6316831
14808	-1049.955	-1238.889	188.9339	1.93606	0.6576012	0.5843622
14814	-1048.146	-1236.494	188.3482	2.101648	0.9652678	0.3345505
14820	-1042.496	-1231.041	188.5454	2.130793	0.7628292	0.3345505
14826	-1039.616	-1228.103	188.4864	2.189826	0.7628292	0.3345505
14832	-1041.775	-1230.654	188.8787	1.614813	0.8284513	0.8578176
14838	-1050.324	-1238.773	188.4489	1.576128	1.113257	1.044004
14844	-1047.709	-1236.551	188.8422	1.392228	0.6422273	1.320162
14850	-1045.042	-1234.026	188.9839	1.395864	0.8360238	0.973718
14856	-1031.802	-1220.765	188.9628	1.782754	0.745291	0.6154029
14862	-1039.371	-1228.227	188.8564	1.912046	0.745291	0.4877803
14868	-1045.787	-1234.687	188.8996	2.023137	0.6172002	0.4152301
14874	-1047.029	-1235.369	188.3402	2.015007	1.081064	0.3560468
14880	-1032.205	-1220.966	188.7608	1.958769	0.785241	0.4846032
14886	-1050.028	-1238.945	188.9164	1.837364	0.7555883	0.4674529
14892	-1048.694	-1237.602	188.9083	1.776545	0.7939704	0.6195887
14898	-1045.475	-1234.167	188.6919	1.522422	1.068846	0.8908411
14904	-1044.924	-1233.933	189.0092	1.564683	0.7378229	0.8908411
14910	-1051.257	-1239.202	187.9456	1.008076	1.008525	1.939462
14916	-1039.271	-1227.109	187.8375	0.9861461	0.9853125	2.041829
14922	-1047.594	-1235.612	188.0181	1.079101	1.575127	1.505091
14928	-1055.852	-1243.971	188.1188	1.242676	0.7684871	1.841133
14934	-1057.205	-1244.61	187.4054	1.002329	1.496716	2.026947
14940	-1052.425	-1240.062	187.6369	1.009319	0.8406576	2.258496
14946	-1049.041	-1238.052	189.0101	1.284878	0.5477275	1.381914
14952	-1053.127	-1242.233	189.1057	1.465837	0.6500043	1.014604
14958	-1045.515	-1234.927	189.4118	1.460203	0.4561039	1.014604
14964	-1042.034	-1230.608	188.5746	1.273775	0.7492716	1.510528
14970	-1045.261	-1234.513	189.2524	1.572118	0.5505847	0.9012325
14976	-1041.201	-1229.697	188.4968	1.489216	1.122626	1.072814
14982	-1030.05	-1218.851	188.8012	1.459058	0.571228	1.381008
14988	-1038.341	-1226.349	188.0084	1.246278	1.108502	1.664629
14994	-1040.011	-1228.628	188.6168	1.656776	1.072043	0.8154976
15000	-1044.86	-1233.32	188.4608	1.901959	1.092605	0.6402949
15006	-1056.466	-1245.418	188.9517	1.779081	0.7697548	0.5654428
15012	-1037.034	-1225.946	188.9128	1.774309	0.7697548	0.6782803
15018	-1036.245	-1225.407	189.1623	1.402325	0.4464179	1.301297
15024	-1024.861	-1213.45	188.5891	1.293961	1.002046	1.263929
15030	-1030.104	-1219.294	189.1896	1.549364	0.4824911	1.097611
15036	-1046.528	-1234.957	188.4289	1.447344	0.7818234	1.45955
15042	-1041.04	-1229.756	188.7162	1.42821	0.8694766	1.160084
15048	-1039.024	-1227.602	188.5781	1.250151	0.7405613	1.533586
15054	-1050.58	-1239.561	188.9808	1.264236	0.5716989	1.392403
15060	-1047.72	-1236.698	188.9783	1.152289	0.6670367	1.375786
15066	-1046.152	-1234.817	188.665	1.411065	0.8418468	1.245161
15072	-1035.073	-1223.222	188.1492	1.046812	0.6328504	2.071061
15078	-1036.923	-1224.935	188.0114	1.165362	1.227707	1.644493
15084	-1041.552	-1229.574	188.0226	0.9072862	0.9491082	1.995883
15090	-1042.105	-1230.441	188.3353	1.158152	0.7332066	1.780074
15096	-1049.456	-1237.855	188.3993	1.094169	0.7332066	1.780074
15102	-1035.55	-1223.489	187.939	1.073532	1.195686	1.780074
15108	-1046.016	-1233.775	187.7586	1.030831	1.108322	1.985506
15114	-1043.199	-1231.346	188.1465	0.9930853	0.7756571	1.985506
15120	-1045.56	-1234.222	188.6627	1.392535	0.612206	1.492152
15126	-1052.832	-1241.166	188.3343	1.392535	1.039499	1.360333
15132	-1038.14	-1227.01	188.8698	1.651301	0.6665114	1.041894
15138	-1043.782	-1232.713	188.9306	1.662989	0.8488103	0.6799973
15144	-1045.314	-1234.261	188.9474	1.345597	0.6463762	1.267728
15150	-1056.087	-1244.698	188.6112	1.24098	1.112834	1.200468
15156	-1033.491	-1221.983	188.4915	1.411651	1.062756	1.197018
15162	-1034.481	-1223.357	188.8757	1.515081	0.6709367	1.15609
15168	-1029.987	-1219.023	189.0358	1.507195	0.6709367	1.014784
15174	-1039.1	-1228.168	189.0682	1.786608	0.4625441	1.020375
15180	-1048.862	-1236.974	188.1119	0.9809651	1.23513	1.699793
15186	-1036.991	-1224.724	187.7327	1.085964	0.9485424	2.070071
15192	-1037.311	-1225.149	187.8381	1.030262	0.7364997	2.195431
15198	-1035.247	-1222.577	187.3301	0.9951612	1.527171	2.066819
15204	-1034.573	-1221.439	186.8668	1.153878	1.030254	2.52773
15210	-1036.196	-1223.395	187.1985	0.8901884	1.060205	2.46705
15216	-1038.297	-1225.225	186.9274	0.8489568	1.060205	2.661085
15222	-1037.784	-1224.256	186.472	0.8220202	1.060205	2.95458
15228	-1045.81	-1234.045	188.2353	0.9405302	0.6956866	2.028192
15234	-1056.251	-1244.202	187.9511	1.173828	1.140231	1.735964
15240	-1035.672	-1224.113	188.4405	1.355588	0.9290399	1.393749
15246	-1026.616	-1215.451	188.8354	1.389896	0.7417174	1.219912
15252	-1038.26	-1226.934	188.6742	1.382123	0.545799	1.564958
15258	-1030.509	-1218.611	188.1023	1.280155	1.107436	1.57289
15264	-1030.018	-1218.442	188.4247	1.032712	0.8226236	1.729904
15270	-1036.994	-1225.206	188.2122	1.196713	0.8653872	1.729904
15276	-1046.036	-1234.242	188.2058	1.033586	0.8485491	1.860498
15282	-1044.544	-1232.452	187.9081	0.9812529	1.146865	1.89447
15288	-1044.75	-1232.78	188.0297	0.9876884	0.9880125	1.910287
15294	-1039.851	-1227.89	188.0385	1.173118	0.9880125	1.777039
15300	-1037.216	-1224.919	187.7029	0.8993564	0.801113	2.31595
15306	-1037.295	-1225.214	187.9194	1.003598	0.7306712	2.16477
15312	-1049.227	-1237.553	188.3262	0.9901663	0.8021224	1.844463
15318	-1044.622	-1232.707	188.0849	1.210108	1.302793	1.511881
15324	-1041.159	-1229.966	188.8074	1.619518	0.9367766	0.7911631
15330	-1039.746	-1228.692	188.946	1.697735	0.6257695	0.9760072
15336	-1032.916	-1221.692	188.7764	1.552916	0.9853617	0.8518792
15342	-1042.672	-1231.19	188.518	1.483719	1.15589	1.02909
15348	-1038.293	-1226.986	188.6926	1.483719	1.244092	0.7351788
15354	-1034.578	-1223.578	188.9997	1.510902	0.8457145	0.8118348
15360	-1044.998	-1233.899	188.9018	1.39124	0.7126268	1.193484
15366	-1034.903	-1223.445	188.5426	1.228665	1.105917	1.273731
15372	-1041.604	-1229.972	188.3682	1.044719	1.105917	1.551547
15378	-1039.609	-1227.9	188.2912	1.10953	1.128097	1.545456
15384	-1045.043	-1233.428	188.3854	1.231117	0.9242588	1.534061
15390	-1040.832	-1229.022	188.1904	1.307607	1.283473	1.368515
15396	-1045.047	-1233.738	188.6909	1.405906	1.082812	1.001533
15402	-1039.209	-1228.071	188.8623	1.623451	0.811392	0.8899376
15408	-1050.355	-1239.183	188.8281	1.623451	0.9309681	0.7652095
15414	-1046.071	-1235.209	189.1381	1.804565	0.5646982	0.7169609
15420	-1044.463	-1233.416	188.9527	1.763139	0.7726014	0.6048915
15426	-1032.577	-1221.598	189.0214	1.781204	0.7052944	0.597638
15432	-1041.937	-1231.035	189.0987	1.878866	0.5560555	0.6786622
15438	-1044.756	-1233.769	189.013	1.798297	0.6884817	0.6329576
15444	-1035.586	-1224.552	188.9659	1.841171	0.6884817	0.6426662
15450	-1041.13	-1230.05	188.9203	1.934013	0.6746849	0.5539124
15456	-1038.085	-1227.113	189.0278	1.934013	0.596906	0.4451347
15462	-1034.112	-1223.061	188.9492	1.987127	0.618993	0.4932085
15468	-1036.613	-1225.488	188.8747	1.867613	0.7658538	0.5241537
15474	-1023.596	-1211.511	187.9146	1.083519	0.81174	2.051048
15480	-1046.303	-1234.399	188.0965	1.277968	0.4691112	2.120619
15486	-1046.571	-1235.249	188.6778	1.216388	0.4691112	1.770557
15492	-1044.242	-1232.814	188.5719	1.675778	1.039416	0.8849742
15498	-1035.566	-1224.658	189.092	1.556869	0.6835892	0.8849742
15504	-1023.086	-1211.956	188.8707	1.470709	0.9462421	0.8849742
15510	-1029.726	-1218.625	188.8988	1.354634	0.7982878	1.135775
15516	-1026.752	-1215.722	188.9698	1.309526	0.6413011	1.284734
15522	-1045.91	-1234.859	188.9489	1.172311	0.7245101	1.32351
15528	-1038.356	-1226.549	188.1925	1.280906	0.8133561	1.726214
15534	-1047.865	-1236.428	188.5629	1.241675	0.6288337	1.658488
15540	-1059.847	-1248.262	188.4153	1.27709	0.5734912	1.794057
15546	-1041.11	-1230.025	188.9141	1.564976	0.5756942	1.196561
15552	-1035.448	-1223.873	188.4255	1.370266	1.037326	1.306843
15558	-1031.599	-1220.112	188.5133	1.271092	0.7094009	1.594818
15564	-1024.287	-1212.644	188.357	1.103906	0.7353124	1.800867
15570	-1051.557	-1239.076	187.5189	0.959126	1.139529	2.171704
15576	-1054.735	-1241.645	186.9096	0.7804316	0.8508773	2.846482
15582	-1045.804	-1234.253	188.4487	0.9985451	0.7003353	1.841056
15588	-1036.803	-1225.389	188.5864	1.226985	0.7003353	1.582254
15594	-1044.514	-1232.618	188.1037	1.300606	0.7034958	1.867655
15600	-1041.37	-1229.568	188.1972	1.227831	0.9788008	1.632577
15606	-1042.976	-1231.414	188.4385	1.151332	0.8738193	1.593791
15612	-1036.505	-1225.439	188.9336	1.281361	0.6292622	1.35018
15618	-1042.505	-1230.732	188.2273	1.105273	1.304418	1.482694
15624	-1035.53	-1223.978	188.4487	1.095287	0.6248188	1.844912
15630	-1040.932	-1229.518	188.5854	1.038533	0.6077508	1.806627
15636	-1058.794	-1246.557	187.7627	1.05467	0.5946371	2.351127
15642	-1052.277	-1239.893	187.6153	0.9632483	1.057023	2.156358
15648	-1049.836	-1236.766	186.9305	0.9504522	1.849069	2.215704
15654	-1048.363	-1236.544	188.1809	1.088319	0.5521436	2.100804
15660	-1048.227	-1235.856	187.6289	1.435755	1.71955	1.455182
15666	-1045.393	-1232.68	187.2866	1.020756	0.7661617	2.528192
15672	-1034.733	-1222.71	187.9762	1.161445	0.937374	1.863918
15678	-1027.436	-1215.83	188.3939	1.101377	0.7347929	1.777462
15684	-1038.945	-1225.837	186.8921	0.8868316	1.624999	2.374853
15690	-1042.759	-1230.67	187.9106	0.8478996	0.8811515	2.15665
15696	-1034.901	-1222.63	187.7292	0.8840021	0.8510519	2.272101
15702	-1044.082	-1231.399	187.3173	0.9405998	1.212513	2.272101
15708	-1049.452	-1237.174	187.7227	1.050648	1.026673	2.047847
15714	-1036.194	-1223.948	187.754	0.9490802	0.8330835	2.22744
15720	-1048.642	-1235.301	186.6591	1.026336	1.422696	2.525893
15726	-1039.259	-1225.827	186.5686	0.7607748	1.422696	2.745605
15732	-1041.024	-1228.484	187.4596	0.8708988	0.9062562	2.413194
15738	-1041.491	-1228.253	186.7616	0.8878853	1.451864	2.534519
15744	-1029.898	-1217.608	187.7099	1.097885	0.6145488	2.338943
15750	-1040.126	-1228.663	188.5371	1.032367	0.7353437	1.725028
15756	-1047.162	-1235.335	188.1731	1.186642	0.7353437	1.870358
15762	-1042.875	-1231.66	188.7842	1.33766	0.7864583	1.260797
15768	-1043.202	-1231.085	187.8833	1.018843	0.8137839	2.112599
15774	-1038.943	-1226.877	187.9337	1.03191	0.7225023	2.14374
15780	-1034.918	-1222.888	187.9701	1.137391	0.7040707	2.066232
15786	-1037.155	-1225.065	187.9099	0.9922075	1.188515	1.860499
15792	-1041.776	-1230.083	188.3072	1.443416	1.033496	1.346096
15798	-1038.581	-1227.736	189.1543	1.757388	0.4422776	0.9996768
15804	-1036.787	-1225.724	188.9366	1.709912	0.6829517	0.8886191
15810	-1044.209	-1233.099	188.8899	1.677942	0.8882865	0.6427849
15816	-1036.985	-1225.666	188.681	1.569704	0.9111668	1.019743
15822	-1029.71	-1218.281	188.5713	1.456438	0.929507	1.204914
15828	-1030.197	-1218.914	188.7167	1.528114	0.8875176	1.050232
15834	-1043.389	-1232.211	188.8218	1.386279	0.7620742	1.213186
15840	-1027.162	-1215.845	188.6829	1.269814	0.9096237	1.285285
15846	-1029.716	-1218.502	188.7861	1.587325	0.729415	1.10334
15852	-1031.367	-1220.056	188.6884	1.574265	0.8677187	1.054004
15858	-1032.705	-1221.278	188.5733	1.574265	0.8478762	1.17846
15864	-1047.608	-1236.539	188.9306	1.520195	0.7392889	1.018379
15870	-1052.075	-1240.679	188.6039	1.383468	1.022114	1.158038
15876	-1029.268	-1218.3	189.032	1.380294	0.6533619	1.158038
15882	-1028.58	-1217.217	188.6366	1.417659	1.176908	0.957301
15888	-1023.521	-1211.932	188.4107	1.303262	1.104742	1.321222
15894	-1040.648	-1228.417	187.7683	1.259893	1.088316	1.836374
15900	-1038.342	-1226.426	188.0847	1.227402	1.056032	1.658979
15906	-1041.694	-1229.82	188.1252	1.127531	1.014382	1.729874
15912	-1029.567	-1217.235	187.6684	1.106621	0.6751068	2.30652
15918	-1035.476	-1222.647	187.1713	1.086305	0.8959568	2.466018
15924	-1024.901	-1212.406	187.5049	0.9385866	1.065103	2.238818
15930	-1035.212	-1223.134	187.9221	0.8963852	0.8089304	2.170903
15936	-1042.396	-1230.875	188.4785	1.108452	0.8089304	1.649246
15942	-1046.257	-1234.698	188.4414	1.053119	0.700653	1.808251
15948	-1035.007	-1223.282	188.2746	1.126103	0.9655684	1.659777
15954	-1049.457	-1237.251	187.7948	0.7240579	0.7511802	2.407046
15960	-1057.244	-1244.08	186.8362	0.8570287	1.562527	2.456473
15966	-1046.194	-1233.638	187.4439	1.060054	0.7009893	2.456473
15972	-1043.293	-1230.794	187.5007	0.8748007	1.199053	2.20386
15978	-1046.789	-1234.278	187.4886	0.9613229	1.11604	2.20386
15984	-1038.034	-1226.532	188.4974	1.17029	1.008093	1.430459
15990	-1035.12	-1222.551	187.4311	0.8393246	1.392887	2.168645
15996	-1040.939	-1227.633	186.6942	0.7060769	0.7495846	3.092635
16002	-1051.12	-1237.402	186.2821	0.6905405	1.07377	3.139101
16008	-1039.97	-1226.635	186.6648	0.7533412	1.237273	2.782708
16014	-1025.64	-1212.92	187.2806	0.8624813	0.8788898	2.549206
16020	-1029.387	-1217.472	188.0844	0.9096022	0.9105078	1.980325
16026	-1045.665	-1233.777	188.1128	0.9915682	0.7414521	2.036816
16032	-1023.408	-1212.28	188.8714	1.426102	0.7702505	1.126376
16038	-1032.608	-1220.728	188.1198	1.192781	0.8772096	1.788022
16044	-1037.364	-1225.766	188.402	1.099093	0.7307523	1.776959
16050	-1039.392	-1227.275	187.8835	1.103403	0.7056181	2.143998
16056	-1055.141	-1242.655	187.5136	1.039163	1.104432	2.143998
16062	-1043.632	-1232.532	188.9004	1.269977	0.4775845	1.562797
16068	-1038.73	-1227.512	188.782	1.397813	0.916181	1.082305
16074	-1038.155	-1227.185	189.0296	1.388703	0.5916706	1.228145
16080	-1048.256	-1236.221	187.9659	1.222982	1.226379	1.636572
16086	-1036.013	-1224.283	188.2697	1.226635	1.226379	1.407397
16092	-1041.395	-1229.695	188.3001	1.334992	0.9650761	1.488318
16098	-1051.8	-1240.457	188.6566	1.453115	0.9100202	1.151728
16104	-1046.263	-1234.538	188.2747	1.449792	0.9106698	1.463882
16110	-1040	-1228.266	188.266	1.390525	0.9757688	1.463882
16116	-1044.348	-1232.823	188.4747	1.390611	0.7862339	1.463882
16122	-1039.961	-1228.33	188.3684	1.169322	1.218928	1.380166
16128	-1035.296	-1224.319	189.023	1.417053	0.4657654	1.373604
16134	-1046.003	-1234.333	188.3298	1.207193	1.255525	1.356154
16140	-1040.957	-1229.345	188.3884	1.06279	1.255775	1.423004
16146	-1036.203	-1224.945	188.7413	1.308099	1.064122	1.064674
16152	-1037.709	-1226.085	188.376	1.135462	0.762049	1.742563
16158	-1038.135	-1225.744	187.6085	1.122972	1.212925	1.961639
16164	-1038.605	-1227.136	188.531	1.297926	1.073387	1.2512
16170	-1038.021	-1226.398	188.3768	1.106433	0.8907022	1.657373
16176	-1035.994	-1224.446	188.4518	1.068922	0.8668941	1.64929
16182	-1045.427	-1233.81	188.3823	1.334482	0.947756	1.439925
16188	-1045.733	-1233.242	187.5082	1.103914	1.078134	2.121349
16194	-1046.339	-1234.911	188.5719	1.137658	0.6906645	1.666405
16200	-1037.42	-1225.467	188.0472	1.192349	1.402332	1.494128
16206	-1038.88	-1227.674	188.7944	1.43656	0.6270034	1.339998
16212	-1037.678	-1226.488	188.8095	1.43656	0.7285321	1.216294
16218	-1039.82	-1228.618	188.7985	1.315344	0.6107335	1.44931
16224	-1039.011	-1227.83	188.8195	1.360699	0.6600777	1.343959
16230	-1042.172	-1231.065	188.8929	1.596325	0.7931841	0.9101547
16236	-1047.779	-1236.092	188.3139	1.387869	0.7931841	1.579535
16242	-1053.493	-1240.298	186.8055	0.7202477	0.9955472	2.852872
16248	-1045.169	-1232.44	187.2705	0.8440372	0.9955472	2.490594
16254	-1058.992	-1246.909	187.9167	0.8211116	0.7570578	2.263143
16260	-1044.37	-1231.041	186.6711	0.7970945	1.163351	2.791425
16266	-1046.524	-1234.469	187.9455	0.9217824	0.8728322	2.09153
16272	-1033.633	-1221.41	187.7769	0.9305178	0.9262805	2.158171
16278	-1036.809	-1224.527	187.7178	0.9586368	0.9558914	2.158171
16284	-1039.112	-1227.071	187.9594	1.155194	1.381375	1.598564
16290	-1036.65	-1224.767	188.1166	1.155194	0.9557288	1.758045
16296	-1035.332	-1223.029	187.697	1.179712	1.154985	1.898074
16302	-1037.22	-1225.534	188.314	1.328269	0.916773	1.520801
16308	-1037.633	-1226.272	188.6387	1.387771	0.8790717	1.251787
16314	-1040.044	-1228.324	188.2804	1.402458	1.248584	1.242361
16320	-1049.214	-1238.263	189.0496	1.512135	0.7286298	0.9174596
16326	-1041.496	-1230.363	188.8671	1.783766	0.7769783	0.7260288
16332	-1048.666	-1237.421	188.7551	1.627119	1.006981	0.752686
16338	-1051.6	-1240.803	189.2023	1.925381	0.4390204	0.752686
16344	-1043.356	-1232.579	189.2231	1.792113	0.4390204	0.8962437
16350	-1046.301	-1235.566	189.2651	1.738586	0.2867571	1.209783
16356	-1045.753	-1233.942	188.1891	1.395311	1.452031	1.188176
16362	-1045.824	-1234.171	188.3471	1.256546	1.237311	1.315237
16368	-1049.728	-1238.203	188.475	1.306218	1.237311	1.166436
16374	-1040.323	-1228.775	188.4511	1.209349	1.075045	1.385717
16380	-1045.485	-1233.927	188.4416	1.135421	1.075045	1.450138
16386	-1047.018	-1234.841	187.8224	1.103742	1.199037	1.837727
16392	-1044.084	-1231.243	187.1591	0.9442131	0.8971401	2.561514
16398	-1037.25	-1225.154	187.9048	0.9653162	0.9966895	2.003394
16404	-1053.313	-1241.582	188.2682	1.29575	1.018489	1.501402
16410	-1052.215	-1240.983	188.7677	1.570394	0.9421922	0.8936339
16416	-1046.693	-1235.323	188.6298	1.57691	1.163856	0.7922827
16422	-1033.431	-1222.36	188.9298	1.627333	0.8180196	0.7922827
16428	-1046.982	-1236.096	189.1135	1.642147	0.65167	0.8068913
16434	-1048.859	-1238.083	189.2238	1.801665	0.4906926	0.7707003
16440	-1046.231	-1235.517	189.286	1.75899	0.4313306	0.8781432
16446	-1047.554	-1236.823	189.2688	1.882469	0.460871	0.641749
16452	-1040.693	-1229.801	189.1077	1.793794	0.588294	0.7266195
16458	-1054.392	-1243.497	189.1057	1.67716	0.6134757	0.8403256
16464	-1040.936	-1229.795	188.8594	1.67716	0.8711386	0.734686
16470	-1037.591	-1226.556	188.9655	1.883909	0.678938	0.4532373
16476	-1034.082	-1223.083	189.0004	1.916603	0.5962825	0.6793269
16482	-1030.423	-1219.191	188.7676	1.39161	0.3785156	1.702597
16488	-1033.36	-1222.026	188.6658	1.075312	0.7466415	1.592042
16494	-1041.093	-1229.737	188.6441	1.561169	0.6930406	1.288329
16500	-1037.307	-1226.001	188.6939	1.339699	0.9585896	1.173647
16506	-1047.319	-1235.909	188.5891	1.233125	0.9585896	1.348928
16512	-1043.226	-1232.182	188.9563	1.314435	0.6554029	1.275926
16518	-1033.044	-1221.942	188.8973	1.385665	0.5655702	1.369904
16524	-1029.248	-1218.077	188.8295	1.484276	0.4550917	1.485106
16530	-1038.411	-1227.08	188.6693	1.597435	0.8061615	1.115481
16536	-1036.794	-1225.222	188.4273	1.597435	0.9569659	1.182752
16542	-1038.797	-1227.952	189.1552	1.792284	0.5089965	0.8340241
16548	-1038.787	-1228.103	189.3155	1.60137	0.4633105	0.956221
16554	-1050.544	-1238.803	188.2589	1.635595	1.481586	0.8611341
16560	-1055.659	-1243.24	187.5808	1.36778	1.284101	1.772245
16566	-1037.925	-1225.011	187.0854	1.071941	0.7959849	2.599071
16572	-1034.566	-1221.999	187.4332	0.9590476	0.6150649	2.599071
16578	-1033.22	-1220.948	187.7282	1.029548	0.5417663	2.439313
16584	-1036.753	-1224.357	187.6042	0.875031	1.080039	2.20657
16590	-1038.067	-1226.471	188.4047	1.176148	0.9631328	1.530403
16596	-1032.974	-1221.076	188.1018	1.235994	1.102525	1.608831
16602	-1039.717	-1227.786	188.0686	1.143233	1.244496	1.608831
16608	-1040.266	-1228.774	188.5084	1.126844	0.5881184	1.81854
16614	-1037.592	-1225.89	188.2976	1.205107	0.6220409	1.875787
16620	-1042.282	-1230.178	187.8961	1.280559	0.8848109	1.875787
16626	-1055.308	-1242.996	187.6885	0.8595678	0.9499336	2.245222
16632	-1053.401	-1241.21	187.8094	1.084593	0.9055442	2.050366
16638	-1035.189	-1223.292	188.1026	1.059126	0.6809842	2.050366
16644	-1037.83	-1225.533	187.7026	0.9873063	1.044281	2.0916
16650	-1040.157	-1229.056	188.8991	1.511846	0.8377816	0.9389093
16656	-1043.758	-1232.583	188.8246	1.529152	0.7778033	1.066266
16662	-1044.325	-1233.118	188.7935	1.454562	0.7778033	1.162155
16668	-1047.545	-1236.294	188.7487	1.401669	0.9962495	1.031601
16674	-1046.982	-1235.614	188.6316	1.347031	0.9962495	1.188101
16680	-1044.009	-1232.639	188.6297	1.338859	0.9151712	1.267377
16686	-1049.581	-1238.297	188.7152	1.317585	0.5884266	1.534729
16692	-1042.572	-1231.284	188.7118	1.291429	0.9053352	1.247388
16698	-1054.948	-1243.436	188.488	1.302073	0.9053352	1.418101
16704	-1045.411	-1234.044	188.6332	1.322638	0.8070716	1.374911
16710	-1038.191	-1227.003	188.8116	1.277482	0.7493506	1.32433
16716	-1037.383	-1225.856	188.4727	1.278308	1.252121	1.181764
16722	-1052.281	-1241.084	188.8028	1.101145	0.8470242	1.379563
16728	-1044.569	-1233.25	188.6804	1.276208	0.6887762	1.487255
16734	-1042.031	-1230.59	188.5592	1.348121	0.7579058	1.457995
16740	-1035.277	-1223.961	188.6844	1.301323	0.6435936	1.511112
16746	-1036.827	-1225.429	188.6012	1.194712	0.830096	1.477499
16752	-1032.556	-1220.97	188.414	1.053238	0.9599939	1.616055
16758	-1047.925	-1236.216	188.2909	1.307312	0.4521067	1.992431
16764	-1032.992	-1221.497	188.505	1.146033	1.078721	1.39039
16770	-1039.344	-1227.807	188.463	1.03247	1.231372	1.40475
16776	-1041.529	-1230.02	188.4912	1.180493	0.9858559	1.444478
16782	-1053.076	-1240.184	187.1077	0.8129379	1.32918	2.424485
16788	-1062.923	-1250.245	187.322	0.9058896	0.7661317	2.577629
16794	-1042.027	-1230.9	188.8732	2.037982	0.6368603	0.5071469
16800	-1035.835	-1224.72	188.8854	1.856162	0.6368603	0.8504738
16806	-1042.192	-1231.299	189.1072	1.779267	0.5387596	0.8504738
16812	-1048.122	-1237.528	189.4055	1.542442	0.4637235	0.9221644
16818	-1054.177	-1242.323	188.1464	1.627001	1.581785	0.9168025
16824	-1051.311	-1239.818	188.5065	1.909853	1.025227	0.663815
16830	-1052.285	-1240.642	188.3571	1.909853	1.237079	0.5097963
16836	-1049.843	-1238.904	189.0615	1.668024	0.6704995	0.8076426
16842	-1052.113	-1241.038	188.9258	1.605067	0.8615218	0.7595138
16848	-1044.637	-1233.692	189.0552	1.738345	0.7224371	0.5456238
16854	-1047.339	-1236.472	189.1335	1.80694	0.609724	0.5712736
16860	-1048.844	-1237.91	189.0656	1.942742	0.5535243	0.6201465
16866	-1030.342	-1219.257	188.916	1.81483	0.7335595	0.6801594
16872	-1044.298	-1232.87	188.5713	1.81483	1.084025	0.6006937
16878	-1036.763	-1225.727	188.9645	1.777672	0.7522493	0.6006937
16884	-1037.147	-1226.148	189.0005	1.761755	0.6942549	0.7136825
16890	-1034.448	-1223.392	188.9445	1.812935	0.6993779	0.7106041
16896	-1025.936	-1215.046	189.1103	1.662137	0.6993779	0.6841792
16902	-1020.742	-1209.594	188.8512	1.603651	0.953423	0.724429
16908	-1036.604	-1225.026	188.423	1.455028	1.359592	0.9815437
16914	-1027.97	-1216.537	188.5672	1.455028	1.044177	1.107618
16920	-1046.132	-1234.833	188.7012	1.337044	0.7429538	1.37109
16926	-1037.178	-1225.225	188.047	0.9647966	1.057052	1.867899
16932	-1035.437	-1223.849	188.4114	1.028862	0.6415531	1.899689
16938	-1050.693	-1238.829	188.136	1.203193	0.6415531	1.96783
16944	-1059.223	-1245.965	186.7423	0.9474884	0.7481199	2.920094
16950	-1048.451	-1235.83	187.3789	0.8930135	1.285361	2.223462
16956	-1054.053	-1241.697	187.6443	1.062644	1.061166	2.069694
16962	-1044.763	-1232.336	187.5728	1.067555	1.084389	2.098996
16968	-1033.204	-1221.338	188.1339	1.202145	0.8754002	1.773126
16974	-1036.553	-1225.232	188.6792	1.304299	0.6027561	1.555616
16980	-1033.379	-1221.971	188.5911	1.262971	0.8279335	1.435154
16986	-1030.763	-1219.212	188.4498	1.331104	0.9172416	1.415317
16992	-1024.502	-1213.285	188.7831	1.374597	0.6365375	1.387266
16998	-1043.003	-1230.502	187.4995	1.325028	1.566644	1.70754
17004	-1046.387	-1234.114	187.7267	1.102901	1.07638	1.978623
17010	-1047.061	-1234.591	187.5294	0.8616022	1.340286	2.117054
17016	-1035.252	-1222.811	187.5589	1.122871	1.206927	1.998377
17022	-1045.428	-1233.396	187.9685	1.120842	0.7240889	2.061227
17028	-1048.91	-1236.682	187.772	0.941242	1.245902	1.954936
17034	-1053.539	-1241.406	187.8672	1.227869	1.069462	1.802588
17040	-1052.699	-1240.563	187.8635	1.393656	1.287549	1.549326
17046	-1035.545	-1222.877	187.3324	1.00585	1.25697	2.19588
17052	-1038.472	-1225.92	187.4482	0.943192	0.7274612	2.505711
17058	-1049.863	-1237.309	187.4461	1.109074	0.9662542	2.229779
17064	-1050.256	-1238.077	187.8212	1.035506	0.960363	2.036815
17070	-1047.271	-1235.891	188.6201	1.158188	0.960363	1.382164
17076	-1053.248	-1241.604	188.3562	1.340876	0.9078555	1.486945
17082	-1049.094	-1237.629	188.5345	1.167133	1.076822	1.351947
17088	-1032.752	-1221.354	188.6018	1.584277	0.9344296	1.058213
17094	-1045.574	-1234.197	188.6225	1.746975	1.045308	0.7136503
17100	-1043.514	-1232.159	188.6457	1.746975	1.076619	0.602036
17106	-1039.738	-1228.59	188.8514	1.746975	0.881946	0.5772327
17112	-1054.223	-1242.967	188.744	1.845148	0.8739104	0.6299426
17118	-1045.918	-1234.1	188.1825	1.224663	1.067227	1.582448
17124	-1034.068	-1222.787	188.7185	1.255969	0.6866403	1.475906
17130	-1036.168	-1224.515	188.3469	1.215062	1.091408	1.449907
17136	-1038.672	-1227.458	188.7854	1.406651	0.8667571	1.120357
17142	-1046.765	-1235.365	188.6	1.379425	1.074169	1.120357
17148	-1037.842	-1226.264	188.4225	1.278189	1.074169	1.354739
17154	-1031.72	-1219.956	188.2366	1.010469	0.8075079	1.887496
17160	-1034.352	-1222.483	188.1305	1.090104	0.6644514	2.02604
17166	-1043.449	-1231.736	188.2875	1.24475	0.8863151	1.625582
17172	-1038.784	-1227.437	188.6523	1.467745	0.6159671	1.438862
17178	-1036.476	-1225.269	188.7933	1.432079	0.5520953	1.430671
17184	-1043.223	-1232.093	188.8698	1.531137	0.4462817	1.430671
17190	-1037.458	-1226.093	188.635	1.414388	0.6969608	1.40814
17196	-1040.55	-1229.135	188.5849	1.347982	0.7311364	1.463909
17202	-1036.325	-1224.603	188.2778	1.375036	0.9500902	1.486626
17208	-1029.959	-1218.594	188.6351	1.417017	0.6989454	1.404044
17214	-1029.172	-1217.73	188.5582	1.345351	0.7563126	1.462389
17220	-1031.086	-1219.973	188.8872	1.582019	0.637069	1.127484
17226	-1038.738	-1227.601	188.8636	1.455296	0.9201726	0.9403193
17232	-1039.69	-1228.239	188.5496	1.349382	1.051323	1.209964
17238	-1037.527	-1225.836	188.3097	1.418681	1.309637	1.15991
17244	-1044.639	-1233.531	188.8917	1.327555	0.7821749	1.182657
17250	-1032.057	-1220.672	188.6143	1.418667	0.7422702	1.375911
17256	-1033.685	-1221.788	188.1029	1.34259	1.116157	1.520402
17262	-1037.103	-1225.519	188.416	1.391761	1.116157	1.235503
17268	-1060.464	-1249.024	188.5606	1.325089	1.033879	1.235503
17274	-1059.221	-1246.902	187.6811	1.118792	1.005474	2.044199
17280	-1056.056	-1243.884	187.8275	1.014401	1.10493	1.952416
17286	-1052.23	-1239.936	187.7057	1.02836	0.8478181	2.196589
17292	-1066.131	-1254.38	188.2498	0.9694034	0.6843294	2.009308
17298	-1061.332	-1249.254	187.9221	0.8826392	0.838531	2.15756
17304	-1042.869	-1230.628	187.7592	1.093665	0.9903135	2.019124
17310	-1044.776	-1232.473	187.6967	0.9484464	1.07693	2.100443
17316	-1054.293	-1242.247	187.9544	0.9787842	1.01189	1.951034
17322	-1055.244	-1242.191	186.9471	0.8206512	0.9274842	2.748236
17328	-1063.725	-1250.808	187.0832	0.651208	1.091247	2.668838
17334	-1044.138	-1232.061	187.9236	2.418758	0.9412586	0.2450336
17340	-1057.678	-1245.688	188.0099	2.309947	0.9412586	0.234676
17346	-1051.448	-1239.027	187.5796	2.629944	0.9412586	0.1935634
17352	-1050.091	-1238.509	188.4183	2.173713	0.8436787	0.3462569
17358	-1037.001	-1226.002	189.0011	2.400451	0.3415133	0.4208106
17364	-1040.489	-1229.764	189.2746	2.131806	0.3415133	0.5712384
17370	-1040.118	-1229.152	189.0337	2.077687	0.4973033	0.5803795
17376	-1036.306	-1225.585	189.2789	1.816031	0.4973033	0.6281838
17382	-1032.727	-1221.58	188.8526	1.769457	0.8429023	0.6343418
17388	-1030.281	-1219.2	188.9185	1.799011	0.7771758	0.5823158
17394	-1028.365	-1217.279	188.9139	1.614192	0.7026393	0.9879113
17400	-1043.267	-1232.214	188.9472	1.614192	0.7026393	0.9535318
17406	-1062.49	-1250.983	188.4937	1.614192	1.144409	0.9311186
17412	-1058.979	-1247.723	188.7437	1.562803	0.7475707	1.143198
17418	-1050.465	-1239.095	188.6299	1.569764	1.013393	0.9651348
17424	-1054.804	-1243.033	188.2289	1.433094	1.417932	1.142948
17430	-1042.68	-1230.969	188.289	1.127756	0.882262	1.711234
17436	-1033.511	-1222.339	188.8273	1.237321	0.7659474	1.327637
17442	-1033.98	-1222.117	188.1365	1.275436	1.265069	1.447161
17448	-1036.307	-1224.9	188.593	1.319671	0.9652797	1.270155
17454	-1043.691	-1232.085	188.3937	1.396847	1.222947	1.168935
17460	-1040.504	-1228.789	188.2844	1.277711	1.159752	1.401654
17466	-1039.302	-1228.108	188.8057	1.333907	0.9093082	1.125761
17472	-1027.706	-1216.461	188.7545	1.335379	0.9093082	1.169796
17478	-1037.084	-1226.225	189.1413	1.426532	0.6026291	1.082108
17484	-1037.623	-1226.571	188.9481	1.68709	0.6915822	0.8885851
17490	-1043.858	-1232.649	188.7909	1.416478	0.6915822	1.288158
17496	-1042.618	-1230.981	188.3627	1.172032	1.193421	1.399775
17502	-1053.32	-1241.93	188.6099	1.215243	0.8565666	1.432364
17508	-1058.116	-1246.683	188.5669	1.263873	0.7849621	1.491126
17514	-1071.048	-1259.591	188.5439	1.089187	1.138782	1.360822
17520	-1066.94	-1255.305	188.3647	1.275842	1.039961	1.427248
17526	-1055.971	-1244.658	188.6869	1.58151	0.7576398	1.165834
17532	-1031.465	-1219.85	188.385	1.297532	1.106433	1.345109
17538	-1039.473	-1227.925	188.4522	1.297532	0.732189	1.598906
17544	-1044.536	-1232.549	188.0123	1.118242	1.46489	1.539924
17550	-1048.154	-1236.339	188.1859	1.084631	1.148453	1.627073
17556	-1044.61	-1231.672	187.0615	0.9237583	0.7351156	2.750596
17562	-1041.163	-1228.503	187.3392	0.9377596	1.035228	2.363548
17568	-1036.635	-1224.403	187.7679	1.038546	0.8672429	2.135404
17574	-1041.686	-1229.443	187.757	1.125356	0.6869766	2.227513
17580	-1043.166	-1231.308	188.1421	1.27576	1.737601	1.158797
17586	-1042.52	-1231.449	188.9297	1.502448	0.638336	1.158797
17592	-1044.995	-1233.583	188.5884	1.427733	1.149544	1.020569
17598	-1051.761	-1240.199	188.4373	1.366621	1.149544	1.213069
17604	-1032.743	-1221.113	188.3702	1.49388	0.8403344	1.41645
17610	-1032.288	-1221.083	188.795	1.24257	0.5606906	1.561897
17616	-1050.472	-1238.601	188.1291	1.108518	0.6931713	1.989274
17622	-1058.328	-1246.817	188.4888	1.542668	0.7180144	1.401008
17628	-1044.141	-1232.027	187.8863	1.23713	1.218874	1.68801
17634	-1044.416	-1233.148	188.7322	1.558311	0.8495345	1.046853
17640	-1050.767	-1239.88	189.1132	1.591226	0.6509961	0.8714257
17646	-1047.539	-1236.676	189.1367	1.440475	0.6872685	0.9580422
17652	-1058.239	-1247.282	189.0436	1.493045	0.7407325	0.9281548
17658	-1048.804	-1237.48	188.6759	1.354466	1.113076	1.039021
17664	-1038.257	-1226.489	188.2316	1.372196	1.083726	1.423347
17670	-1053.605	-1242.616	189.0113	1.457949	0.8275425	0.8874531
17676	-1042.328	-1230.559	188.2309	1.074658	0.4999405	2.131611
17682	-1042.602	-1230.903	188.3003	1.086724	0.8786834	1.734938
17688	-1044.24	-1233.26	189.0199	1.334999	0.444825	1.467845
17694	-1041.628	-1230.665	189.0371	1.820117	0.5363653	0.8892587
17700	-1047.91	-1236.571	188.6619	1.460661	1.047361	1.009542
17706	-1052.663	-1240.9	188.2379	1.495252	1.091075	1.316042
17712	-1036.652	-1225.18	188.5279	1.253267	0.5640775	1.742093
17718	-1029.481	-1216.62	187.139	0.9590422	0.9686468	2.517924
17724	-1029.23	-1217.937	188.7077	1.281285	0.8525633	1.306833
17730	-1038.991	-1227.028	188.0368	1.078689	1.216229	1.695265
17736	-1045.388	-1233.787	188.3983	0.9850558	0.8150829	1.78778
17742	-1034.826	-1222.096	187.2705	1.043815	1.022119	2.347992
17748	-1047.72	-1234.936	187.2161	1.104568	0.9585864	2.384551
17754	-1050.241	-1237.852	187.6109	0.9387318	1.346984	2.00886
17760	-1050.815	-1238.755	187.9404	1.145204	0.5221768	2.250648
17766	-1040.302	-1229.063	188.7605	1.155552	0.6820251	1.524276
17772	-1048.813	-1237.069	188.2563	1.149618	0.5132144	2.051337
17778	-1037.773	-1226.217	188.4433	1.291337	0.8238622	1.528778
17784	-1050.131	-1238.069	187.9382	1.291337	1.043777	1.725943
17790	-1055.735	-1244.22	188.4846	1.174194	0.6557009	1.73547
17796	-1049.108	-1237.57	188.462	1.254534	0.6143893	1.73547
17802	-1058.196	-1246.768	188.572	1.534097	0.452425	1.641311
17808	-1043.176	-1232.009	188.8328	1.473886	0.8119059	1.072416
17814	-1036.236	-1225.309	189.0733	1.439215	0.5488557	1.202959
17820	-1042.901	-1231.306	188.4055	1.232172	0.9002152	1.537464
17826	-1055.631	-1243.299	187.668	1.240661	1.138382	1.886566
17832	-1051.049	-1239.439	188.3901	1.310306	1.129267	1.313945
17838	-1045.689	-1234.236	188.5467	1.204873	0.6961611	1.631069
17844	-1050.228	-1238.509	188.2809	1.422211	0.7339446	1.631069
17850	-1042.61	-1231.302	188.6921	1.358438	0.677384	1.42723
17856	-1047.252	-1235.769	188.5177	1.226486	1.145174	1.266393
17862	-1049.925	-1238.749	188.8237	1.509208	0.8338294	1.023144
17868	-1038.17	-1227.132	188.9616	1.471107	0.7249251	1.05336
17874	-1040.894	-1229.828	188.9334	1.433749	0.7249251	1.114265
17880	-1037.45	-1226.466	189.0156	1.546093	0.6081392	1.080394
17886	-1032.019	-1220.657	188.6384	1.371156	0.7128444	1.42308
17892	-1038.488	-1227.351	188.8629	1.328451	0.7128444	1.278671
17898	-1040.747	-1229.594	188.8478	1.511947	0.4788376	1.418608
17904	-1030.538	-1219.73	189.1911	1.587783	0.5121687	1.012863
17910	-1034.075	-1223.323	189.2478	1.703634	0.5159258	0.8146254
17916	-1027.065	-1216.076	189.0107	1.846331	0.6606969	0.6108612
17922	-1038.023	-1226.816	188.7928	1.121889	0.520864	1.695578
17928	-1031.884	-1220.289	188.4044	1.147775	1.110689	1.443649
17934	-1028.266	-1216.828	188.5621	1.097003	0.9547532	1.478278
17940	-1031.769	-1219.689	187.9191	0.9894511	1.12441	1.895247
17946	-1032.226	-1220.53	188.3048	1.250878	0.5663324	1.895247
17952	-1030.701	-1219.088	188.3872	1.170217	0.5631456	1.89737
17958	-1032.172	-1220.527	188.3548	1.079521	0.770308	1.789338
17964	-1039.302	-1227.377	188.0749	1.088798	1.018299	1.789338
17970	-1040.173	-1228.601	188.4276	1.213963	0.7985612	1.618692
17976	-1055.934	-1243.477	187.5425	1.248344	1.615544	1.707138
17982	-1039.772	-1228.458	188.6861	1.305511	0.957189	1.211061
17988	-1025.657	-1213.923	188.2663	1.396431	1.331344	1.201618
17994	-1030.906	-1218.689	187.7827	1.079473	0.8062404	2.144479
18000	-1029.106	-1217.531	188.4253	1.047115	1.117351	1.49946
18006	-1033.043	-1221.038	187.9947	1.066739	1.197709	1.744698
18012	-1041.774	-1230.233	188.4588	1.470162	1.087313	1.154319
18018	-1036.299	-1224.89	188.5908	1.299294	1.087313	1.188221
18024	-1056.918	-1244.588	187.6704	1.130286	0.6092575	2.348254
18030	-1044.552	-1231.815	187.2637	0.931804	1.159662	2.341567
18036	-1038.183	-1225.921	187.7382	1.007748	1.290873	1.907544
18042	-1040.258	-1228.22	187.9618	1.16146	0.9958601	1.832678
18048	-1048.195	-1236.158	187.9635	0.9791409	1.13038	1.868314
18054	-1039.659	-1227.534	187.8753	0.9348432	0.6893107	2.271996
18060	-1042.596	-1230.666	188.0699	0.8960328	0.6870826	2.173352
18066	-1035.641	-1223.661	188.0199	1.015886	0.6672255	2.145131
18072	-1036.739	-1224.593	187.8541	0.8385769	0.7746373	2.278345
18078	-1045.28	-1232.957	187.6773	0.8202248	0.9489861	2.278345
18084	-1046.689	-1233.582	186.893	0.7180265	0.6103108	3.077549
18090	-1036.385	-1223.289	186.9045	0.9911679	0.627728	2.891725
18096	-1037.56	-1225.894	188.3344	1.007962	1.160729	1.566775
18102	-1032.875	-1220.009	187.1337	0.9501225	1.103033	2.444808
18108	-1037.866	-1224.899	187.0327	0.9276716	1.286889	2.421237
18114	-1037.286	-1225.074	187.7887	1.066377	1.021906	1.996685
18120	-1034.498	-1223.084	188.586	1.408388	0.6327325	1.515964
18126	-1039.423	-1227.917	188.4933	1.139154	0.5954774	1.813053
18132	-1050.001	-1238.521	188.5207	1.141427	0.7013645	1.690187
18138	-1044.66	-1232.715	188.0551	1.058554	0.5790763	2.175696
18144	-1050.875	-1239.209	188.334	1.62996	0.7386215	1.43304
18150	-1053.364	-1242.531	189.1664	1.682465	0.5672802	0.8427385
18156	-1053.063	-1241.813	188.7504	1.624344	0.6701954	1.17097
18162	-1051.373	-1238.803	187.4292	1.190783	0.9368099	2.207683
18168	-1043.054	-1230.753	187.6987	0.9773385	0.8846021	2.207683
18174	-1042.589	-1231.483	188.8934	1.453576	0.7651356	1.08692
18180	-1048.152	-1236.966	188.8148	1.532154	0.7651356	1.08692
18186	-1056.839	-1245.389	188.5502	1.658441	1.159258	0.7952004
18192	-1043.651	-1232.663	189.0119	1.538889	0.8646645	0.7235315
18198	-1053.444	-1242.377	188.9332	1.632203	0.8515863	0.7235315
18204	-1051.178	-1240.125	188.9469	1.605453	0.8515863	0.7440641
18210	-1044.691	-1233.547	188.8562	1.603484	0.8796085	0.8285708
18216	-1043.53	-1232.381	188.8506	1.589462	0.971365	0.7185252
18222	-1044.086	-1232.713	188.6265	1.483735	1.176077	0.8972821
18228	-1053.757	-1241.584	187.8278	1.367118	1.237659	1.625276
18234	-1071.463	-1259.271	187.8083	1.162546	1.523302	1.625276
18240	-1063.64	-1250.691	187.0518	1.026746	1.18836	2.399575
18246	-1049.057	-1236.39	187.3327	0.851051	1.072987	2.399575
18252	-1057.734	-1245.748	188.0148	0.9965079	0.6110799	2.211684
18258	-1051	-1237.825	186.8247	1.015103	0.6328128	2.921134
18264	-1045.586	-1232.722	187.1363	0.9957047	1.062183	2.438666
18270	-1039.88	-1228.018	188.1381	1.198264	1.062183	1.637336
18276	-1055.384	-1243.542	188.1577	1.051213	0.7704782	1.943146
18282	-1054.666	-1242.719	188.0532	1.01843	0.8070655	2.005876
18288	-1058.537	-1246.797	188.2602	1.296078	0.3948357	2.090594
18294	-1051.242	-1239.682	188.4402	1.183763	0.6827378	1.7344
18300	-1054.028	-1242.322	188.2935	1.36609	1.14241	1.337155
18306	-1044.392	-1232.903	188.5111	1.38735	0.9004155	1.337155
18312	-1049.301	-1237.347	188.0468	1.205378	0.8826231	1.825727
18318	-1049.073	-1236.944	187.8712	1.154985	1.107098	1.825727
18324	-1053.861	-1242.32	188.4591	1.198605	0.5505782	1.842066
18330	-1044.552	-1232.842	188.2894	1.209295	0.9837762	1.575447
18336	-1050.486	-1238.798	188.3121	1.072036	0.9676152	1.670105
18342	-1043.686	-1231.271	187.5851	1.132402	0.9135661	2.160429
18348	-1052.862	-1240.878	188.0155	1.31414	0.8325555	1.810967
18354	-1041.52	-1229.495	187.975	1.170356	1.407914	1.560974
18360	-1067.732	-1254.949	187.2175	1.032353	1.859319	1.96906
18366	-1051.033	-1238.472	187.4397	1.254207	1.762684	1.70596
18372	-1046.343	-1233.517	187.1736	1.01538	0.8759689	2.522596
18378	-1044.529	-1231.515	186.9862	0.8059623	1.020233	2.675245
18384	-1034.579	-1222.474	187.8949	1.056921	0.7850073	2.102343
18390	-1032.94	-1221.564	188.6238	1.288989	0.4281007	1.808376
18396	-1050.948	-1238.082	187.1338	0.9989235	0.9094746	2.534987
18402	-1027.756	-1214.649	186.8923	0.8242178	1.055364	2.700706
18408	-1053.626	-1240.923	187.2971	0.957514	1.146651	2.311352
18414	-1045.372	-1233.052	187.6797	0.8205122	0.5629678	2.579739
18420	-1033.619	-1222.007	188.3883	0.9958066	1.070215	1.597226
18426	-1029.275	-1218.097	188.8217	1.40172	0.6872566	1.279705
18432	-1031.224	-1220.045	188.8207	1.437945	0.6670471	1.272843
18438	-1028.599	-1217.834	189.2348	1.47857	0.4938751	1.103576
18444	-1037.723	-1226.262	188.5391	1.734033	1.192592	0.6382381
18450	-1037.669	-1226.515	188.8455	1.752793	0.862535	0.6382381
18456	-1044.617	-1233.251	188.6337	1.82787	1.019668	0.5485044
18462	-1045.495	-1234.11	188.6146	2.024546	0.803178	0.3466845
18468	-1036.68	-1225.568	188.888	2.007186	0.6402495	0.4282209
18474	-1046.578	-1235.395	188.8163	2.007186	0.6826985	0.3952381
18480	-1045.431	-1233.253	187.8222	2.210334	1.413017	0.314711
18486	-1045.721	-1234.357	188.6357	2.085651	0.7781	0.4421547
18492	-1048.349	-1237.865	189.516	1.856456	0.343077	0.6548114
18498	-1055.175	-1244.277	189.1014	1.501668	0.6653812	0.9615507
18504	-1055.252	-1243.816	188.5648	1.322409	1.08779	1.190355
18510	-1057.757	-1246.618	188.8606	1.307405	0.7761323	1.2326
18516	-1051.34	-1239.412	188.0716	1.028569	0.744199	2.03735
18522	-1041.209	-1229.156	187.9474	1.005957	0.8691844	2.03735
18528	-1049.718	-1238.489	188.7707	1.158032	0.6729123	1.523865
18534	-1045.108	-1233.776	188.6685	1.297283	1.198042	1.027779
18540	-1039.864	-1227.763	187.8986	1.076341	0.8760009	2.018041
18546	-1042.149	-1230.005	187.8553	0.8739529	1.235798	1.949973
18552	-1049.707	-1238.177	188.4706	1.289494	0.769933	1.557229
18558	-1045.969	-1234.981	189.0118	1.567831	0.5736265	1.110534
18564	-1039.018	-1227.613	188.5943	1.393939	1.160134	1.038403
18570	-1047.335	-1235.883	188.5478	1.336905	1.117472	1.168567
18576	-1036.797	-1225.94	189.1428	1.50809	0.588612	1.022444
18582	-1051.284	-1239.787	188.5036	1.382183	1.250929	1.060959
18588	-1041.357	-1230.272	188.9147	1.443167	0.9024357	0.918627
18594	-1044.722	-1233.929	189.2073	1.503705	0.5632352	1.000572
18600	-1049.492	-1238.701	189.2083	1.649434	0.4723877	1.000572
18606	-1043.289	-1232.551	189.2626	1.649434	0.5509916	0.7935288
18612	-1050.808	-1239.616	188.8082	1.436188	0.9071607	1.030138
18618	-1041.922	-1230.628	188.7066	1.460297	0.841973	1.167455
18624	-1052.144	-1240.749	188.6045	1.462645	1.115051	1.00113
18630	-1043.93	-1232.926	188.9952	1.412785	0.5812341	1.24975
18636	-1025.561	-1214.638	189.0774	1.545335	0.6710019	0.932634
18642	-1034.303	-1223.328	189.0256	1.722207	0.6710019	0.7820379
18648	-1041.149	-1230.19	189.0406	1.822354	0.5550334	0.8483895
18654	-1049.186	-1237.775	188.5886	1.223877	0.6704925	1.611647
18660	-1049.468	-1238.292	188.8249	1.663677	0.4355023	1.377728
18666	-1038.109	-1227.311	189.2026	1.583867	0.5252327	0.9841628
18672	-1024.571	-1212.907	188.3361	1.234794	1.023492	1.492441
18678	-1035.325	-1223.777	188.4519	1.394418	0.9286856	1.354614
18684	-1048.529	-1236.777	188.2481	1.371984	0.9751366	1.491906
18690	-1033.063	-1221.166	188.1033	1.297945	1.208323	1.491906
18696	-1035.183	-1224.16	188.977	1.296139	0.5834306	1.356468
18702	-1051.944	-1240.806	188.8613	2.032924	0.6266254	0.3849195
18708	-1044.907	-1233.611	188.7045	1.939273	0.8156021	0.3709676
18714	-1040.022	-1228.722	188.6998	2.028268	0.7645267	0.4135734
18720	-1055.255	-1244.03	188.7752	1.832815	0.881512	0.4713372
18726	-1052.634	-1241.444	188.81	1.871769	0.8154772	0.4652826
18732	-1051.362	-1239.973	188.6113	1.679353	1.20667	0.4649058
18738	-1044.844	-1233.804	188.9604	1.889865	0.6758525	0.4399816
18744	-1041.786	-1230.614	188.8283	2.021333	0.6758525	0.437412
18750	-1039.01	-1227.827	188.8171	2.032491	0.6758525	0.437412
18756	-1034.099	-1222.938	188.8395	1.443668	0.7397469	1.172255
18762	-1038.318	-1226.955	188.6375	1.443668	0.6470821	1.435195
18768	-1048.017	-1236.309	188.2915	1.467339	0.9340781	1.418569
18774	-1045.608	-1233.929	188.3212	1.281571	1.296354	1.275755
18780	-1044.694	-1233.919	189.2257	1.723226	0.4594357	0.9293361
18786	-1041.845	-1230.548	188.7033	1.41069	0.9885414	1.073594
18792	-1042.455	-1231.527	189.0716	1.486265	0.6158403	1.073594
18798	-1039.275	-1228.26	188.9845	1.549709	0.515447	1.229399
18804	-1036.355	-1225.451	189.0956	1.463899	0.515447	1.207968
18810	-1036.432	-1225.256	188.8236	1.36022	0.8426057	1.151976
18816	-1042.746	-1231.753	189.0067	1.275472	0.5555278	1.38251
18822	-1052.319	-1241.265	188.9464	1.452525	0.5596152	1.284115
18828	-1041.671	-1230.597	188.9256	1.352199	0.6367042	1.291226
18834	-1041.554	-1230.713	189.1588	1.5144	0.428035	1.239272
18840	-1046.356	-1235.122	188.7663	1.33982	0.5291539	1.547558
18846	-1043.854	-1232.683	188.8289	1.253415	0.5238544	1.571269
18852	-1049.496	-1237.844	188.3486	1.157017	0.8343824	1.686298
18858	-1030.693	-1219.166	188.4728	1.359349	0.8343824	1.446215
18864	-1027.436	-1216.431	188.9957	1.531045	0.8343824	0.8075836
18870	-1040.076	-1229.071	188.9942	1.415242	0.8073358	0.9772467
18876	-1038.412	-1227.538	189.1262	1.606569	0.3670108	1.287864
18882	-1041.014	-1230.272	189.258	1.662873	0.3500407	1.158418
18888	-1045.158	-1234.309	189.1506	1.612695	0.5671268	0.9405507
18894	-1042.744	-1231.624	188.8806	1.641088	0.7061825	0.9896695
18900	-1052.276	-1240.873	188.5977	1.327532	0.6154654	1.584992
18906	-1049.969	-1238.17	188.2014	1.35295	1.297574	1.314345
18912	-1046.98	-1234.938	187.9583	1.572086	1.29471	1.335462
18918	-1048.083	-1235.49	187.407	1.240224	1.083463	2.095036
18924	-1039.825	-1228.222	188.3964	1.328384	1.255378	1.201984
18930	-1036.884	-1225.051	188.1665	1.358601	0.9911127	1.550578
18936	-1047.328	-1236.37	189.0419	1.501505	0.3742462	1.426184
18942	-1035.73	-1224.613	188.8829	1.364184	0.6419592	1.310263
18948	-1041.058	-1229.992	188.9342	1.364184	0.6978201	1.205307
18954	-1042.315	-1231.199	188.8846	1.33133	0.6978201	1.274441
18960	-1036.43	-1224.905	188.4756	1.150676	1.269883	1.274441
18966	-1043.925	-1231.978	188.0529	1.201634	1.248457	1.575266
18972	-1030.532	-1218.909	188.3774	1.180604	0.9266957	1.575266
18978	-1039.604	-1227.923	188.3186	1.172032	0.8330857	1.697987
18984	-1043.848	-1231.866	188.0181	1.178675	1.120449	1.697987
18990	-1039.97	-1228.585	188.6143	1.333702	0.943703	1.259454
18996	-1036.853	-1225.663	188.8099	1.418551	0.8669976	1.086865
19002	-1041.578	-1230.401	188.8225	1.342355	0.6495415	1.367499
19008	-1040.553	-1229.536	188.983	1.506993	0.722073	1.001041
19014	-1032.574	-1221.608	189.0343	1.547578	0.722073	0.9042979
19020	-1038.406	-1227.388	188.9818	1.514655	0.6181918	1.126854
19026	-1031.189	-1220.228	189.0385	1.490021	0.7677753	0.9004048
19032	-1037.055	-1226.19	189.1347	1.391037	0.6189926	1.09928
19038	-1028.708	-1217.921	189.2123	1.529904	0.3820736	1.255028
19044	-1040.264	-1229.474	189.21	1.6646	0.3192469	1.255028
19050	-1034.97	-1224.368	189.3981	1.6646	0.3192469	1.090915
19056	-1037.726	-1225.938	188.2112	1.611569	1.408697	0.9986133
19062	-1021.419	-1210.02	188.6016	1.406887	1.187222	0.9949398
19068	-1026.728	-1215.41	188.6822	1.218219	0.7198298	1.499199
19074	-1024.369	-1212.781	188.4126	1.187542	1.253253	1.307143
19080	-1022	-1210.743	188.7436	1.378073	0.7402788	1.307143
19086	-1045.208	-1233.999	188.7917	1.639402	0.7564027	1.016879
19092	-1040.623	-1229.415	188.7913	1.531194	0.8485829	1.016879
19098	-1034.537	-1223.464	188.927	1.531194	0.8485829	0.8723871
19104	-1037.394	-1226.402	189.0082	1.56855	0.6980386	0.943597
19110	-1040.48	-1229.12	188.6395	1.329675	0.6364154	1.530881
19116	-1051.641	-1240.334	188.6932	1.082429	1.14146	1.243055
19122	-1041.353	-1230.04	188.6876	1.161248	0.7647483	1.495893
19128	-1053.555	-1241.189	187.6345	0.8824302	1.028296	2.214386
19134	-1044.118	-1231.357	187.2391	0.9431531	1.028296	2.427712
19140	-1031.77	-1218.931	187.1606	0.8684023	0.7045367	2.747673
19146	-1039.554	-1227.038	187.4841	1.032423	0.6974938	2.451457
19152	-1037.179	-1224.789	187.6103	1.024036	0.4898788	2.568872
19158	-1036.616	-1223.016	186.4001	0.9248061	0.9624469	2.994325
19164	-1033.751	-1221.765	188.0137	1.107265	0.8040373	1.9753
19170	-1050.79	-1239.265	188.4749	1.12152	0.9266242	1.547039
19176	-1053.998	-1242.071	188.0727	1.192542	0.5598178	2.095709
19182	-1044.758	-1232.853	188.0951	0.9621696	0.8952518	1.948909
19188	-1041.125	-1229.69	188.5648	1.315262	0.6421322	1.590557
19194	-1055.32	-1243.369	188.0498	1.374131	0.6772025	1.877834
19200	-1045.314	-1233.173	187.8585	1.105861	0.9745159	1.955314
19206	-1038.125	-1224.684	186.5594	0.9840894	0.9817442	2.850546
19212	-1054.937	-1242.412	187.475	1.274097	1.45947	1.814859
19218	-1038.94	-1227.006	188.0653	0.9820712	1.038391	1.855898
19224	-1040.736	-1228.363	187.6269	1.154991	0.5169166	2.448943
19230	-1045.485	-1232.946	187.4613	1.130748	0.7913549	2.329818
19236	-1037.074	-1225.291	188.217	1.194362	0.7913549	1.78772
19242	-1031.563	-1219.949	188.3866	1.182183	0.8139959	1.658057
19248	-1030.466	-1219.042	188.5762	1.232459	0.7098237	1.576755
19254	-1044.845	-1233.215	188.3692	1.419875	1.04703	1.304652
19260	-1040.469	-1229.214	188.7447	1.429068	0.3453836	1.740434
19266	-1035.423	-1224.223	188.8007	1.578822	0.3453836	1.593484
19272	-1031.933	-1220.372	188.4386	1.127568	0.9644831	1.540217
19278	-1053.481	-1242.025	188.5437	1.247844	1.033746	1.313128
19284	-1040.865	-1229.094	188.229	1.156562	0.8023254	1.796626
19290	-1045.773	-1234.534	188.7604	1.271268	0.6408979	1.479409
19296	-1035.345	-1224.037	188.6926	1.586334	0.9215174	0.9805024
19302	-1040.139	-1228.874	188.7351	1.645877	1.02177	0.7322215
19308	-1033.36	-1222.43	189.0703	1.487619	0.8296221	0.7726086
19314	-1032.425	-1221.157	188.7318	1.7295	1.017724	0.5597687
19320	-1044.697	-1233.716	189.0188	1.9387	0.5819578	0.639212
19326	-1046.535	-1235.541	189.0065	1.636671	0.5573319	1.074763
19332	-1033.566	-1221.793	188.2268	1.418676	1.130419	1.356995
19338	-1032.992	-1221.311	188.3198	1.273763	0.8447517	1.614749
19344	-1047.891	-1236.556	188.6649	1.324773	0.7347324	1.416957
19350	-1040.236	-1229.232	188.996	1.314612	0.6555574	1.242645
19356	-1053.055	-1242.182	189.1267	1.317578	0.5492135	1.259901
19362	-1036.44	-1225.106	188.6663	1.265228	0.9590479	1.259901
19368	-1047.727	-1235.607	187.8808	1.309623	0.9630654	1.80936
19374	-1053.193	-1241.995	188.802	1.267619	0.4720225	1.642914
19380	-1052.247	-1239.555	187.3081	0.8925894	0.9065207	2.494553
19386	-1041.738	-1229.765	188.0273	1.0793	0.8947064	1.91604
19392	-1037.546	-1225.047	187.5008	1.032335	0.8113118	2.3523
19398	-1036.222	-1223.323	187.1013	0.8820766	0.8176708	2.690694
19404	-1042.619	-1229.925	187.306	1.060831	1.627962	1.991989
19410	-1041.159	-1229.21	188.051	1.052014	0.7980802	1.991989
19416	-1049.551	-1237.668	188.1171	1.144982	1.377684	1.491657
19422	-1043.545	-1231.905	188.3605	1.285294	1.153784	1.339994
19428	-1037.963	-1225.969	188.0065	1.110999	1.153784	1.732638
19434	-1040.305	-1228.554	188.2494	1.341128	1.01135	1.486751
19440	-1035.176	-1223.037	187.8619	1.098775	1.38321	1.70785
19446	-1028.004	-1216.225	188.2214	1.371686	1.38321	1.225805
19452	-1028.647	-1217.098	188.4511	1.430485	1.125665	1.164748
19458	-1027.02	-1216.078	189.0576	1.430485	0.5298292	1.248783
19464	-1038.952	-1228.023	189.071	1.484552	0.6362969	1.048517
19470	-1045.626	-1234.464	188.8373	1.51798	0.8047892	1.034097
19476	-1047.445	-1235.577	188.1317	1.598579	1.592596	0.9549388
19482	-1051.496	-1240.007	188.5112	1.397413	1.324877	0.9786244
19488	-1052.114	-1240.287	188.1725	1.307034	1.324877	1.356377
19494	-1043.472	-1232.405	188.9327	1.929153	0.6716742	0.5315356
19500	-1048.274	-1236.672	188.398	1.643718	1.461887	0.6675962
19506	-1034.753	-1223.45	188.697	1.342796	1.101957	1.039854
19512	-1035.834	-1224.435	188.6012	1.905446	0.9790219	0.4931705
19518	-1049.934	-1238.736	188.8023	1.905446	0.7894074	0.5626334
19524	-1036.688	-1225.442	188.7545	1.672329	1.048822	0.5769558
19530	-1034.945	-1223.404	188.4596	1.749802	1.293234	0.5769558
19536	-1041.933	-1230.893	188.9606	1.912916	0.6621874	0.5400807
19542	-1042.958	-1232.038	189.08	1.917677	0.5618038	0.6148907
19548	-1035.628	-1224.758	189.1308	1.708455	0.6579349	0.6614704
19554	-1034.163	-1223.284	189.1209	1.846011	0.4495442	0.9287579
19560	-1045.181	-1234.49	189.3095	1.855977	0.3898165	0.827568
19566	-1040.276	-1229.626	189.3496	1.790019	0.3709468	0.9027583
19572	-1046.364	-1235.613	189.2495	1.790019	0.4707282	0.7981216
19578	-1045.701	-1234.329	188.628	1.535904	1.137471	0.8754923
19584	-1041.181	-1229.815	188.6346	1.535904	1.071801	0.9361248
19590	-1037.96	-1226.908	188.9485	1.431494	0.8468268	0.9607455
19596	-1043.372	-1232.149	188.7772	1.49076	0.8761121	1.040016
19602	-1039.434	-1228.467	189.0332	1.745417	0.7001977	0.6701598
19608	-1051.329	-1240.143	188.8143	1.497371	1.00924	0.844251
19614	-1039.497	-1228.148	188.6508	1.429184	0.8518804	1.232416
19620	-1049.141	-1238.257	189.1155	1.719572	0.4372789	1.082111
19626	-1060.291	-1249.32	189.0288	1.377925	0.7348467	1.066103
19632	-1060.029	-1247.606	187.577	1.290711	1.788404	1.568915
19638	-1060.883	-1249.616	188.7324	1.360096	1.032146	1.053067
19644	-1046.96	-1235.292	188.3323	1.294881	0.852024	1.584269
19650	-1052.636	-1241.561	188.9254	1.529415	0.4421464	1.394718
19656	-1045.358	-1234.427	189.0691	1.468574	0.49235	1.258302
19662	-1047.009	-1236.025	189.0153	1.526273	0.7502391	0.9098396
19668	-1046.806	-1235.452	188.6452	1.458103	0.7502391	1.31199
19674	-1042.783	-1231.422	188.639	1.574187	1.115855	0.84007
19680	-1057.159	-1246.208	189.0489	1.603344	0.7663237	0.7440514
19686	-1046.574	-1235.393	188.8192	1.308058	0.8763796	1.168455
19692	-1051.677	-1240.404	188.727	1.262192	0.8763796	1.285056
19698	-1052.526	-1240.876	188.3506	1.358088	0.8532071	1.52319
19704	-1042.358	-1231.037	188.6795	1.235634	0.9029459	1.321637
19710	-1035.739	-1224.034	188.2944	1.190852	0.7787431	1.74675
19716	-1026.632	-1215.297	188.6655	1.278327	0.727818	1.458743
19722	-1029.323	-1218.275	188.952	1.282611	0.727818	1.226761
19728	-1041.808	-1230.588	188.7806	1.779002	0.7821373	0.8435743
19734	-1035.453	-1224.336	188.8824	1.672265	0.7821373	0.8496181
19740	-1029.494	-1218.391	188.8977	1.68006	0.8452036	0.715163
19746	-1026.936	-1215.856	188.9198	1.660534	0.842901	0.715163
19752	-1020.336	-1209.491	189.1554	1.688649	0.5953929	0.7952484
19758	-1029.442	-1218.002	188.5593	1.749859	1.124821	0.6883436
19764	-1029.315	-1218.338	189.0229	1.642133	0.7623826	0.731666
19770	-1042.802	-1231.593	188.791	1.893772	0.8112762	0.5487582
19776	-1038.448	-1227.149	188.7015	1.882669	0.900822	0.5487582
19782	-1040.535	-1229.112	188.5772	1.842678	1.067231	0.4950794
19788	-1046.855	-1235.536	188.6808	1.867142	0.9229315	0.5979966
19794	-1036.262	-1225.265	189.0026	1.956501	0.6029985	0.5130917
19800	-1040.17	-1229.223	189.0535	1.923339	0.5758418	0.6138123
19806	-1036.383	-1224.787	188.4042	1.985068	1.08477	0.4206101
19812	-1049.555	-1238.073	188.5181	2.030197	0.9208226	0.4090028
19818	-1050.437	-1238.603	188.166	2.106	1.165825	0.3494497
19824	-1038.019	-1226.42	188.4017	2.239597	0.7752999	0.3161504
19830	-1048.864	-1237.154	188.2899	2.239597	0.7752999	0.245451
19836	-1042.422	-1230.876	188.4548	2.274713	0.714903	0.3279787
19842	-1040.884	-1229.136	188.2525	2.274713	0.8600634	0.3035039
19848	-1056.539	-1245.046	188.5065	2.274188	0.6328905	0.2823419
19854	-1039.077	-1227.7	188.623	2.013063	0.839643	0.4056299
19860	-1043.291	-1232.302	189.0111	1.577118	0.673248	0.9659919
19866	-1040.503	-1229.197	188.6941	1.62387	0.900175	0.9638051
19872	-1040.183	-1229.114	188.9307	1.62387	0.7886363	0.8401888
19878	-1048.866	-1237.858	188.9923	1.626388	0.8070444	0.7201709
19884	-1042.517	-1231.428	188.9113	1.740718	0.7773898	0.7233218
19890	-1050.161	-1239.018	188.8575	1.834891	0.75712	0.6967365
19896	-1049.953	-1239.075	189.122	1.718213	0.6172876	0.7561918
19902	-1040.634	-1229.276	188.6419	1.792999	1.012543	0.651251
19908	-1047.058	-1235.623	188.565	1.583426	1.00984	1.020305
19914	-1041.878	-1231.07	189.192	1.665522	0.6040897	0.7584958
19920	-1050.701	-1239.299	188.5978	1.430493	1.305999	0.8643918
19926	-1051.783	-1240.599	188.8163	1.539699	0.5180552	1.370851
19932	-1040.088	-1228.891	188.8031	1.493312	0.5632652	1.362049
19938	-1053.163	-1242.05	188.8871	1.551014	0.4753545	1.362049
19944	-1047.639	-1236.307	188.6677	1.450465	0.7323041	1.318066
19950	-1034.604	-1223.134	188.5298	1.222283	0.9337139	1.424038
19956	-1041.366	-1229.858	188.4926	1.358174	0.9337139	1.346841
19962	-1039.045	-1228.239	189.193	1.608915	0.482137	1.038994
19968	-1038.503	-1227.502	188.9986	1.65027	0.6015012	1.005853
19974	-1045.706	-1234.615	188.909	1.485633	0.6409703	1.188339
19980	-1057.675	-1246.718	189.0425	1.522598	0.6423931	1.031175
19986	-1042.004	-1231.052	189.048	1.513985	0.4823898	1.25203
19992	-1041.243	-1230.232	188.989	1.573933	0.5770555	1.120983
19998	-1042.873	-1231.439	188.5664	1.151388	0.7488672	1.607044
20004	-1047.516	-1235.733	188.2168	1.122692	1.095058	1.612642
20010	-1054.053	-1242.233	188.1802	1.063528	1.313053	1.54383
20016	-1057.327	-1245.569	188.2425	1.127405	0.8100104	1.801187
20022	-1061.293	-1249.486	188.1922	1.110731	1.29809	1.508844
20028	-1058.084	-1246.269	188.1845	1.208692	0.8389802	1.761747
20034	-1056.853	-1244.804	187.9515	1.062927	1.317178	1.707021
20040	-1060.559	-1248.932	188.3733	1.188576	1.309139	1.300647
20046	-1045.686	-1234.469	188.7829	1.322995	0.8495508	1.212711
20052	-1052.782	-1241.875	189.0932	1.440975	0.5608426	1.168278
20058	-1037.211	-1226.089	188.8782	1.457373	0.6142278	1.269854
20064	-1035.121	-1223.447	188.3252	1.619061	1.26254	0.9945054
20070	-1037.261	-1226.205	188.944	1.594004	0.7390963	0.9289772
20076	-1045.923	-1234.444	188.5201	1.490524	1.297445	0.8930373
20082	-1035.935	-1224.965	189.0298	1.490524	0.7799716	0.8930373
20088	-1040.177	-1228.896	188.7188	1.39961	0.8850056	1.167913
20094	-1039.492	-1228.12	188.6285	1.138362	0.9807166	1.374796
20100	-1042.975	-1231.455	188.48	1.397081	1.039882	1.237883
20106	-1038.189	-1226.462	188.273	1.162168	1.124673	1.522219
20112	-1028.723	-1217.393	188.6698	1.131032	0.6273319	1.662707
20118	-1049.075	-1236.792	187.7166	1.063323	1.166412	1.956557
20124	-1044.383	-1232.079	187.6958	0.8887606	1.416275	1.949187
20130	-1048.832	-1237.208	188.3759	1.140895	0.6776957	1.81369
20136	-1049.838	-1238.399	188.5608	1.480886	0.7218725	1.389166
20142	-1045.238	-1234.452	189.214	1.482293	0.5693018	1.006108
20148	-1058.422	-1247.096	188.6744	1.26923	0.7572621	1.43086
20154	-1059.445	-1247.104	187.6589	1.19864	0.8954786	2.081605
20160	-1047.95	-1236.196	188.2456	0.9896436	0.6171773	2.059749
20166	-1044.349	-1232.218	187.8691	1.227843	1.287226	1.665771
20172	-1039.083	-1227.619	188.5362	1.501003	0.6474473	1.468404
20178	-1036.054	-1224.494	188.4395	1.364548	0.8222756	1.478163
20184	-1042.577	-1230.739	188.1624	1.274163	1.24879	1.438827
20190	-1035.722	-1223.984	188.2621	1.226366	1.083803	1.510806
20196	-1044.834	-1233.27	188.4365	1.370926	0.4468746	1.857431
20202	-1048.422	-1236.419	187.9968	1.270506	0.8280477	1.857431
20208	-1039.122	-1227.349	188.2271	1.033217	0.9991289	1.735151
20214	-1049.227	-1237.244	188.0165	1.174279	0.9370974	1.827701
20220	-1043.402	-1232.06	188.658	1.222287	0.6608173	1.571721
20226	-1034.083	-1222.74	188.6569	1.300164	0.8609857	1.324915
20232	-1041.172	-1229.686	188.5132	1.242996	0.8032356	1.530653
20238	-1046.712	-1235.767	189.0545	1.360207	0.5455754	1.288891
20244	-1050.644	-1239.093	188.4491	1.440351	1.116915	1.164923
20250	-1048.034	-1236.834	188.7994	1.400571	0.9485156	1.030761
20256	-1055.807	-1244.404	188.5964	1.202149	0.7410651	1.555035
20262	-1048.067	-1236.775	188.7085	1.18123	0.6706302	1.555035
20268	-1042.636	-1231.367	188.7303	1.280949	0.7608939	1.374839
20274	-1043.856	-1232.241	188.3852	1.249989	1.567787	1.066478
20280	-1038.607	-1227.628	189.0208	1.464758	0.5792708	1.186416
20286	-1049.592	-1238.358	188.7655	1.517492	0.7341292	1.17856
20292	-1051.42	-1239.331	187.9104	1.283373	1.202536	1.647862
20298	-1034.316	-1222.83	188.514	1.313459	1.061542	1.261771
20304	-1039.777	-1228.661	188.8842	1.358262	0.4668155	1.523143
20310	-1043.453	-1232.391	188.9379	1.4478	0.6062653	1.2377
20316	-1038.302	-1226.659	188.3569	1.273652	0.7667179	1.654125
20322	-1040.754	-1229.481	188.7273	1.2639	0.7601424	1.391326
20328	-1033.78	-1222.036	188.2556	1.195209	0.7758242	1.773217
20334	-1036.216	-1224.267	188.051	1.243357	0.9136506	1.773217
20340	-1042.147	-1230.28	188.1332	1.19326	0.8839686	1.773217
20346	-1042.886	-1231.131	188.2456	1.33964	0.6056301	1.835363
20352	-1050.62	-1239.837	189.2168	1.313265	0.6789811	1.016882
20358	-1053.528	-1242.232	188.7046	1.374467	1.1802	0.927742
20364	-1035.304	-1223.516	188.2122	1.202324	1.032371	1.60163
20370	-1040.271	-1228.462	188.1916	1.075098	1.159085	1.622913
20376	-1059.521	-1248.173	188.6526	1.376786	0.7538033	1.367471
20382	-1053.531	-1242.566	189.0343	1.376786	0.7668264	1.024054
20388	-1044.151	-1232.886	188.7345	1.334636	0.8560954	1.237527
20394	-1049.605	-1238.082	188.4774	1.421496	1.01797	1.237527
20400	-1053.545	-1242.365	188.8199	1.448587	0.9465434	0.9640815
20406	-1036.1	-1224.847	188.7466	1.247051	0.9946251	1.176464
20412	-1057.425	-1246.246	188.8207	1.813332	0.840494	0.611022
20418	-1057.526	-1246.68	189.1533	1.588955	0.5974463	0.9144417
20424	-1042.847	-1231.392	188.5449	1.275218	0.8953414	1.403171
20430	-1046.295	-1235.392	189.0967	1.148521	0.8003758	1.140868
20436	-1027.676	-1216.457	188.7807	1.230969	0.6627979	1.471809
20442	-1032.994	-1221.656	188.6625	1.247569	0.5989165	1.613375
20448	-1043.937	-1232.971	189.0333	1.341968	0.4136404	1.495651
20454	-1038.224	-1227.227	189.0029	1.368636	0.4895161	1.395506
20460	-1043.314	-1232.06	188.7461	1.428939	1.090807	0.9116851
20466	-1044.235	-1233.328	189.0933	1.528933	0.6610779	0.9475242
20472	-1054.234	-1242.862	188.6275	1.440895	0.8420898	1.25138
20478	-1057.519	-1246.184	188.6652	1.536325	0.4278288	1.604447
20484	-1038.144	-1226.843	188.6994	1.639975	0.6260457	1.252855
20490	-1041.651	-1230.602	188.9515	1.746104	0.4594298	1.170181
20496	-1038.254	-1227.098	188.8439	1.460303	0.5923292	1.321228
20502	-1052.189	-1240.5	188.3109	1.20428	0.823382	1.688476
20508	-1058.318	-1246.876	188.5581	1.248747	0.7065002	1.581177
20514	-1042.867	-1230.999	188.1318	1.330148	0.9094944	1.658091
20520	-1043.422	-1231.754	188.3323	1.200246	1.140409	1.437895
20526	-1037.425	-1226.253	188.8277	1.387967	0.6134202	1.367363
20532	-1024.884	-1213.693	188.8091	1.359942	0.8763873	1.131505
20538	-1034.599	-1223.036	188.4364	1.2638	0.9074959	1.484823
20544	-1039.796	-1228.543	188.7473	1.426264	0.8393647	1.164277
20550	-1039.422	-1227.852	188.4301	1.113497	1.069158	1.479815
20556	-1039.091	-1227.425	188.3349	1.20865	1.069158	1.479815
20562	-1041.746	-1230.534	188.7882	1.319512	0.6086564	1.456298
20568	-1032.322	-1220.766	188.4437	1.061349	0.984084	1.570513
20574	-1034.229	-1222.415	188.1861	1.21289	0.984084	1.647475
20580	-1033.023	-1221.451	188.4287	1.136561	0.984084	1.526059
20586	-1041.73	-1230.611	188.8805	1.437951	0.422296	1.526059
20592	-1044.357	-1233.213	188.8551	1.432757	0.422296	1.548724
20598	-1037.943	-1225.965	188.0218	1.016444	1.270985	1.71701
20604	-1040.729	-1228.73	188.0012	1.085261	1.103458	1.78637
20610	-1037.688	-1226.242	188.554	1.291182	0.841812	1.429757
20616	-1047.088	-1234.389	187.3017	1.112813	1.757933	1.901435
20622	-1039.952	-1228.165	188.2131	1.423461	1.348074	1.212526
20628	-1043.232	-1232.055	188.823	1.157545	0.6796919	1.478252
20634	-1047.116	-1235.442	188.3268	1.369354	0.641408	1.723003
20640	-1050.923	-1238.296	187.3732	0.8622202	1.05209	2.379535
20646	-1044.619	-1232.741	188.1225	1.177457	1.127883	1.619272
20652	-1059.758	-1248.186	188.428	1.177675	0.8183782	1.627871
20658	-1044.554	-1232.33	187.7757	1.259745	1.431438	1.627871
20664	-1037.278	-1225.768	188.4898	1.282249	0.8496912	1.478705
20670	-1037.466	-1225.925	188.4589	1.272936	1.156515	1.268192
20676	-1028.704	-1217.407	188.703	1.456919	0.6689981	1.350543
20682	-1039.742	-1228.033	188.2907	1.095465	1.082851	1.587026
20688	-1041.677	-1228.793	187.1155	0.9394949	1.157324	2.431769
20694	-1045.618	-1233.683	188.066	1.175684	0.6031746	2.068822
20700	-1045.582	-1233.984	188.401	1.181815	0.8658071	1.605336
20706	-1052.73	-1240.717	187.9868	0.8669526	1.04641	1.981627
20712	-1053.431	-1242.261	188.8302	1.33399	0.7175342	1.295974
20718	-1070.786	-1259.438	188.653	1.346003	0.6210228	1.524801
20724	-1045.621	-1234.118	188.4966	1.108099	1.164627	1.364843
20730	-1054.15	-1241.59	187.4395	1.374048	1.429524	1.785908
20736	-1050.378	-1238.544	188.1662	1.351805	1.182849	1.419893
20742	-1042.043	-1230.448	188.4049	1.226787	1.071844	1.410483
20748	-1042.001	-1230.05	188.0497	1.252258	0.8154961	1.843647
20754	-1041.388	-1230.118	188.7303	1.257171	0.5634997	1.595405
20760	-1045.705	-1233.833	188.1275	1.175214	1.027236	1.685563
20766	-1055.477	-1243.227	187.7504	0.9872275	0.6198687	2.37862
20772	-1062.393	-1249.902	187.509	0.7977711	0.8416079	2.473022
20778	-1053.154	-1240.717	187.5638	1.040455	1.0279	2.158013
20784	-1059.205	-1247.093	187.8878	1.040455	1.0279	1.943706
20790	-1042.267	-1229.927	187.6607	1.034776	1.248528	1.965412
20796	-1042.935	-1230.989	188.0541	1.020903	1.248528	1.704396
20802	-1039.221	-1226.534	187.3127	0.8780558	0.8060919	2.571009
20808	-1037.214	-1224.313	187.0983	0.9001563	0.9810422	2.572015
20814	-1028.787	-1216.395	187.6072	0.9903159	1.119642	2.105594
20820	-1051.483	-1239.296	187.8129	0.9528489	0.6939549	2.296483
20826	-1062.633	-1250.533	187.8996	1.120715	1.4021	1.654982
20832	-1042.97	-1231.925	188.955	1.813222	0.7456799	0.4965735
20838	-1050.85	-1239.832	188.982	1.686147	0.7934626	0.6593817
20844	-1055.158	-1243.462	188.304	1.504702	0.4654371	1.834135
20850	-1040.004	-1227.761	187.7563	1.272613	0.6424926	2.171605
20856	-1038.586	-1227.618	189.0318	1.341313	0.5526592	1.313795
20862	-1036.166	-1223.407	187.241	1.171309	1.243433	2.155242
20868	-1036.258	-1224.218	187.96	0.9476358	0.9748768	1.993076
20874	-1033.019	-1220.664	187.6454	0.9474734	0.855689	2.281801
20880	-1049.31	-1237.642	188.3319	1.061024	0.855689	1.748718
20886	-1051.287	-1239.484	188.1966	1.248435	0.4113291	2.142758
20892	-1044.355	-1231.439	187.0834	1.108076	1.613434	2.114544
20898	-1048.215	-1234.866	186.6508	0.859697	0.9843618	2.868924
20904	-1044.004	-1232.105	188.1006	0.9506746	0.8004304	2.024612
20910	-1040.889	-1228.597	187.7085	1.001854	0.6790004	2.344361
20916	-1033.83	-1221.448	187.6176	1.199961	1.016887	2.024939
20922	-1026.004	-1214.536	188.5319	1.13594	0.9929649	1.441975
20928	-1029.167	-1217.677	188.5097	1.207505	0.6189011	1.730455
20934	-1031.122	-1218.94	187.8181	1.207505	1.101246	1.829894
20940	-1040.646	-1228.983	188.3368	1.375588	1.285973	1.190688
20946	-1038.439	-1226.478	188.0385	1.14419	1.466382	1.500271
20952	-1037.278	-1225.427	188.1484	1.245534	1.466382	1.337078
20958	-1038.936	-1227.691	188.755	1.341892	1.03206	1.048953
20964	-1039.34	-1227.903	188.5629	1.308259	0.6460961	1.593058
20970	-1038.239	-1227.218	188.9792	1.456427	0.7164257	1.060837
20976	-1041.245	-1230.245	189.0003	1.344295	0.8473714	0.9962698
20982	-1038.661	-1227.387	188.7254	1.487338	0.9892545	0.976419
20988	-1041.5	-1230.494	188.9932	1.702813	0.6661324	0.856952
20994	-1058.613	-1247.888	189.2749	1.838575	0.5030527	0.4923852
21000	-1048.604	-1237.391	188.7871	2.009194	0.7018092	0.3914721
21006	-1039.374	-1228.441	189.0673	1.798035	0.593541	0.7694473
21012	-1043.397	-1232.442	189.0447	1.798035	0.6873672	0.5090059
21018	-1045.255	-1233.663	188.4078	1.857649	1.235896	0.4643884
21024	-1051.26	-1240.305	189.0456	1.601976	0.803945	0.675624
21030	-1050.272	-1239.36	189.0882	1.548276	0.6207966	0.9905028
21036	-1045.408	-1234.288	188.8794	1.320052	0.9887298	0.9905028
21042	-1035.069	-1223.973	188.9043	1.502988	0.7598735	1.035914
21048	-1043.806	-1232.766	188.9598	1.536198	0.6900088	1.035914
21054	-1039.493	-1228	188.5071	1.239709	1.289951	1.157894
21060	-1040.935	-1229.603	188.668	1.239709	0.7842167	1.433347
21066	-1041.894	-1230.423	188.5295	1.118825	0.833461	1.584247
21072	-1043.62	-1232.107	188.4877	1.158043	0.9540215	1.488868
21078	-1045.924	-1233.747	187.8225	1.159761	0.9540215	1.957436
21084	-1042.534	-1230.537	188.0028	1.338975	1.352811	1.446106
21090	-1042.606	-1231.279	188.6732	1.273933	0.8980899	1.299938
21096	-1042.831	-1231.806	188.9748	1.402777	0.4945104	1.384221
21102	-1047.111	-1235.95	188.839	1.502543	0.6418133	1.232555
21108	-1046.623	-1235.309	188.6855	1.432257	0.8156269	1.235495
21114	-1039.608	-1228.71	189.1019	1.51276	0.7554674	0.8150454
21120	-1041.967	-1231.101	189.134	1.594281	0.7310341	0.6906275
21126	-1037.078	-1225.989	188.9102	1.720603	0.8499303	0.5886249
21132	-1030.581	-1219.568	188.9869	1.656982	0.6113678	0.996592
21138	-1030.549	-1219.53	188.9812	1.2185	0.8225188	1.158283
21144	-1036.753	-1226.058	189.3044	1.556351	0.3947414	1.131504
21150	-1035.701	-1224.927	189.2256	1.778137	0.3457539	1.09204
21156	-1033.89	-1223.305	189.4147	1.9381	0.2419121	0.9933144
21162	-1046.561	-1235.456	188.8942	1.582924	0.2419121	1.699717
21168	-1039.219	-1227.926	188.7068	1.412095	0.5528725	1.510452
21174	-1035.289	-1224.349	189.0604	1.332025	0.6057544	1.232661
21180	-1040.374	-1229.444	189.0692	1.584337	0.5548316	1.068634
21186	-1037.16	-1226.304	189.1434	1.476849	0.6161152	1.013382
21192	-1041.448	-1230.347	188.8994	1.43432	0.6662745	1.210851
21198	-1038.863	-1227.783	188.9198	1.486407	0.6164283	1.207984
21204	-1039.712	-1227.408	187.697	1.267133	1.435008	1.677098
21210	-1039.151	-1228.044	188.8934	1.470047	0.6725586	1.178061
21216	-1040.014	-1229.149	189.1348	1.644459	0.6427491	0.7917807
21222	-1033.564	-1222.369	188.8044	1.750815	0.9039668	0.6326141
21228	-1027.373	-1216.102	188.7291	1.742028	0.9930803	0.6104791
21234	-1034.494	-1223.586	189.0914	1.742028	0.6675316	0.6461318
21240	-1039.995	-1228.775	188.7803	1.237132	0.8114838	1.321869
21246	-1044.692	-1232.897	188.2045	1.262345	1.048058	1.552099
21252	-1049.862	-1238.344	188.4815	1.302772	1.074693	1.287079
21258	-1063.373	-1251.109	187.7365	1.138335	1.158083	1.897442
21264	-1047.292	-1235.458	188.1663	1.175275	1.158083	1.569076
21270	-1038.51	-1227.204	188.6933	1.500242	0.8526015	1.133286
21276	-1051.917	-1241.085	189.1678	1.817122	0.4894459	0.8275852
21282	-1055.247	-1243.194	187.9471	0.9614885	0.7816374	2.133293
21288	-1058.546	-1245.859	187.3128	0.9614885	1.089734	2.332173
21294	-1060.573	-1249.441	188.8689	2.026424	0.6428901	0.44082
21300	-1058.17	-1246.809	188.6392	1.921112	0.9206634	0.5619148
21306	-1037.16	-1226.261	189.1011	1.887656	0.554508	0.6612862
21312	-1037.103	-1226.124	189.0205	1.833989	0.6293332	0.7065501
21318	-1038.652	-1227.036	188.3842	1.479937	1.272826	1.064035
21324	-1032.863	-1221.231	188.3682	1.48791	1.370789	0.994713
21330	-1025.705	-1214.522	188.8177	1.386202	0.8104662	1.166849
21336	-1035.283	-1223.383	188.1002	1.397218	1.128739	1.472726
21342	-1040.785	-1229.297	188.5118	1.229098	0.8848032	1.472726
21348	-1050.602	-1238.659	188.0571	0.9312018	0.7803851	2.082019
21354	-1052.745	-1240.077	187.3316	0.9301671	0.6630007	2.638495
21360	-1049.157	-1236.624	187.4665	0.7578184	1.125026	2.343146
21366	-1034.089	-1221.537	187.4479	0.8096892	1.08914	2.343146
21372	-1029.266	-1216.829	187.5638	0.968124	0.8201063	2.346557
21378	-1036.771	-1223.543	186.7717	0.7510885	1.231772	2.721604
21384	-1034.058	-1221.172	187.1139	0.7521052	0.9711789	2.660107
21390	-1041.438	-1227.434	185.9967	0.8980194	1.288018	3.072733
21396	-1023.531	-1210.872	187.3408	1.08099	0.7089669	2.501448
21402	-1030.607	-1218.045	187.4384	0.9100524	0.7068606	2.548863
21408	-1033.479	-1220.254	186.775	0.8599506	1.391246	2.572358
21414	-1026.099	-1213.942	187.8429	1.077945	0.6911224	2.199178
21420	-1044.211	-1231.322	187.1107	1.067665	0.6651889	2.688046
21426	-1032.894	-1221.16	188.266	1.271739	0.7511994	1.733483
21432	-1024.812	-1213.519	188.7069	1.355651	0.3307234	1.839569
21438	-1025.473	-1213.691	188.2176	1.238647	0.6506577	1.880289
21444	-1026.929	-1214.554	187.6258	1.064521	0.8187929	2.246317
21450	-1028.481	-1216.001	187.5205	1.064521	0.9133422	2.246317
21456	-1031.082	-1218.525	187.4424	0.978885	0.9133422	2.35092
21462	-1029.92	-1216.838	186.9176	1.003581	0.9133422	2.663374
21468	-1034.554	-1222.569	188.0148	1.192215	0.8419821	1.887663
21474	-1025.191	-1213.621	188.4304	1.118712	0.7829073	1.698211
21480	-1029.911	-1218.268	188.3566	1.277138	1.234232	1.292967
21486	-1032.832	-1221.34	188.5078	1.247867	0.9172981	1.434681
21492	-1032.124	-1220.702	188.5777	1.345654	0.9800573	1.248793
21498	-1032.134	-1220.605	188.4718	1.318737	0.5875045	1.710855
21504	-1041.828	-1229.605	187.7764	1.236592	0.9685122	1.926681
21510	-1045.807	-1234.099	188.2921	0.9010426	0.7237382	1.992657
21516	-1053.753	-1241.654	187.9012	0.9672301	1.183161	1.886667
21522	-1041.754	-1229.465	187.7106	0.9227775	1.166795	2.05394
21528	-1038.675	-1226.503	187.8282	0.9782081	0.9842903	2.05394
21534	-1042.976	-1231.193	188.2167	1.382091	0.9842903	1.500869
21540	-1043.01	-1231.483	188.4729	1.429291	1.05335	1.205613
21546	-1039.867	-1228.495	188.628	1.582058	1.035113	0.9314815
21552	-1034.381	-1223.174	188.7934	1.499652	0.7558474	1.146053
21558	-1039.883	-1228.391	188.5074	1.464161	1.237155	0.9885854
21564	-1038.383	-1226.855	188.4726	1.640972	1.135556	0.933736
21570	-1040.338	-1229.564	189.2263	1.667622	0.5018389	0.9106228
21576	-1039.794	-1228.433	188.6395	1.590748	1.116278	0.8180798
21582	-1047.478	-1235.901	188.4237	1.657665	1.365292	0.7285989
21588	-1041.885	-1230.769	188.8838	1.600041	0.8200432	0.8806042
21594	-1046.133	-1235.175	189.0417	1.759722	0.6550612	0.7350296
21600	-1031.877	-1220.918	189.0413	1.879719	0.6128066	0.6184876
21606	-1037.498	-1226.147	188.6484	1.587765	1.057868	0.8777644
21612	-1041.504	-1230.726	189.2218	1.695501	0.5850676	0.7083119
21618	-1047.129	-1236.206	189.0774	1.612673	0.6080607	0.9540413
21624	-1046.252	-1235.061	188.8094	1.495252	0.5970535	1.315324
21630	-1041.851	-1230.91	189.0594	1.64623	0.6284964	0.9057688
21636	-1019.42	-1208.355	188.9347	1.496206	0.6701833	1.121202
21642	-1028.135	-1217.058	188.9231	1.514677	0.6701833	1.114971
21648	-1032.358	-1220.605	188.2468	1.081857	1.106912	1.61248
21654	-1055.151	-1242.756	187.6049	0.915288	1.151917	2.136992
21660	-1040.881	-1229.236	188.3554	1.075899	1.027428	1.592929
21666	-1046.429	-1234.287	187.8583	1.114418	0.5590834	2.285956
21672	-1043.389	-1231.687	188.2973	1.153485	1.079703	1.541663
21678	-1035.272	-1222.624	187.3518	1.012534	0.819125	2.453158
21684	-1034.801	-1221.878	187.0773	0.9843407	0.746335	2.695214
21690	-1037.181	-1224.149	186.9676	0.8542838	0.9584917	2.695214
21696	-1034.486	-1222.271	187.785	0.8362273	0.9886737	2.172351
21702	-1036.967	-1225.356	188.3886	1.17072	0.7857257	1.688592
21708	-1037.741	-1225.021	187.2797	1.005223	1.12978	2.301762
21714	-1035.911	-1223.85	187.9391	1.036019	0.9755682	1.947378
21720	-1030.762	-1219.103	188.3402	1.285974	0.569539	1.843828
21726	-1033.654	-1222.222	188.568	1.274061	0.9216909	1.363842
21732	-1052.545	-1240.986	188.4409	1.030402	0.8420983	1.704405
21738	-1043.958	-1231.422	187.4638	0.8691523	1.055174	2.315714
21744	-1041.092	-1228.547	187.4544	1.174388	1.850637	1.712453
21750	-1041.179	-1228.548	187.3682	1.022107	1.594587	1.991783
21756	-1052.265	-1239.884	187.6182	1.242849	1.659044	1.635767
21762	-1039.474	-1227.955	188.4811	1.597791	1.008929	1.087329
21768	-1053.765	-1242.084	188.3194	1.17509	1.13543	1.47037
21774	-1050.755	-1238.215	187.4595	1.409064	1.626624	1.646281
21780	-1059.971	-1248.666	188.695	1.315175	0.6468752	1.489382
21786	-1046.488	-1234.498	188.0103	1.124544	1.019769	1.808339
21792	-1042.411	-1230.345	187.9345	1.168328	1.019769	1.83036
21798	-1045.147	-1233.23	188.0826	0.9037957	1.017149	1.911596
21804	-1038.876	-1227.337	188.4614	1.319799	1.023706	1.329347
21810	-1047.773	-1236.051	188.2784	1.556316	1.393101	0.9986802
21816	-1054.759	-1243.283	188.5236	1.505447	1.15973	0.9986802
21822	-1052.716	-1240.998	188.2829	1.498989	1.272034	1.139952
21828	-1058.58	-1247.489	188.9092	1.660743	0.7648291	0.8564196
21834	-1046.806	-1235.764	188.9582	1.518774	0.907001	0.7654012
21840	-1043.788	-1233.022	189.2348	1.769792	0.493149	0.7938876
21846	-1031.07	-1219.99	188.92	1.714694	0.8010714	0.7051759
21852	-1042.791	-1232	189.2088	1.807144	0.4741632	0.8211967
21858	-1046.315	-1234.994	188.6791	1.849268	0.946386	0.581359
21864	-1045.454	-1234.307	188.8533	1.65952	0.946386	0.6265044
21870	-1039.702	-1228.379	188.6769	1.51781	0.946386	1.037987
21876	-1045.534	-1234.384	188.8492	1.736593	0.8687581	0.6506656
21882	-1043.736	-1232.643	188.907	1.412858	0.8687581	0.9970485
21888	-1040.763	-1229.586	188.8236	1.496268	0.8687581	0.9970485
21894	-1049.421	-1237.677	188.2562	1.546299	1.541658	0.916166
21900	-1040.887	-1229.884	188.9973	1.842947	0.689372	0.5019157
21906	-1042.992	-1231.84	188.8481	1.910175	0.7049978	0.6964894
21912	-1030.771	-1219.514	188.743	1.642469	1.00777	0.7467148
21918	-1051.129	-1239.942	188.8126	1.671109	0.87496	0.8042457
21924	-1043.137	-1232.148	189.0111	1.541638	0.5923078	1.109742
21930	-1037.25	-1226.036	188.7862	1.35582	0.8373195	1.193619
21936	-1042.324	-1231.06	188.7361	1.544456	0.9510414	0.9465229
21942	-1037.271	-1225.837	188.5667	1.628758	0.9367788	1.046991
21948	-1034.024	-1222.552	188.5288	1.628751	1.081428	0.9402916
21954	-1035.402	-1224.011	188.6097	1.607829	1.012834	0.9469311
21960	-1036.912	-1225.536	188.6238	1.613841	0.9871087	0.9528223
21966	-1039.003	-1228.109	189.1061	1.656504	0.6152207	0.861901
21972	-1044.596	-1233.545	188.9485	1.657087	0.6739512	0.9467459
21978	-1053.396	-1241.671	188.2744	1.930902	1.299761	0.4342352
21984	-1045.229	-1234.656	189.427	1.749764	0.3968153	0.7950762
21990	-1044.418	-1233.495	189.0774	1.83673	0.6065763	0.655284
21996	-1033.099	-1222.257	189.1581	1.583725	0.5732004	0.9535931
22002	-1028.141	-1217.395	189.2537	1.803542	0.4596833	0.8000092
22008	-1038.994	-1227.771	188.7777	1.585215	0.7652233	1.071993
22014	-1037.043	-1225.832	188.7887	1.642814	1.006423	0.6705123
22020	-1033.053	-1222.094	189.0407	1.705887	0.7250142	0.6705123
22026	-1040.825	-1229.946	189.1206	1.705887	0.6216013	0.7672355
22032	-1042.771	-1231.51	188.7397	1.586274	1.023832	0.8078993
22038	-1052.756	-1241.343	188.5873	1.483317	0.6509805	1.439196
22044	-1046.289	-1235.334	189.0448	1.352039	0.6509805	1.174423
22050	-1037.214	-1224.885	187.6705	0.9333707	1.271012	2.013971
22056	-1056.064	-1243.863	187.7991	0.9052519	1.302185	1.929411
22062	-1060.433	-1247.956	187.5232	1.017914	1.070617	2.172284
22068	-1061.525	-1249.385	187.8595	1.047199	0.9423311	2.016056
22074	-1038.808	-1227.552	188.7444	1.170935	0.8327785	1.383336
22080	-1031.039	-1219.451	188.4119	1.396063	0.9304826	1.383336
22086	-1043.101	-1231.792	188.6908	1.170228	0.8811543	1.383336
22092	-1050.833	-1238.839	188.0059	1.242327	1.332493	1.528791
22098	-1057.748	-1245.137	187.3891	1.120765	1.684525	1.869528
22104	-1053.883	-1242.445	188.5619	1.319744	0.8946843	1.355486
22110	-1045.937	-1234.493	188.5561	1.372	0.6974605	1.500103
22116	-1046.976	-1235.636	188.6596	1.368405	0.9697436	1.168492
22122	-1048.82	-1237.516	188.6968	1.445141	0.9697436	1.065364
22128	-1055.236	-1243.717	188.4815	1.433663	1.011353	1.229402
22134	-1051.878	-1240.181	188.3027	1.369383	1.253165	1.24814
22140	-1052.103	-1240.747	188.6441	1.4328	0.8682369	1.219568
22146	-1049.108	-1238.14	189.0327	1.714981	0.6643394	0.7945459
22152	-1049.447	-1237.83	188.3829	2.119177	0.898443	0.3175042
22158	-1043.215	-1231.781	188.5666	2.119177	0.7938148	0.3982182
22164	-1054.792	-1243.732	188.9403	1.6259	0.9071511	0.5937819
22170	-1055.404	-1244.634	189.2305	1.661556	0.5527534	0.8162731
22176	-1056.02	-1244.89	188.8697	1.455654	0.8912191	0.9662533
22182	-1049.689	-1237.613	187.9236	1.275436	1.421782	1.513285
22188	-1056.309	-1245.08	188.7708	1.142509	1.001391	1.239269
22194	-1046.953	-1235.822	188.8681	1.196538	0.6863397	1.407134
22200	-1049.05	-1236.8	187.7499	1.209801	1.463993	1.66466
22206	-1035.921	-1224.399	188.478	1.164741	0.9996384	1.455994
22212	-1041.97	-1230.671	188.7008	1.562795	0.831376	1.091594
22218	-1050.514	-1239.804	189.2899	1.489688	0.4590068	1.097526
22224	-1032.662	-1221.377	188.7145	1.314938	0.6849979	1.435668
22230	-1033.402	-1222.064	188.662	1.164308	0.7960689	1.484497
22236	-1046.655	-1235.515	188.8598	1.237814	0.7697859	1.297179
22242	-1034.984	-1223.625	188.6407	1.423553	0.7697859	1.324186
22248	-1033.155	-1221.509	188.3545	1.303	1.392407	1.164293
22254	-1033.141	-1221.707	188.5661	1.311449	0.9778242	1.288532
22260	-1027.15	-1215.824	188.674	1.419202	0.7374531	1.332916
22266	-1040.393	-1229.361	188.9681	1.553038	0.6659443	1.042583
22272	-1033.84	-1222.726	188.8863	1.27616	0.655391	1.363145
22278	-1024.54	-1212.529	187.9898	1.221355	1.297104	1.577368
22284	-1032.323	-1220.92	188.5967	1.432475	1.021926	1.120975
22290	-1040.123	-1228.661	188.5378	1.25419	0.7434085	1.557752
22296	-1032.665	-1221.255	188.59	1.25419	1.012427	1.287379
22302	-1036.081	-1225.001	188.9205	1.324266	0.6675959	1.283679
22308	-1032.856	-1221.03	188.174	1.348088	1.056122	1.505356
22314	-1046.759	-1235.071	188.3122	1.26981	0.9779009	1.518307
22320	-1035.215	-1222.941	187.7263	1.069944	0.9002592	2.118412
22326	-1041.692	-1230.151	188.4585	1.089665	0.6703555	1.798779
22332	-1066.703	-1255.192	188.4889	1.392142	0.8467617	1.397679
22338	-1067.753	-1256.002	188.2489	1.185154	0.9913768	1.616904
22344	-1060.845	-1249.987	189.1423	1.946914	0.4193764	0.8518517
22350	-1050.72	-1239.659	188.939	1.946914	0.6462288	0.5830377
22356	-1063.143	-1251.85	188.7063	1.766669	0.9804964	0.6378968
22362	-1053.694	-1242.232	188.5382	1.766669	1.185839	0.5596427
22368	-1043.841	-1232.35	188.5088	1.766669	1.198834	0.6192368
22374	-1044.756	-1234.041	189.2853	1.759	0.5332213	0.6086014
22380	-1031.269	-1220.271	189.0019	1.759	0.6905892	0.7238093
22386	-1047.341	-1236.197	188.8562	1.759	0.8607885	0.5992258
22392	-1052.021	-1240.859	188.8377	1.766915	0.8833347	0.5399962
22398	-1054.785	-1243.348	188.5624	1.831684	1.094581	0.506152
22404	-1057.794	-1246.466	188.672	1.819795	0.9887064	0.5520877
22410	-1032.695	-1221.824	189.1283	1.7208	0.6062621	0.7662482
22416	-1046.957	-1235.773	188.8163	1.797387	0.785872	0.7662482
22422	-1053.832	-1242.768	188.9354	1.774981	0.785872	0.5695033
22428	-1049.794	-1239.044	189.2502	1.800704	0.5012176	0.7038823
22434	-1039.655	-1228.607	188.952	1.857389	0.7021282	0.5891178
22440	-1042.37	-1230.98	188.6102	1.877504	0.9832917	0.4192491
22446	-1034.63	-1223.226	188.5962	2.001979	0.8851338	0.4409558
22452	-1043.098	-1231.675	188.5764	2.012978	0.8631281	0.3706442
22458	-1050.37	-1238.363	187.992	2.03046	1.490728	0.3661399
22464	-1048.998	-1237.311	188.3138	2.014343	1.143458	0.4042173
22470	-1054.007	-1242.636	188.6291	1.929105	0.9094507	0.4042173
22476	-1050.344	-1239.377	189.0325	1.951901	0.5761389	0.5900934
22482	-1053.157	-1241.727	188.5703	2.040178	0.8800659	0.4798178
22488	-1050.152	-1239.205	189.0522	1.807172	0.6641796	0.5899704
22494	-1046.033	-1235.066	189.0327	1.794442	0.6608037	0.6776919
22500	-1038.234	-1226.989	188.7554	1.648771	1.030375	0.6776919
22506	-1044.167	-1232.769	188.6019	1.530648	1.228935	0.8151085
22512	-1041.296	-1230.338	189.0421	1.371645	0.6881455	1.115072
22518	-1034.886	-1223.778	188.8915	1.467295	0.7080472	1.141137
22524	-1043.587	-1232.769	189.1815	1.751733	0.4536721	0.9567728
22530	-1032.363	-1221.728	189.3644	1.970574	0.3352391	0.7494871
22536	-1038.212	-1226.563	188.3519	1.929974	1.219425	0.514526
22542	-1036.723	-1225.082	188.3587	1.85449	1.297658	0.4606513
22548	-1036.046	-1224.961	188.9153	1.810836	0.7752388	0.5562594
22554	-1044.102	-1232.545	188.4433	1.966992	1.06593	0.42986
22560	-1044.339	-1233.536	189.1966	1.7291	0.5670117	0.7384289
22566	-1041.579	-1230.568	188.989	1.381811	0.8874551	0.9223685
22572	-1045.498	-1234.498	189.0003	1.352917	0.638993	1.225999
22578	-1052.683	-1241.318	188.6342	1.278815	0.8540143	1.366174
22584	-1034.88	-1223.39	188.5102	1.066269	0.6942896	1.757054
22590	-1044.705	-1232.252	187.5469	1.107046	1.238944	1.998608
22596	-1036.651	-1225.395	188.7433	1.320003	0.6821689	1.412426
22602	-1049.597	-1238.748	189.1513	1.539466	0.6008486	0.964242
22608	-1046.055	-1234.885	188.83	1.559794	0.9262621	0.8526964
22614	-1041.036	-1228.68	187.6437	1.419614	1.818104	1.407288
22620	-1037.572	-1226.382	188.8102	1.422949	0.6653036	1.295634
22626	-1037.948	-1227.076	189.1276	1.494398	0.625409	0.9985035
22632	-1052.62	-1240.704	188.084	1.26421	1.698907	1.240418
22638	-1044.485	-1233.191	188.7057	1.352653	0.6382052	1.462036
22644	-1042.064	-1231.075	189.0108	1.297977	0.6382052	1.264085
22650	-1048.143	-1237.106	188.963	1.479104	0.715554	1.055756
22656	-1056.182	-1245.209	189.027	1.32013	0.5862599	1.293727
22662	-1038.194	-1226.501	188.3079	1.349055	0.6222426	1.769287
22668	-1042.973	-1230.37	187.397	0.7001337	0.993799	2.502556
22674	-1043.358	-1231.599	188.2411	0.801732	0.6566308	2.149915
22680	-1039.748	-1227.135	187.3865	0.8865552	0.7294442	2.577796
22686	-1036.7	-1224.412	187.7122	0.9152377	0.7543399	2.335786
22692	-1030.315	-1217.626	187.3107	0.8602546	1.197749	2.335786
22698	-1038.638	-1226.477	187.8392	0.8483834	0.9173984	2.177203
22704	-1031.809	-1219.333	187.5239	1.049726	0.6813116	2.42894
22710	-1029.406	-1216.99	187.5846	1.101398	0.8264506	2.243386
22716	-1035.091	-1222.959	187.8677	1.101398	0.8034523	2.076583
22722	-1040.717	-1228.447	187.7298	0.9487604	1.178075	2.017365
22728	-1032.156	-1220.377	188.2209	0.9697685	0.7013245	2.013495
22734	-1037.856	-1225.708	187.8512	0.8733053	1.13325	2.013495
22740	-1037.44	-1224.621	187.1814	0.9540995	1.044166	2.447387
22746	-1037.008	-1224.783	187.7749	0.9826227	1.044166	2.047035
22752	-1033.386	-1220.933	187.547	1.086536	1.107154	2.089524
22758	-1038.081	-1226.419	188.338	1.294811	0.7397126	1.676323
22764	-1043.995	-1232.855	188.86	1.374464	0.8145617	1.135621
22770	-1046.29	-1235.16	188.8698	1.335786	0.8520532	1.12301
22776	-1030.86	-1219.692	188.8322	1.42261	0.8520532	1.077894
22782	-1040.871	-1229.819	188.9482	1.42261	0.8520532	0.9640864
22788	-1042.288	-1231.559	189.2709	1.764701	0.3946785	0.9640864
22794	-1041.228	-1230.42	189.192	1.600992	0.518852	0.9879655
22800	-1043.856	-1232.559	188.7027	1.351454	1.120593	1.009029
22806	-1039.391	-1228.071	188.6807	1.297291	0.8285037	1.337693
22812	-1041.343	-1229.952	188.6087	1.3079	0.8831837	1.337693
22818	-1044.614	-1233.394	188.7803	1.475345	0.812724	1.11854
22824	-1043.478	-1231.484	188.0061	1.008717	1.013626	1.894697
22830	-1051.428	-1238.772	187.3433	1.016965	1.50503	2.054325
22836	-1044.698	-1232.325	187.6269	1.00657	0.5096912	2.549071
22842	-1037.588	-1225.162	187.5748	0.8175482	0.9972452	2.314073
22848	-1047.13	-1234.89	187.7607	0.9182876	0.7402635	2.314073
22854	-1043.393	-1230.401	187.0079	0.7176692	1.45009	2.487835
22860	-1034.724	-1221.98	187.2562	0.9456007	0.915457	2.487835
22866	-1040.681	-1227.53	186.8487	0.9068283	1.144488	2.625598
22872	-1044.736	-1232.215	187.4793	1.031638	0.7729582	2.395215
22878	-1043.357	-1230.912	187.5548	0.9478719	0.8556543	2.339354
22884	-1044.275	-1230.974	186.6989	0.8386052	1.107624	2.780047
22890	-1047.179	-1233.783	186.6045	1.001391	0.9415151	2.837833
22896	-1037.199	-1225.442	188.243	1.196213	0.8902482	1.68914
22902	-1040.804	-1228.713	187.9092	1.149023	1.067993	1.82895
22908	-1033.539	-1221.923	188.3837	1.197057	0.7569606	1.698068
22914	-1042.015	-1229.928	187.9133	1.177519	0.9003386	1.922576
22920	-1039.299	-1227.544	188.2455	1.132022	0.6991963	1.889709
22926	-1042.043	-1230.949	188.9056	1.208877	0.8809857	1.175148
22932	-1032.972	-1221.713	188.7407	1.292838	0.4935424	1.642621
22938	-1043.625	-1232.146	188.5209	1.521438	0.4864396	1.644852
22944	-1041.354	-1229.918	188.5639	1.376306	0.6017611	1.588419
22950	-1032.591	-1220.839	188.2481	1.310997	1.009494	1.511707
22956	-1028.95	-1216.566	187.6165	0.8218166	0.806186	2.416106
22962	-1042.087	-1229.356	187.2696	0.840658	1.017201	2.479741
22968	-1037.217	-1223.617	186.3998	0.8000284	0.8778726	3.122879
22974	-1039.012	-1226.421	187.4095	0.9481239	1.004176	2.331764
22980	-1034.133	-1222.311	188.178	1.101181	1.028999	1.70105
22986	-1036.406	-1224.835	188.4288	1.150664	1.067854	1.453486
22992	-1042.289	-1231.174	188.8856	1.174818	0.6351523	1.463715
22998	-1051.515	-1239.672	188.1573	1.050007	0.6039954	2.090627
23004	-1032.625	-1220.457	187.8315	1.014527	1.268517	1.852026
23010	-1033.515	-1222.062	188.5475	1.214761	1.185396	1.221379
23016	-1022.649	-1211.361	188.7114	1.613251	1.068516	0.7493475
23022	-1032.548	-1221.578	189.0293	1.635796	0.6123233	0.9736512
23028	-1037.845	-1226.849	189.0035	1.567056	0.561571	1.135122
23034	-1047.37	-1235.835	188.4648	1.272124	0.8331641	1.519147
23040	-1049.354	-1237.951	188.5967	1.770864	1.106669	0.5928985
23046	-1051.131	-1239.807	188.6764	1.759572	1.009696	0.6548453
23052	-1038.846	-1228.029	189.1835	1.91664	0.4931664	0.6323586
23058	-1041.654	-1230.433	188.7795	1.906395	0.8100954	0.5501856
23064	-1044.103	-1232.712	188.6088	1.887742	0.9848574	0.4554152
23070	-1033.995	-1222.793	188.7973	1.699815	0.9612052	0.6273974
23076	-1027.543	-1216.082	188.539	1.556943	0.9612052	1.115914
23082	-1043.898	-1231.681	187.7829	0.9379723	1.574957	1.776151
23088	-1038.603	-1226.213	187.6092	0.9448421	1.122407	2.132377
23094	-1047.807	-1234.292	186.4847	0.9704854	0.9657101	2.913886
23100	-1049.168	-1236.867	187.6989	0.9518494	1.156094	2.048782
23106	-1041.819	-1228.943	187.1242	0.9342632	1.139409	2.439746
23112	-1042.823	-1230.668	187.8456	1.195974	0.8876771	1.965005
23118	-1038.635	-1227.252	188.6171	1.242865	0.7949136	1.460105
23124	-1040.34	-1228.249	187.909	1.22252	1.611296	1.460105
23130	-1044.865	-1232.436	187.5708	1.387332	1.528518	1.631707
23136	-1038.841	-1227.899	189.0576	1.38403	0.4173874	1.440055
23142	-1049.995	-1238.8	188.8051	1.331935	0.5494194	1.5009
23148	-1051.763	-1240.071	188.3087	1.216267	0.6179871	1.86457
23154	-1033.574	-1221.531	187.9566	1.236457	0.8848705	1.86457
23160	-1044.975	-1233.533	188.5581	1.347964	0.9720506	1.269952
23166	-1039.658	-1228.621	188.9629	1.502389	0.6315388	1.137856
23172	-1046.636	-1235.107	188.4711	1.444449	1.40233	0.9060492
23178	-1065.15	-1253.448	188.298	1.6458	1.376184	0.8971319
23184	-1054.174	-1242.44	188.2656	1.675311	1.270228	0.9914096
23190	-1034.948	-1223.917	188.9691	1.647636	0.6341829	0.9914096
23196	-1035.629	-1224.47	188.8407	1.414501	0.8464139	1.083466
23202	-1038.039	-1226.835	188.7969	1.451497	0.8464139	1.089728
23208	-1048.365	-1237.055	188.6896	1.16502	0.583533	1.669527
23214	-1053.761	-1242.043	188.2822	1.184249	1.160393	1.47452
23220	-1046.643	-1234.782	188.1387	1.227241	1.091437	1.595844
23226	-1037.898	-1226.231	188.3321	1.159478	0.8405026	1.691313
23232	-1040.391	-1228.042	187.6504	1.08134	0.5877072	2.411766
23238	-1037.002	-1225.58	188.5779	1.335167	0.9247647	1.304435
23244	-1044.84	-1233.234	188.3945	1.28301	1.151079	1.316521
23250	-1050.259	-1237.039	186.7803	0.9659996	1.092665	2.660668
23256	-1058.979	-1246.516	187.537	0.8259424	0.5670709	2.660668
23262	-1062.09	-1250.616	188.5265	1.036824	0.5598865	1.896773
23268	-1036.323	-1224.195	187.8716	1.256171	0.5686733	2.176672
23274	-1036.393	-1223.895	187.5018	1.052794	0.5686733	2.540545
23280	-1040.862	-1228.824	187.9621	1.268844	0.6171629	2.062587
23286	-1036.107	-1224.248	188.1403	1.268844	0.6862016	1.87975
23292	-1036.722	-1224.9	188.1782	1.114127	1.12533	1.626489
23298	-1033.33	-1221.125	187.7947	1.460115	1.586436	1.378344
23304	-1036.321	-1224.16	187.8392	1.20877	0.8500621	1.98869
23310	-1048.123	-1236.509	188.3857	1.127414	0.882437	1.642408
23316	-1052.709	-1240.423	187.7142	1.103754	0.9961292	2.038402
23322	-1051.399	-1239.55	188.1505	1.206911	1.284439	1.476365
23328	-1048.08	-1235.986	187.906	1.219819	1.588762	1.476365
23334	-1051.04	-1239.73	188.6901	1.155085	0.8148946	1.453426
23340	-1037.443	-1225.786	188.3425	1.208542	0.5909847	1.873416
23346	-1031.624	-1219.785	188.1606	1.199843	0.7181588	1.884677
23352	-1031.986	-1220.635	188.6488	1.140254	0.6300652	1.66839
23358	-1027.555	-1215.673	188.1176	1.159013	0.6606609	1.99217
23364	-1038.809	-1227.484	188.6752	1.178019	0.5474549	1.709361
23370	-1042.957	-1231.219	188.2621	1.262648	0.9698774	1.56667
23376	-1045.832	-1234.426	188.5936	1.549823	1.248974	0.7775844
23382	-1037.019	-1225.921	188.9024	1.549823	0.9221406	0.7775844
23388	-1032.219	-1220.901	188.6817	1.557317	1.029106	0.9061826
23394	-1047.526	-1235.634	188.1076	1.238365	0.8328764	1.799455
23400	-1026.867	-1215.045	188.1779	1.198138	0.8328764	1.778614
23406	-1028.174	-1216.851	188.6768	1.300434	0.6988528	1.461661
23412	-1026.069	-1214.015	187.9461	1.250795	1.452207	1.497595
23418	-1033.939	-1221.985	188.0458	1.278633	1.452207	1.400221
23424	-1042.888	-1231.326	188.438	1.416549	0.7994224	1.460154
23430	-1027.557	-1216.351	188.7939	1.395319	0.9690616	1.020572
23436	-1040.633	-1229.243	188.6095	1.309035	0.7870974	1.422343
23442	-1038.645	-1226.273	187.6275	0.9785698	0.8982542	2.24321
23448	-1051.824	-1238.962	187.1389	1.088841	1.005137	2.413431
23454	-1052.671	-1240.015	187.3433	1.082981	0.8992942	2.35736
23460	-1043.944	-1232.051	188.1063	0.9953187	1.159522	1.740156
23466	-1042.01	-1230.507	188.4978	1.376122	1.214959	1.100545
23472	-1052.17	-1240.285	188.1155	1.455906	1.315189	1.288841
23478	-1047.513	-1235.825	188.312	1.455906	1.315189	1.120723
23484	-1044.954	-1233.46	188.5056	1.395319	1.159071	1.120723
23490	-1038.308	-1226.926	188.6174	1.502742	1.154591	0.9076357
23496	-1029.059	-1218.015	188.9555	1.702406	0.7642265	0.7392714
23502	-1037.261	-1225.983	188.7222	1.565818	1.008809	0.8731448
23508	-1037.844	-1226.609	188.7651	1.499659	1.114941	0.7731912
23514	-1032.656	-1221.439	188.7829	1.610502	0.8903094	0.8937195
23520	-1034.51	-1223.32	188.8098	1.545392	0.971637	0.8372933
23526	-1036.442	-1225.494	189.0512	1.480173	0.6794059	1.015076
23532	-1043.119	-1231.664	188.5452	1.186018	0.7347002	1.610116
23538	-1038.033	-1226.326	188.2931	1.156855	0.603622	1.929439
23544	-1047.596	-1235.855	188.2589	1.05627	1.000227	1.695684
23550	-1030.605	-1218.983	188.3774	1.348974	1.018315	1.377011
23556	-1035.246	-1223.862	188.6164	1.461338	1.018315	1.079752
23562	-1036.054	-1224.924	188.8698	1.299754	0.5548152	1.470111
23568	-1031.549	-1220.437	188.888	1.625763	0.6610081	1.055983
23574	-1035.264	-1223.821	188.5573	1.586	1.08571	0.9511248
23580	-1041.198	-1229.347	188.1487	1.501924	1.714943	0.9511248
23586	-1052.357	-1240.767	188.4095	1.648233	1.431999	0.68015
23592	-1034.341	-1223.231	188.8899	1.605163	0.6672305	1.065711
23598	-1041.229	-1230.04	188.8115	1.478466	0.7365299	1.169871
23604	-1043.296	-1231.049	187.7532	1.00061	0.8521934	2.180589
23610	-1042.622	-1231.251	188.6296	1.249217	0.6614934	1.572108
23616	-1054.708	-1242.687	187.9786	0.9797863	1.025382	1.925062
23622	-1047.148	-1235.068	187.9206	1.245965	0.8290892	1.925062
23628	-1038.293	-1227.436	189.1426	1.420191	0.5628304	1.140338
23634	-1047.33	-1236.418	189.0886	1.610554	0.6038729	0.9508595
23640	-1038.471	-1227.709	189.2372	1.511262	0.5720275	0.9484444
23646	-1033.329	-1222.22	188.891	1.414564	0.7179436	1.17679
23652	-1042.214	-1231.019	188.8053	1.606805	0.8107445	0.9703979
23658	-1046.18	-1234.537	188.3579	1.476001	1.147529	1.188916
23664	-1041.306	-1229.595	188.2881	1.570093	1.437337	0.9393844
23670	-1040.7	-1228.412	187.712	1.557589	1.749166	1.278187
23676	-1048.374	-1237.143	188.769	1.524065	0.7963242	1.102025
23682	-1049.01	-1237.782	188.7721	1.610789	0.7231132	1.102025
23688	-1037.435	-1225.187	187.7528	1.271676	1.330632	1.692218
23694	-1047.577	-1235.802	188.2245	1.19887	1.013948	1.60835
23700	-1056.128	-1243.746	187.6177	1.298362	0.8318178	2.089783
23706	-1042.365	-1230.036	187.6713	1.087942	1.224213	1.936438
23712	-1039.236	-1227.165	187.9282	1.160561	1.203755	1.721765
23718	-1045.74	-1234.404	188.6634	1.251831	0.6009551	1.607467
23724	-1045.625	-1234.072	188.4469	1.251831	0.6437559	1.718905
23730	-1058.297	-1246.364	188.0665	1.464419	1.257248	1.359849
23736	-1040.528	-1229.585	189.0564	1.408637	0.6883868	1.067503
23742	-1038.477	-1227.342	188.8654	1.453994	0.778521	1.097415
23748	-1057.027	-1245.918	188.8916	1.475569	0.8400556	0.9818288
23754	-1033.062	-1221.716	188.6543	1.331833	0.999592	1.178694
23760	-1044.378	-1233.391	189.0131	1.368472	0.6862316	1.146193
23766	-1036.367	-1225.71	189.3426	1.474956	0.2947926	1.347014
23772	-1043.378	-1232.423	189.0458	1.406872	0.6975101	1.067869
23778	-1046.386	-1234.798	188.412	1.21843	0.7408624	1.676979
23784	-1044.06	-1232.463	188.4038	1.310312	1.148904	1.28837
23790	-1050.918	-1239.432	188.5139	1.176593	1.081417	1.357312
23796	-1044.136	-1232.533	188.397	1.132209	0.6987581	1.785899
23802	-1028.746	-1216.453	187.7076	1.073233	0.8402968	2.171805
23808	-1026.342	-1214.939	188.597	1.43993	1.048741	1.090038
23814	-1034.445	-1223.509	189.0643	1.502063	0.7532083	0.8775864
23820	-1031.221	-1219.992	188.7702	1.629336	0.928214	0.8383321
23826	-1041.49	-1230.797	189.3071	1.696042	0.4917409	0.7990203
23832	-1040.441	-1229.743	189.3013	1.523463	0.4545428	1.062788
23838	-1038.203	-1227.007	188.8045	1.523463	0.9483409	0.8978009
23844	-1030.159	-1219.148	188.9893	1.572052	0.6575474	1.014542
23850	-1049.311	-1238.058	188.7466	1.488824	0.9436334	1.00087
23856	-1050.816	-1238.972	188.1566	1.051139	0.839324	1.889199
23862	-1050.312	-1237.648	187.3355	0.9708817	1.137392	2.283619
23868	-1053.72	-1241.713	187.9928	0.9510239	1.118795	1.874777
23874	-1056.386	-1244.131	187.7443	0.9890186	1.019803	2.078752
23880	-1048.114	-1236.558	188.4442	1.233751	0.5535392	1.824989
23886	-1044.814	-1233.428	188.6143	1.598119	0.9154221	1.052349
23892	-1052.037	-1240.318	188.2817	1.154861	0.9980271	1.610232
23898	-1046.75	-1235.235	188.4849	1.133096	0.84682	1.595268
23904	-1053.482	-1240.926	187.4438	1.077395	0.6939649	2.45141
23910	-1039.582	-1226.969	187.3867	1.008848	0.7948801	2.45141
23916	-1051.673	-1238.647	186.9741	0.888103	1.348697	2.45141
23922	-1044.912	-1232.602	187.6902	1.195818	0.7971724	2.135942
23928	-1058.303	-1247.109	188.8062	1.288736	1.085792	1.000619
23934	-1064.922	-1253.368	188.4467	1.185299	1.032132	1.439701
23940	-1048.507	-1237.137	188.6306	1.353668	0.7425246	1.413601
23946	-1039.943	-1228.469	188.5255	1.26451	0.8904771	1.430544
23952	-1022.666	-1211.557	188.891	1.26451	0.5988519	1.430544
23958	-1027.76	-1216.466	188.7052	1.430703	0.7624492	1.273196
23964	-1044.113	-1233.004	188.8913	1.677529	0.7732309	0.8454605
23970	-1042.976	-1232.024	189.048	1.677529	0.6514303	0.8454605
23976	-1043.268	-1232.36	189.0918	1.575856	0.6256054	0.9513271
23982	-1040.563	-1229.633	189.0696	1.539214	0.6497329	0.9775776
23988	-1047.445	-1236.406	188.9605	1.59224	0.6497329	1.033354
23994	-1044.427	-1233.044	188.6172	1.171196	1.028376	1.319873
24000	-1046.581	-1235.078	188.4968	1.703748	1.293887	0.6039258
24006	-1043.065	-1231.792	188.7276	1.597458	1.111396	0.6817971
24012	-1033.485	-1222.397	188.9123	1.552793	0.7866962	0.9447094
24018	-1035.076	-1224.082	189.0059	1.797422	0.715758	0.5372809
24024	-1034.363	-1223.275	188.9122	1.832913	0.7376656	0.6400562
24030	-1023.539	-1212.31	188.7711	1.795171	0.9013021	0.6117837
24036	-1037.671	-1226.33	188.6591	1.809491	1.015572	0.5276631
24042	-1046.378	-1235.536	189.1575	1.75235	0.6208478	0.6175839
24048	-1042.544	-1231.549	189.0045	2.01919	0.5577999	0.539786
24054	-1052.09	-1240.885	188.7948	1.919061	0.7892345	0.4742533
24060	-1033.186	-1222.266	189.0799	1.916023	0.5707959	0.5781494
24066	-1040.039	-1229.226	189.1869	1.962525	0.475125	0.5781494
24072	-1044.892	-1233.868	188.9752	1.866703	0.6797072	0.5781494
24078	-1048.397	-1237.321	188.924	1.927014	0.6797072	0.5324047
24084	-1038.652	-1227.205	188.5533	1.919979	1.009634	0.4644425
24090	-1051.345	-1240.257	188.9123	1.840655	0.7577195	0.4864382
24096	-1053.789	-1242.196	188.4066	1.82469	1.2791	0.4835586
24102	-1051.616	-1240.612	188.996	1.911918	0.6221482	0.6178472
24108	-1045.57	-1234.42	188.8496	1.796355	0.8278397	0.6178472
24114	-1047.919	-1236.211	188.2926	1.300283	0.9320713	1.545387
24120	-1050.599	-1239.081	188.4826	2.064611	0.883	0.3452376
24126	-1041.142	-1229.495	188.3524	2.146459	0.9381353	0.3580837
24132	-1051.377	-1240.121	188.7438	2.086899	0.6774332	0.3956995
24138	-1049.064	-1238.022	188.958	1.893329	0.6774332	0.5502731
24144	-1049.447	-1238.407	188.9602	1.881307	0.6774332	0.5901082
24150	-1036.374	-1225.301	188.9265	1.90123	0.6878518	0.5901082
24156	-1056.897	-1245.397	188.5005	1.900934	1.082613	0.4570626
24162	-1040.571	-1229.128	188.5576	2.09093	0.8282429	0.4043693
24168	-1041.166	-1230.106	188.9399	2.046712	0.5841226	0.4857377
24174	-1039.158	-1228.378	189.2199	1.58366	0.5142573	0.9848097
24180	-1039.421	-1227.531	188.1094	1.239438	1.024495	1.654558
24186	-1048.99	-1237.508	188.5185	1.589441	0.4297536	1.669262
24192	-1034.677	-1223.373	188.6958	1.589441	0.3403017	1.669262
24198	-1040.636	-1229.049	188.4126	1.508358	1.046112	1.19545
24204	-1036.045	-1224.227	188.1825	1.189318	1.290434	1.46165
24210	-1048.148	-1236.094	187.9462	1.17672	1.11858	1.751206
24216	-1042.698	-1231.063	188.3649	1.105345	0.8431105	1.704336
24222	-1049.199	-1237.754	188.5554	1.945695	0.9677742	0.5981468
24228	-1050.097	-1238.89	188.7927	1.705447	0.8384381	0.838126
24234	-1053.001	-1241.954	188.9533	1.771516	0.623504	0.892141
24240	-1057.681	-1246.287	188.6053	1.986619	0.8797773	0.4072479
24246	-1066.031	-1254.53	188.4991	1.968113	0.993372	0.3963481
24252	-1060.425	-1249.138	188.7135	1.968113	0.8128923	0.4484072
24258	-1041.971	-1230.601	188.6302	1.992305	0.8569734	0.4199494
24264	-1049.096	-1237.618	188.5224	2.326782	0.584204	0.2813027
24270	-1049.613	-1237.685	188.0724	1.148422	0.9412438	1.803965
24276	-1047.456	-1235.113	187.6566	1.010778	0.9501375	2.167972
24282	-1049.526	-1237.699	188.1726	1.146159	0.7081048	1.921695
24288	-1042.245	-1230.323	188.0779	0.946281	0.940824	1.938506
24294	-1037.86	-1226.012	188.1521	1.275243	0.940824	1.659108
24300	-1043.638	-1231.908	188.27	1.175739	0.6583367	1.880303
24306	-1045.689	-1233.83	188.1409	1.158781	0.983936	1.718251
24312	-1038.517	-1226.272	187.7555	0.9459316	0.6945239	2.337029
24318	-1067.716	-1254.652	186.9355	1.02738	1.452365	2.337029
24324	-1052.003	-1241.002	188.9991	1.463879	0.7023404	1.05213
24330	-1050.448	-1239.245	188.7969	1.322682	0.8643902	1.186638
24336	-1041.137	-1229.759	188.6221	1.322682	1.130291	1.104449
24342	-1043.203	-1231.965	188.7616	1.387639	0.8490292	1.175918
24348	-1051.552	-1240.147	188.5955	1.41725	1.053084	1.108374
24354	-1047.013	-1235.624	188.6108	1.405481	0.7969084	1.336515
24360	-1039.632	-1228.554	188.9223	1.434183	0.9164765	0.903547
24366	-1045.331	-1234.134	188.803	1.442677	0.9627324	0.9703788
24372	-1045.263	-1234.068	188.8055	1.36424	0.8976506	1.109874
24378	-1053.457	-1241.826	188.3689	1.440649	1.195834	1.172878
24384	-1038.261	-1227.01	188.7489	1.373693	0.8688368	1.179774
24390	-1041.172	-1229.818	188.6466	1.256247	0.5812141	1.637391
24396	-1046.882	-1235.015	188.1328	1.197729	1.06812	1.637391
24402	-1040.858	-1228.976	188.1183	1.214684	1.06812	1.635635
24408	-1036.492	-1224.766	188.2742	1.12275	1.095791	1.570256
24414	-1036.374	-1224.153	187.779	1.139095	0.7896547	2.120818
24420	-1041.34	-1229.694	188.3542	1.084226	0.9897597	1.614887
24426	-1031.311	-1219.692	188.3802	1.187409	0.9528917	1.548016
24432	-1052.183	-1240.967	188.7843	1.297864	0.5858401	1.500753
24438	-1047.047	-1235.549	188.5017	1.13541	0.5998457	1.805411
24444	-1048.049	-1236.474	188.4249	1.209108	0.6650139	1.744039
24450	-1052.974	-1241.309	188.3351	1.042631	0.8753878	1.744039
24456	-1050.758	-1238.67	187.9115	1.011119	0.8753878	2.053155
24462	-1053.921	-1241.244	187.323	0.9177908	1.391474	2.188573
24468	-1059.769	-1247.773	188.0044	1.066119	1.089106	1.806703
24474	-1036.664	-1223.759	187.0953	0.9689716	0.9725291	2.536508
24480	-1035.804	-1223.66	187.8561	0.9452635	0.8890975	2.122994
24486	-1044.35	-1231.73	187.3798	1.045802	0.8580636	2.386536
24492	-1034.032	-1221.978	187.9461	1.097629	0.7314423	2.085159
24498	-1038.195	-1226.163	187.9688	0.98054	1.10454	1.87998
24504	-1043.96	-1231.429	187.4689	1.134165	1.853139	1.729489
24510	-1057.495	-1246.18	188.685	1.357846	0.7144158	1.395676
24516	-1034.956	-1223.439	188.4839	1.357846	1.021004	1.282449
24522	-1039.491	-1227.474	187.9829	1.116525	0.8875036	1.92621
24528	-1040.894	-1229.063	188.1683	1.138429	0.5855522	2.042845
24534	-1046.494	-1234.31	187.816	1.031306	1.082179	1.963074
24540	-1038.735	-1226.605	187.8705	0.9786353	0.9763235	2.031007
24546	-1049.643	-1237.32	187.6775	0.963059	1.197968	2.031007
24552	-1054.19	-1242.109	187.9187	0.9129865	0.9731939	2.044646
24558	-1048.733	-1236.309	187.5759	1.051321	1.050791	2.12855
24564	-1046.497	-1235.003	188.5065	1.061007	1.039961	1.482919
24570	-1040.454	-1228.841	188.387	1.26288	0.9803106	1.465366
24576	-1052.981	-1241.551	188.5696	1.174394	0.8908448	1.465366
24582	-1049.007	-1237.209	188.2021	1.115771	0.8908448	1.773965
24588	-1052.209	-1240.734	188.525	1.178736	1.306028	1.184008
24594	-1045.906	-1234.552	188.6463	1.357028	1.036381	1.131487
24600	-1035.369	-1223.903	188.5338	1.322801	1.10055	1.206375
24606	-1034.596	-1223.107	188.5106	1.529012	0.8293748	1.287057
24612	-1027.793	-1216.492	188.6989	1.416271	0.8484964	1.205769
24618	-1026.353	-1214.824	188.4716	1.416271	0.8741676	1.368284
24624	-1038.386	-1226.718	188.3324	1.273373	1.020922	1.468038
24630	-1049.821	-1239.298	189.4768	1.489018	0.4191996	0.9876971
24636	-1041.243	-1230.187	188.944	1.464204	0.7594766	1.035571
24642	-1037.571	-1226.235	188.6641	1.461185	0.9986333	1.053438
24648	-1042.151	-1230.427	188.2763	1.350288	1.203459	1.320194
24654	-1045.78	-1234.141	188.3615	1.352541	0.9948796	1.404863
24660	-1051.787	-1240.231	188.4433	1.415522	1.063999	1.233656
24666	-1041.898	-1231.003	189.1054	1.484197	0.7346494	0.8773526
24672	-1034.933	-1223.528	188.5958	1.463813	0.9524333	1.156423
24678	-1047.612	-1236.35	188.7382	1.497985	0.4207425	1.588744
24684	-1044.311	-1232.545	188.2344	1.179827	0.8338832	1.751105
24690	-1041.321	-1229.348	188.0278	1.168199	0.9202138	1.83641
24696	-1038.877	-1227.678	188.8012	1.402759	0.5658786	1.430992
24702	-1042.39	-1231.362	188.9714	1.460737	0.6213192	1.17973
24708	-1034.712	-1223.371	188.659	1.256682	0.7609076	1.448862
24714	-1047.236	-1235.859	188.6236	1.372714	0.9821849	1.185031
24720	-1039.815	-1228.738	188.9229	1.453951	0.6316697	1.214643
24726	-1035.364	-1224.105	188.7405	1.258566	0.7355046	1.40892
24732	-1032.18	-1220.901	188.7209	1.391766	0.6915798	1.364217
24738	-1031.261	-1219.975	188.714	1.391297	1.006296	1.065113
24744	-1026.627	-1215.597	188.9701	1.546403	0.6519404	1.065113
24750	-1030.945	-1220.048	189.1025	1.525559	0.7540764	0.799796
24756	-1033.723	-1222.544	188.821	1.649151	0.947678	0.7090613
24762	-1038.079	-1226.913	188.8333	1.4552	0.8122863	1.088936
24768	-1046.956	-1235.759	188.8025	1.50856	0.7392422	1.148368
24774	-1035.436	-1223.738	188.3016	1.641594	1.477879	0.8035667
24780	-1040.694	-1229.395	188.7003	1.645239	1.081814	0.6947436
24786	-1047.151	-1235.575	188.424	1.645239	1.321875	0.7967366
24792	-1042.451	-1231.141	188.6894	1.54987	1.124083	0.7967366
24798	-1046.202	-1235.292	189.0899	1.577758	0.7781385	0.6953133
24804	-1054.07	-1241.559	187.4899	2.32842	1.540122	0.2408786
24810	-1040.718	-1228.903	188.1849	2.415032	0.7110497	0.2408786
24816	-1038.325	-1225.805	187.4799	2.463271	1.140377	0.1725926
24822	-1043.648	-1230.583	186.9351	2.618171	1.504146	0.1501566
24828	-1029.748	-1216.603	186.8547	2.618171	1.504146	0.1342118
24834	-1040.333	-1229.666	189.3331	1.743554	0.380197	0.9509384
24840	-1034.398	-1223.626	189.2283	1.636675	0.4282231	1.069571
24846	-1045.282	-1234.756	189.4743	1.625864	0.3502099	0.9901379
24852	-1044.706	-1233.693	188.9868	1.702048	0.5211881	1.08495
24858	-1034.823	-1223.698	188.8745	1.538739	0.7946941	0.9885741
24864	-1051.298	-1237.911	186.6131	2.864281	1.185006	0.09688901
24870	-1037.079	-1224.17	187.0915	2.890056	0.7361258	0.1013699
24876	-1031.683	-1219.001	187.3174	2.666401	1.016236	0.1540128
24882	-1036.501	-1224.022	187.521	2.532992	0.9705656	0.1595606
24888	-1050.447	-1238.45	188.0033	2.486714	0.8277813	0.2567305
24894	-1055.869	-1244.43	188.5611	2.024371	0.8223926	0.3160343
24900	-1067.145	-1255.17	188.0252	1.202145	1.040568	1.72963
24906	-1054.495	-1242.766	188.2709	1.136986	1.030615	1.607689
24912	-1057.309	-1245.647	188.3378	2.143859	0.9447031	0.3457398
24918	-1044.652	-1233.439	188.7874	2.022228	0.7070017	0.440619
24924	-1053.388	-1241.269	187.8808	1.286783	1.404519	1.54649
24930	-1058.32	-1245.462	187.1424	1.077853	2.463062	1.76058
24936	-1046.772	-1234.691	187.9183	1.258789	1.14424	1.69663
24942	-1048.628	-1236.355	187.7273	1.02857	1.049277	2.044899
24948	-1057.384	-1243.558	186.1735	0.7180298	1.031538	3.211358
24954	-1052.832	-1242.097	189.265	1.481348	0.5249064	1.024678
24960	-1042.985	-1231.931	188.9462	1.616172	0.7758604	0.849496
24966	-1038.061	-1226.881	188.8196	1.589015	0.8603428	0.9137005
24972	-1037.195	-1225.431	188.2361	1.358697	1.12784	1.39867
24978	-1044.482	-1233.377	188.8947	1.09355	0.6347251	1.518425
24984	-1036.051	-1224.757	188.7054	1.352751	0.6732522	1.425601
24990	-1044.593	-1232.84	188.2472	1.168823	1.29409	1.425601
24996	-1055.194	-1242.886	187.692	1.063275	0.873444	2.164294
25002	-1041.782	-1230.34	188.5584	1.2077	0.5943808	1.720916
25008	-1037.463	-1226.132	188.6694	1.1919	0.8698697	1.392874
25014	-1038.233	-1225.679	187.4464	1.052451	1.178684	2.135352
25020	-1042.606	-1230.424	187.8176	1.089157	0.6373457	2.255092
25026	-1047.281	-1234.973	187.6916	0.9197535	0.8384194	2.282454
25032	-1028.825	-1217.682	188.8568	1.520464	0.8316924	0.981267
25038	-1050.984	-1240.029	189.045	1.496526	0.6486532	1.045605
25044	-1058.359	-1247.203	188.8443	1.569906	0.7773944	1.008386
25050	-1049.38	-1238.507	189.1276	1.526222	0.4998571	1.148198
25056	-1042.559	-1231.201	188.6418	1.454713	0.8695957	1.201545
25062	-1058.972	-1247.437	188.4649	1.13732	0.8559257	1.599317
25068	-1046.457	-1235.709	189.2525	1.412071	0.4358185	1.234576
25074	-1047.739	-1236.216	188.4767	1.441825	1.089145	1.16204
25080	-1053.938	-1242.07	188.1322	1.413668	1.169908	1.407184
25086	-1062.007	-1251.136	189.1291	1.342319	0.5054079	1.294981
25092	-1046.822	-1236.091	189.2684	1.578937	0.5109147	0.9449188
25098	-1050.733	-1240.17	189.4375	1.922642	0.3330746	0.7173214
25104	-1045.264	-1234.195	188.931	1.72606	0.7369118	0.7893801
25110	-1052.541	-1241.396	188.8544	1.824991	0.8099122	0.5795564
25116	-1041.819	-1230.468	188.6485	1.733526	1.10414	0.5409977
25122	-1051.452	-1240.419	188.9667	1.742482	0.7019813	0.7789904
25128	-1045.605	-1234.426	188.8211	1.580597	0.8441078	0.94107
25134	-1047.443	-1236.11	188.6663	1.423006	0.9425078	1.139249
25140	-1038.585	-1227.559	188.9739	1.70842	0.7278188	0.770076
25146	-1045.312	-1234.397	189.0852	1.585451	0.5072565	1.122268
25152	-1044.619	-1233.422	188.8034	1.585658	0.5151126	1.348503
25158	-1039.786	-1228.741	188.9555	1.425106	0.459909	1.427785
25164	-1034.689	-1222.984	188.2951	1.49077	0.4568185	1.860073
25170	-1034.861	-1224.044	189.1826	1.693195	0.4568185	1.009575
25176	-1046.167	-1234.93	188.7632	1.632131	0.9906493	0.7574731
25182	-1045.481	-1234.524	189.0433	1.655313	0.8023749	0.5237171
25188	-1042.902	-1231.875	188.973	1.936792	0.6371362	0.5237171
25194	-1033.273	-1222.188	188.9149	1.912883	0.6962266	0.5427743
25200	-1043.104	-1232.236	189.1327	1.912883	0.488037	0.7476593
25206	-1031.411	-1220.281	188.87	1.751683	0.8663527	0.5505248
25212	-1038.414	-1227.335	188.9211	1.649311	0.8663527	0.6864668
25218	-1036.229	-1225.221	188.9912	1.777774	0.7010858	0.6864668
25224	-1034.704	-1223.303	188.5986	1.769561	1.048211	0.7111912
25230	-1036.625	-1225.628	189.0037	1.770038	0.621099	0.838165
25236	-1034.049	-1222.674	188.6252	1.712198	0.9451	0.8909749
25242	-1045.103	-1233.607	188.5046	1.784202	1.065702	0.8034597
25248	-1031.715	-1220.288	188.5729	1.812686	1.084527	0.6008417
25254	-1039.62	-1227.799	188.1789	1.372941	1.494508	1.188991
25260	-1024.13	-1212.466	188.3356	1.330545	1.024473	1.419191
25266	-1038.221	-1226.778	188.5567	1.493285	0.5838669	1.526967
25272	-1041.323	-1230.012	188.689	1.501519	0.4604534	1.569698
25278	-1043.358	-1231.932	188.5738	1.170295	0.9095411	1.449918
25284	-1041.238	-1229.577	188.3393	1.13535	0.4903086	2.03088
25290	-1046.878	-1235.912	189.0335	1.542759	0.5833443	1.100353
25296	-1038.574	-1227.164	188.5901	1.488631	1.013481	1.083278
25302	-1051.997	-1240.788	188.7908	1.433922	0.7332428	1.229363
25308	-1045.064	-1233.689	188.624	1.380789	0.7332428	1.40668
25314	-1049.031	-1237.773	188.7427	1.312733	1.003902	1.113412
25320	-1056.83	-1243.989	187.1589	0.9683629	1.328416	2.293755
25326	-1048.167	-1235.716	187.5486	1.03603	1.099835	2.126001
25332	-1047.223	-1235.098	187.8742	0.9611896	0.9712814	2.043523
25338	-1043.654	-1231.214	187.5598	1.009824	0.8143624	2.326822
25344	-1049.165	-1236.891	187.7256	1.021726	1.248896	1.930286
25350	-1057.339	-1245.006	187.6671	1.000596	1.414648	1.89387
25356	-1047.475	-1234.785	187.3098	0.9424633	1.259515	2.249979
25362	-1056.507	-1241.823	185.3159	0.7385292	0.871199	3.796969
25368	-1051.913	-1238.438	186.5255	0.509905	1.230491	3.01745
25374	-1041.356	-1230.19	188.8337	1.43653	0.6591957	1.272102
25380	-1030.206	-1218.905	188.6987	1.170403	0.7555993	1.489076
25386	-1031.001	-1219.892	188.8905	1.332554	0.5322116	1.456283
25392	-1033.607	-1222.616	189.0091	1.260032	0.5218459	1.433649
25398	-1034.571	-1223.021	188.4498	1.374819	0.9441434	1.358953
25404	-1048.852	-1237.336	188.4845	1.234008	1.12694	1.30102
25410	-1028.944	-1217.908	188.9639	1.552287	0.8158065	0.848065
25416	-1034.031	-1222.562	188.5313	1.612752	0.7533385	1.275684
25422	-1045.476	-1234.582	189.1056	1.390754	0.5325012	1.23827
25428	-1036.822	-1225.576	188.7541	1.257391	0.9708137	1.181894
25434	-1039.464	-1228.877	189.413	1.876352	0.3577593	0.7461507
25440	-1033.62	-1222.459	188.8394	1.733581	0.8438895	0.7254536
25446	-1040.835	-1229.805	188.9695	1.535421	0.8263889	0.8468792
25452	-1044.305	-1233.24	188.9352	1.536946	0.8551763	0.8468792
25458	-1037.858	-1226.575	188.7176	1.439188	0.7785405	1.239611
25464	-1037.352	-1225.716	188.3641	1.475116	1.183687	1.156184
25470	-1047.603	-1236.465	188.862	1.475116	0.8474701	1.003688
25476	-1042.281	-1230.918	188.6371	1.475711	1.110978	0.9583995
25482	-1031.043	-1219.997	188.9535	1.340198	0.6648614	1.24623
25488	-1032.776	-1221	188.2246	1.221804	1.04124	1.572023
25494	-1042.625	-1230.953	188.3279	1.221804	0.5862812	1.879011
25500	-1053.815	-1242.237	188.4217	1.460568	1.147654	1.14652
25506	-1036.879	-1226.067	189.1877	1.549011	0.5666885	0.9691631
25512	-1040.609	-1229.446	188.8371	1.611139	0.6182316	1.169478
25518	-1045.734	-1234.68	188.9455	1.611139	0.7715479	0.8626524
25524	-1043.873	-1232.801	188.9272	1.727625	0.6174354	0.9766878
25530	-1043.129	-1232.182	189.0527	1.555665	0.6519283	0.9749141
25536	-1041.468	-1230.198	188.7304	1.423267	0.8771741	1.144423
25542	-1033.81	-1222.722	188.9119	1.654514	0.7766629	0.8432956
25548	-1044.64	-1233.441	188.8013	1.727816	0.8782797	0.7340127
25554	-1039.238	-1228.357	189.1183	1.704985	0.5302764	0.9373903
25560	-1028.98	-1217.304	188.3241	1.510784	1.423013	0.9751707
25566	-1039.871	-1228.818	188.9467	1.510784	0.8532395	0.8670439
25572	-1037.764	-1226.625	188.8616	1.51551	0.9218724	0.8733358
25578	-1042.805	-1231.303	188.4984	1.499672	1.239123	0.9596289
25584	-1046.209	-1235.065	188.8561	1.202415	0.8841206	1.220252
25590	-1057.287	-1245.814	188.5271	1.030033	1.047269	1.485427
25596	-1058.288	-1246.871	188.5833	1.27215	0.9885393	1.29763
25602	-1048.404	-1237.599	189.1948	1.806571	0.5497028	0.650387
25608	-1045.605	-1234.175	188.5695	1.869884	1.028634	0.6004555
25614	-1041.913	-1230.667	188.7535	1.556628	1.058892	0.7834081
25620	-1042.54	-1231.512	188.9717	1.602601	0.7632651	0.8535718
25626	-1059.317	-1248.244	188.9268	1.560179	0.6926218	1.041258
25632	-1057.855	-1246.506	188.6507	1.431476	1.045535	1.05051
25638	-1048.94	-1237.634	188.6943	1.271654	1.045535	1.156786
25644	-1052.339	-1240.584	188.2445	1.206869	1.047088	1.564218
25650	-1055.934	-1244.152	188.2184	1.000345	1.071758	1.714626
25656	-1051.992	-1240.208	188.2165	0.9648414	1.010995	1.782116
25662	-1056.947	-1244.287	187.3409	0.9079528	1.510151	2.125115
25668	-1060.717	-1248.398	187.681	1.074685	1.036852	2.052974
25674	-1039.436	-1227.454	188.018	0.9359689	1.267548	1.778102
25680	-1034.58	-1222.498	187.918	1.032285	0.9430717	1.986494
25686	-1034.652	-1222.406	187.7546	1.050097	1.09031	1.986494
25692	-1041.8	-1230.528	188.7282	1.381219	0.8385966	1.220204
25698	-1042.511	-1230.74	188.2297	1.034724	0.9538429	1.764571
25704	-1045.151	-1233.089	187.9376	1.206463	1.588477	1.462673
25710	-1040.607	-1228.852	188.2448	1.248245	1.080794	1.509484
25716	-1030.682	-1219.351	188.6692	1.212755	1.157351	1.139105
25722	-1037.278	-1226.08	188.8016	1.524565	0.7799071	1.089619
25728	-1037.257	-1226.065	188.8075	1.537453	0.7739222	1.078854
25734	-1036.235	-1225.311	189.0763	1.485435	0.4300402	1.327633
25740	-1032.406	-1220.911	188.5047	1.040892	0.8904934	1.612667
25746	-1039.091	-1227.536	188.4454	1.107392	0.8488671	1.640812
25752	-1040.925	-1229.346	188.4216	1.161675	0.7926139	1.665659
25758	-1034.214	-1222.944	188.7297	1.417025	0.9072949	1.121305
25764	-1038.068	-1226.788	188.7209	1.445772	0.5695619	1.455266
25770	-1034.426	-1223.111	188.685	1.63264	0.6909464	1.196571
25776	-1036.669	-1224.956	188.287	1.294746	0.4270377	2.033549
25782	-1039.088	-1226.861	187.7735	1.228645	0.804542	2.053961
25788	-1043.211	-1231.128	187.9168	1.239707	0.804542	1.951072
25794	-1048.307	-1235.834	187.5265	1.050174	1.422977	1.951072
25800	-1047.508	-1234.202	186.6942	0.8427116	1.422977	2.617944
25806	-1062.246	-1249.555	187.3089	0.9084141	1.555174	2.124451
25812	-1051.224	-1239.611	188.3868	0.9896256	0.7615546	1.836657
25818	-1043.824	-1231.934	188.1092	1.056219	0.9018652	1.870793
25824	-1046.808	-1235.972	189.1644	1.461186	0.6152343	1.009296
25830	-1046.834	-1235.38	188.546	1.315977	1.163911	1.151639
25836	-1052.401	-1241.515	189.1143	1.509305	0.3495905	1.403481
25842	-1044.516	-1232.622	188.1058	1.144477	1.12699	1.655613
25848	-1037.714	-1225.656	187.9417	1.084401	1.344652	1.683062
25854	-1044.866	-1232.888	188.0218	1.050485	1.034229	1.841618
25860	-1058.062	-1246.809	188.7465	1.538668	0.8675488	1.032599
25866	-1057.926	-1246.785	188.8583	1.538668	0.8675488	0.9176571
25872	-1056.054	-1245.037	188.9826	1.562283	0.7545889	0.9001609
25806	-1052.202	-1240.144	187.9424	1.164458	0.631133	2.131102
25812	-1035.53	-1224.069	188.5395	1.224626	0.9813457	1.376446
25818	-1025.505	-1214.224	188.7189	1.292762	0.8600883	1.281462
25824	-1034.467	-1223.112	188.6452	1.651703	1.000677	0.8722183
25830	-1036.515	-1225.3	188.7854	1.505461	1.006689	0.8722183
25836	-1028.484	-1216.801	188.3164	1.263094	1.006689	1.498461
25842	-1035.862	-1223.446	187.5834	0.9768266	0.8938518	2.275732
25848	-1037.503	-1225.241	187.7383	0.9339945	0.8938518	2.203587
25854	-1027.885	-1215.477	187.5913	0.9279058	1.368289	2.017856
25860	-1041.325	-1229.944	188.6199	1.34365	0.6931155	1.47772
25866	-1032.339	-1221.084	188.7448	1.323875	0.6931155	1.397065
25878	-1046.787	-1235.507	188.7194	1.661108	0.9221955	0.8689432
25872	-1038.268	-1227.292	189.0235	1.5927	0.3777071	1.364071
25878	-1042.233	-1230.952	188.7189	1.388515	0.7613607	1.297546
25884	-1047.508	-1235.262	187.754	0.9731429	0.9260467	2.14554
25890	-1057.835	-1246.464	188.6297	1.336325	0.7898311	1.382902
25896	-1052.188	-1240.488	188.2997	1.345912	0.7557016	1.65298
25884	-1038.534	-1227.404	188.8701	1.568115	0.9363067	0.7762112
25890	-1038.051	-1226.938	188.8877	1.367083	0.7750984	1.159112
25896	-1030.635	-1219.568	188.9323	1.37915	0.7805566	1.10244
25902	-1033.973	-1223.206	189.2329	1.376422	0.5898774	1.060668
25908	-1048.975	-1237.074	188.099	1.242206	1.532408	1.340406
25914	-1034.395	-1223.232	188.8372	1.37952	0.9094055	1.054341
25920	-1034.331	-1222.84	188.5091	1.50008	0.997437	1.1604
25926	-1031.896	-1220.373	188.4764	1.345059	1.059757	1.268216
25932	-1032.184	-1220.808	188.6242	1.345059	0.9026951	1.277847
25938	-1041.637	-1229.968	188.3316	1.046566	1.12311	1.56543
25944	-1054.196	-1242.826	188.6308	1.416909	1.021337	1.104688
