Iteration	Posterior	Likelihood	Prior	rate_log_sd	rate_neo	tree_length
0	-1045.947	-1232.76	186.8133	1.034404	1.043482	2.627049
6	-1041.156	-1228.569	187.4135	0.8080407	1.184983	2.310679
12	-1055.238	-1242.405	187.1666	1.049974	0.990322	2.429835
18	-1053.484	-1240.926	187.4424	0.9663391	1.472566	2.038116
24	-1045.951	-1233.991	188.0407	1.412546	0.9038199	1.668626
30	-1043.364	-1231.915	188.5508	1.250937	1.120873	1.23695
36	-1032.801	-1221.441	188.6403	1.326962	0.9627565	1.226837
42	-1035.77	-1224.574	188.8033	1.55294	0.4649231	1.439721
48	-1057.94	-1246.918	188.9782	1.407529	0.4976144	1.373803
54	-1036.111	-1223.333	187.2221	0.7777954	1.041336	2.533962
60	-1041.446	-1229.354	187.9083	1.175074	0.919576	1.913651
66	-1038.102	-1226.462	188.3599	1.077133	0.6988058	1.849469
72	-1043.235	-1230.387	187.1517	1.028375	1.201556	2.327847
78	-1041.171	-1229.618	188.4474	1.121645	0.6191567	1.833211
84	-1038.594	-1226.738	188.144	1.054277	1.012177	1.769464
90	-1037.268	-1225.482	188.2135	1.144523	1.012177	1.656673
96	-1038.75	-1227.015	188.2656	1.144523	0.7631584	1.812084
102	-1033.527	-1222.103	188.5762	1.239883	0.8587049	1.437476
108	-1042.625	-1231.075	188.4503	1.316519	1.21729	1.19374
114	-1053.015	-1241.961	188.9462	1.316519	0.7766211	1.150511
120	-1046.081	-1234.814	188.7323	1.228783	0.6942735	1.478414
126	-1048.458	-1237.007	188.5483	1.135033	0.7756941	1.608185
132	-1041.268	-1229.995	188.7273	1.135033	0.7569432	1.492915
138	-1045.343	-1233.823	188.4801	1.318959	1.268833	1.127029
144	-1042.174	-1230.772	188.5987	1.44788	0.9271685	1.190833
150	-1044.6	-1233.129	188.5286	1.365883	1.279063	1.030103
156	-1042.385	-1229.739	187.3546	1.265385	1.279063	1.998761
162	-1049.32	-1237.484	188.1632	1.266294	1.066664	1.566494
168	-1054.453	-1243.366	188.9131	1.317701	0.8286604	1.124282
174	-1057.005	-1245.087	188.0828	1.096856	1.383877	1.549391
180	-1043.213	-1231.538	188.3246	1.083351	1.006557	1.624777
186	-1035.322	-1223.195	187.8727	1.086958	0.641327	2.217466
192	-1034.889	-1221.616	186.7264	0.9616748	0.828357	2.863237
198	-1036.286	-1223.612	187.3261	0.876309	0.8293448	2.546944
204	-1028.191	-1215.909	187.7175	0.8376114	0.7619727	2.375781
210	-1027.441	-1214.478	187.0371	0.9639352	1.325119	2.375781
216	-1031.506	-1218.597	187.0919	0.9091569	1.325119	2.375781
222	-1055.212	-1241.813	186.6011	0.8705496	1.325119	2.705483
228	-1035.495	-1221.895	186.4003	0.9447429	1.426546	2.734261
234	-1046.115	-1235.209	189.0935	1.675657	0.5987162	0.8820841
240	-1041.15	-1230.143	188.9924	1.619577	0.7814493	0.7761343
246	-1051.215	-1240.208	188.9931	1.431943	0.6125681	1.196631
252	-1048.721	-1237.281	188.5594	1.369406	0.9957276	1.231024
258	-1047.814	-1236.409	188.5958	1.475423	1.071341	1.037253
264	-1043.788	-1232.244	188.4555	1.174988	0.9875658	1.474506
270	-1053.342	-1242.01	188.6676	1.19051	0.7082381	1.541847
276	-1042.77	-1231.217	188.4476	1.357524	1.194012	1.178132
282	-1035.667	-1224.633	188.9659	1.469348	0.729692	1.045178
288	-1041.781	-1230.508	188.7273	1.432167	0.7515864	1.264744
294	-1047.198	-1236.151	188.9532	1.42225	0.8587272	0.9514815
300	-1058.54	-1247.391	188.8511	1.436621	0.7217582	1.18801
306	-1048.856	-1237.394	188.5376	1.268348	1.099501	1.249955
312	-1056.043	-1243.71	187.6665	1.190382	0.8772309	2.095149
318	-1052.244	-1240.806	188.5614	1.120959	0.6528736	1.721662
324	-1044.275	-1233.136	188.8611	1.50796	0.3827349	1.544856
330	-1047.292	-1236.297	189.0044	1.754613	0.392273	1.224081
336	-1051.107	-1239.893	188.7859	1.50851	0.3751772	1.610572
342	-1040.206	-1229.166	188.9601	1.495902	0.7862455	0.9548585
348	-1036.979	-1225.702	188.7234	1.580332	1.027201	0.8321113
354	-1039.705	-1228.48	188.7754	1.580332	0.7265712	1.122626
360	-1041.644	-1230.482	188.838	1.245367	0.6801995	1.398944
366	-1044.589	-1233.563	188.9743	1.283999	0.541868	1.417561
372	-1050.423	-1239.489	189.0662	1.548337	0.3452872	1.417561
378	-1049.875	-1238.722	188.8473	1.540867	0.576567	1.271901
384	-1049.312	-1237.641	188.3284	1.371124	1.261961	1.218847
390	-1037.647	-1226.357	188.7102	1.46071	0.983556	1.024046
396	-1038.412	-1226.849	188.4369	1.04272	1.297626	1.373801
402	-1047.331	-1235.703	188.3719	1.311559	1.042396	1.392194
408	-1042.277	-1230.725	188.4478	1.321014	0.6112662	1.701749
414	-1054.028	-1242.635	188.6071	1.476964	0.7853869	1.292938
420	-1047.723	-1235.419	187.696	0.9699456	0.8804485	2.217143
426	-1046.054	-1234.513	188.4587	0.9748605	1.039826	1.582392
432	-1047.539	-1235.68	188.1405	1.172705	1.345237	1.47241
438	-1043.977	-1232.592	188.6145	1.125116	0.7874608	1.556733
444	-1047.956	-1235.865	187.9082	1.09885	1.020991	1.895029
450	-1050.942	-1239.199	188.2567	1.051973	1.020991	1.685669
456	-1041.321	-1228.51	187.1898	1.003593	0.6312468	2.707464
462	-1034.697	-1222.885	188.1876	1.193444	0.6339688	1.946804
468	-1042.038	-1229.711	187.673	1.261231	0.8334216	2.076653
474	-1039.225	-1226.874	187.6491	1.111288	1.023943	2.058176
480	-1037.01	-1224.604	187.5937	1.175199	1.126439	1.988064
486	-1059.025	-1247.196	188.1716	1.258771	1.177101	1.490576
492	-1066.167	-1254.413	188.2459	1.215922	0.3053495	2.274519
498	-1044.002	-1231.421	187.4193	1.147426	0.8117706	2.330586
504	-1051.229	-1239.909	188.6805	1.311097	0.757394	1.393612
510	-1054.409	-1242.474	188.0657	1.390242	1.162001	1.481401
516	-1045.228	-1233.832	188.6044	1.304269	0.9121677	1.318829
522	-1037.594	-1225.861	188.2675	1.273377	0.8008156	1.688911
528	-1043.861	-1231.835	187.9741	1.030617	1.06166	1.869753
534	-1032.527	-1220.469	187.9412	1.117363	1.065633	1.830243
540	-1039.468	-1227.248	187.7791	0.9742619	1.196973	1.95627
546	-1045.684	-1233.718	188.0347	1.028796	1.043782	1.841297
552	-1037.965	-1226.205	188.2399	1.112389	0.7709677	1.84535
558	-1041.992	-1229.675	187.6834	0.9901577	1.520171	1.83599
564	-1055.901	-1243.385	187.4837	0.9138993	1.520171	2.022265
570	-1048.533	-1236.387	187.8545	0.8901928	0.8621511	2.179262
576	-1041.857	-1229.491	187.634	0.9876441	0.7628897	2.332831
582	-1049.569	-1236.752	187.1834	0.9961119	1.072475	2.402581
588	-1039.041	-1226.609	187.5674	1.088138	1.017969	2.130949
594	-1040.769	-1227.831	187.0624	0.9832576	1.059294	2.4946
600	-1047.243	-1234.04	186.7971	0.9603033	0.9596104	2.734069
606	-1033.592	-1220.273	186.681	0.8335293	1.217675	2.734069
612	-1029.772	-1216.133	186.3615	0.6177207	1.055745	3.145386
618	-1039.256	-1225.248	185.9922	0.5835997	1.055745	3.383609
624	-1037.575	-1224.095	186.5198	0.7284057	0.642222	3.266227
630	-1033.504	-1220.039	186.5346	0.7767363	1.041012	2.955271
636	-1031.354	-1217.534	186.1799	0.6534315	1.187294	3.160342
642	-1045.731	-1232.755	187.0243	1.116838	0.6793608	2.699228
648	-1048.675	-1236.895	188.2199	1.178487	0.7160031	1.860712
654	-1044.071	-1232.239	188.1671	1.086598	0.6462279	2.020547
660	-1044.838	-1233.819	188.9813	1.468071	0.6662059	1.109335
666	-1040.241	-1229.06	188.8192	1.34593	0.7449138	1.266851
672	-1051.483	-1240.143	188.6601	1.255284	0.7945702	1.417905
678	-1042.014	-1230.59	188.5762	1.177379	0.9301265	1.425806
684	-1042.729	-1230.715	187.9858	1.077491	1.181277	1.753444
690	-1041.693	-1229.215	187.5221	1.106272	1.46775	1.893208
696	-1048.172	-1236.469	188.2965	1.279227	0.6952881	1.75667
702	-1049.869	-1238.466	188.5974	1.388336	0.6952881	1.458705
708	-1036.309	-1225.142	188.8332	1.58606	0.4988114	1.345674
714	-1047.314	-1236.193	188.879	1.532259	0.6374755	1.178122
720	-1051.779	-1240.845	189.0661	1.690417	0.4478308	1.136307
726	-1045.225	-1234.466	189.2409	1.886462	0.4218773	0.7974917
732	-1049.725	-1239.006	189.2805	1.834392	0.3801774	0.9096159
738	-1035.864	-1225.041	189.1777	1.790576	0.4530128	0.9205772
744	-1037.691	-1226.984	189.2932	1.815321	0.4161852	0.8354623
750	-1042.697	-1230.697	187.9997	1.244773	0.6078539	2.062481
756	-1056.215	-1243.856	187.641	1.001204	1.142478	2.062481
762	-1063.759	-1251.468	187.7087	1.177908	1.166491	1.884374
768	-1051.59	-1239.557	187.9664	1.158851	1.659636	1.43953
774	-1044.102	-1232.728	188.626	1.077818	0.9227973	1.469738
780	-1039.354	-1227.875	188.5214	1.208174	0.9435607	1.433473
786	-1058.401	-1246.34	187.9388	1.17725	1.062794	1.792413
792	-1054.977	-1243.047	188.0701	1.210297	1.23004	1.56777
798	-1046.082	-1234.658	188.5758	1.059612	0.9394171	1.50807
804	-1034.328	-1222.455	188.127	1.186496	0.5742488	2.049539
810	-1051.987	-1240.731	188.7436	1.469984	0.7636281	1.20683
816	-1050.258	-1238.584	188.3262	1.347205	0.712061	1.672319
822	-1047.865	-1236.055	188.1897	1.200817	0.8226559	1.776721
828	-1044.344	-1232.786	188.4416	1.319235	0.7958273	1.533698
834	-1053.125	-1242.045	188.9198	1.493557	0.7170696	1.081016
840	-1032.524	-1221.591	189.0671	1.62307	0.5095368	1.101163
846	-1042.306	-1231.474	189.1677	1.754478	0.3345655	1.186108
852	-1049.048	-1238.335	189.2868	1.749728	0.2966441	1.161053
858	-1041.762	-1230.905	189.1429	1.57296	0.5725426	0.981451
864	-1051.816	-1240.167	188.3512	1.395982	0.5725426	1.756937
870	-1051.427	-1240.391	188.9639	1.43072	0.7287518	1.084629
876	-1062.695	-1250.737	188.0426	1.382934	1.871455	1.074732
882	-1038.861	-1228.133	189.2718	1.492506	0.5663617	0.9407119
888	-1041.636	-1230.573	188.9376	1.653086	0.5586999	1.121048
894	-1061.229	-1250.201	188.9715	1.426428	0.8044024	0.9925017
900	-1057.745	-1246.765	189.0203	1.339476	0.8044024	1.030249
906	-1043.513	-1231.414	187.9011	1.174869	1.116503	1.785297
912	-1048.674	-1236.738	188.0639	1.38215	1.190593	1.469763
918	-1036.088	-1224.122	188.0345	1.128764	1.110007	1.728502
924	-1034.443	-1222.962	188.519	1.351533	0.6255172	1.614391
930	-1032.801	-1221.594	188.7936	1.215736	0.7804757	1.357663
936	-1038.823	-1227.268	188.4452	1.269477	0.789775	1.573068
942	-1045.581	-1234.618	189.0378	1.410745	0.7523644	1.004529
948	-1046.044	-1234.409	188.3659	1.213463	0.7708806	1.687067
954	-1034.652	-1222.503	187.8509	1.079742	1.010497	1.95368
960	-1034.503	-1222.715	188.2128	1.122555	0.8144547	1.821512
966	-1031.997	-1220.038	188.0418	0.9474652	0.8627925	2.018242
972	-1036.819	-1224.512	187.6934	1.015478	0.8000275	2.248506
978	-1050.21	-1237.874	187.6641	0.9423601	1.741655	1.776868
984	-1041.646	-1230.142	188.4951	1.038465	0.9098234	1.60619
990	-1038.99	-1226.631	187.6404	0.9317779	0.9341709	2.240337
996	-1041.642	-1229.064	187.4228	0.9172046	1.154152	2.25236
1002	-1030.71	-1217.905	187.195	0.8546982	1.154152	2.43689
1008	-1042.402	-1228.24	185.8385	0.8682344	1.242531	3.207149
1014	-1043.314	-1229.617	186.3028	1.048727	1.239883	2.821901
1020	-1038.459	-1226.147	187.6877	0.911661	0.6920265	2.403788
1026	-1046.322	-1234.53	188.2086	1.090479	0.6920265	1.949067
1032	-1038.349	-1226.437	188.0882	1.38663	0.8681213	1.681163
1038	-1046.499	-1235.38	188.88	1.245166	0.8340883	1.211218
1044	-1045.594	-1234.552	188.9584	1.412951	0.8257161	0.9942574
1050	-1039.084	-1228.002	188.9182	1.605069	0.8065647	0.8525995
1056	-1033.048	-1221.788	188.7406	1.596234	1.051126	0.7559252
1062	-1035.529	-1223.713	188.1847	1.261767	1.519561	1.262499
1068	-1047.657	-1236.651	188.9942	1.43543	0.5567211	1.262499
1074	-1046.407	-1234.994	188.587	1.478712	0.8352471	1.260057
1080	-1043.109	-1231.94	188.8307	1.350352	1.007659	0.9899171
1086	-1039.908	-1228.919	189.0111	1.343197	0.6708785	1.187891
1092	-1043.35	-1231.312	187.9615	1.005073	0.7165981	2.147987
1098	-1044.074	-1230.972	186.8983	0.8907808	0.8816962	2.765328
1104	-1048.499	-1236.101	187.6021	0.9360658	0.8816962	2.298337
1110	-1039.534	-1227.352	187.8178	1.068735	1.245412	1.83755
1116	-1045.114	-1231.922	186.8079	1.103633	1.4256	2.382511
1122	-1038.865	-1227.036	188.1712	1.400507	1.574447	1.120606
1128	-1042.716	-1230.812	188.0964	1.389629	1.394968	1.306742
1134	-1041.739	-1229.563	187.8242	1.194267	1.394968	1.660216
1140	-1039.965	-1227.995	188.0296	1.012763	0.9936584	1.889478
1146	-1035.815	-1224.183	188.3681	1.14131	0.6716289	1.824384
1152	-1030.694	-1218.804	188.1094	0.9037337	1.418222	1.651195
1158	-1025.206	-1213.042	187.836	0.8714695	1.219659	1.973881
1164	-1044.707	-1232.969	188.2615	1.279811	0.7400092	1.740736
1170	-1047.052	-1235.354	188.3014	1.286584	0.6515651	1.788842
1176	-1046.72	-1233.541	186.8208	0.9173843	1.101418	2.66065
1182	-1046.36	-1234.122	187.7621	0.9143531	0.8072904	2.263806
1188	-1053.385	-1241.77	188.3853	0.9982503	0.8070508	1.79414
1194	-1049.019	-1236.972	187.9527	0.9326914	0.9635469	2.015593
1200	-1059.838	-1246.85	187.0126	1.005433	1.105072	2.484834
1206	-1037.634	-1225.185	187.5504	1.052073	0.7372354	2.365163
1212	-1040.858	-1227.923	187.0652	1.026144	1.236396	2.365163
1218	-1040.189	-1228.237	188.0484	1.096122	0.9196826	1.872006
1224	-1045.983	-1234.874	188.8908	1.496762	0.7025884	1.121731
1230	-1047.296	-1235.436	188.1403	1.172858	1.129649	1.608564
1236	-1053.391	-1241.893	188.5029	1.174958	0.7179718	1.663729
1242	-1040.546	-1229.356	188.8098	1.37558	0.5684447	1.442272
1248	-1046.618	-1234.636	188.0184	1.18344	0.7746268	1.944579
1254	-1043.317	-1231.362	188.0452	1.071195	1.407763	1.582243
1260	-1047.816	-1236.15	188.3341	1.349864	1.465193	1.090609
1266	-1053.003	-1241.387	188.3841	1.056465	1.015647	1.594581
1272	-1040.319	-1227.83	187.5112	0.8734641	0.8024056	2.452641
1278	-1045.234	-1233.371	188.1371	1.084969	0.7306385	1.967452
1284	-1030.859	-1219.398	188.5384	1.38017	0.4823996	1.737585
1290	-1037.249	-1226.103	188.8538	1.42051	0.6906453	1.233727
1296	-1025.789	-1214.349	188.5606	1.39983	0.874941	1.309723
1302	-1042.037	-1229.865	187.8283	1.259193	1.422808	1.59492
1308	-1037.506	-1225.96	188.4536	1.155233	0.8167076	1.626959
1314	-1043.898	-1231.753	187.8551	1.142459	0.8667428	2.009819
1320	-1044.96	-1233.06	188.0996	1.162105	0.6513998	2.010558
1326	-1045.365	-1233.743	188.3781	1.134006	0.9231305	1.611456
1332	-1038.004	-1226.563	188.5591	1.012976	1.1193	1.422309
1338	-1043.142	-1230.875	187.7329	0.9702537	1.302023	1.930299
1344	-1050.647	-1236.879	186.2326	0.7201893	1.236842	3.063655
1350	-1040.208	-1227.359	187.1513	0.7845137	0.7972891	2.734449
1356	-1044.406	-1231.611	187.2054	0.9523291	0.8303479	2.57402
1362	-1056.935	-1245.47	188.535	1.284681	0.8480181	1.443904
1368	-1045.677	-1234.533	188.8567	1.326511	0.6339371	1.370089
1374	-1045.809	-1234.236	188.4262	1.358771	0.9254917	1.405338
1380	-1040.141	-1228.668	188.5273	0.9855175	0.7713889	1.73361
1386	-1034.41	-1222.926	188.5152	1.096578	0.8977673	1.558504
1392	-1032.041	-1220.768	188.7276	1.342583	0.8316834	1.259769
1398	-1038.686	-1227.543	188.8571	1.465021	0.6917145	1.191802
1404	-1052.337	-1240.771	188.4345	1.296285	0.7908565	1.560278
1410	-1055.506	-1244.4	188.8945	1.094903	0.5944188	1.560278
1416	-1046.245	-1234.294	188.0497	1.152195	1.436905	1.502531
1422	-1047.122	-1235.69	188.5677	1.164844	0.8612608	1.498629
1428	-1051.557	-1239.823	188.2656	1.324233	0.9962007	1.498629
1434	-1054.634	-1242.988	188.354	1.483575	1.312801	1.058048
1440	-1067.36	-1256.094	188.7345	1.381783	0.8178925	1.234505
1446	-1050.117	-1238.594	188.477	1.370465	0.9989807	1.295623
1452	-1049.223	-1237.97	188.7462	1.254947	0.8151457	1.331522
1458	-1040.174	-1229.143	188.9683	1.47077	0.8151457	0.9367081
1464	-1042.292	-1230.823	188.5317	1.772819	1.14729	0.6577638
1470	-1044.376	-1232.734	188.358	1.3512	1.169124	1.277566
1476	-1039.86	-1228.095	188.2354	1.181828	0.7777573	1.794963
1482	-1039.333	-1227.165	187.8314	1.249269	1.174583	1.745462
1488	-1033.821	-1222.129	188.3077	1.285117	1.0018	1.492123
1494	-1044.794	-1233.342	188.5473	1.272396	1.013407	1.306541
1500	-1040.506	-1228.881	188.3748	1.240519	0.9108574	1.545537
1506	-1043.075	-1231.772	188.6974	1.378011	0.7111749	1.373457
1512	-1041.061	-1229.91	188.8493	1.464278	0.7111749	1.177369
1518	-1052.417	-1241.005	188.5886	1.424281	1.012293	1.144091
1524	-1044.65	-1233.217	188.5668	1.288712	1.151069	1.167427
1530	-1041.807	-1230.961	189.1546	1.57622	0.5347332	1.024612
1536	-1059.13	-1245.84	186.7099	1.200104	0.4533401	3.048025
1542	-1053.893	-1242.507	188.6137	1.558625	0.1717227	2.04871
1548	-1036.502	-1225.21	188.7078	1.481703	0.555044	1.454688
1554	-1035.21	-1224.616	189.4065	1.639721	0.4352688	0.8682179
1560	-1037.877	-1226.685	188.8075	1.766072	0.7726692	0.840472
1566	-1031.086	-1219.904	188.8176	1.657513	0.9200097	0.7476272
1572	-1032.668	-1221.592	188.9241	1.739483	0.7849684	0.6878803
1578	-1025.355	-1214.273	188.9181	1.785595	0.7339892	0.7262181
1584	-1027.615	-1216.552	188.9372	1.853832	0.5461596	0.9451918
1590	-1029.8	-1218.768	188.968	1.470223	0.768642	0.9949821
1596	-1038.433	-1227.254	188.8211	1.543085	0.9941243	0.7962825
1602	-1040.87	-1229.454	188.5838	1.169762	0.7461686	1.583399
1608	-1047.152	-1235.853	188.7012	1.132278	0.721067	1.547848
1614	-1040.351	-1228.763	188.4112	1.347694	1.232537	1.189353
1620	-1032.373	-1221.128	188.7549	1.233956	0.8818436	1.280364
1626	-1035.153	-1224.176	189.0226	1.419446	0.752663	1.010609
1632	-1036.365	-1224.775	188.4103	1.092118	1.294633	1.357757
1638	-1040.913	-1228.83	187.9175	0.9767307	1.019927	1.97183
1644	-1034.091	-1222.894	188.8033	1.384631	0.8077395	1.183559
1650	-1047.357	-1235.55	188.1921	1.381076	0.451029	2.010407
1656	-1043.651	-1232.354	188.7029	1.128482	0.8862859	1.402124
1662	-1044.833	-1233.042	188.2097	1.281601	0.8417988	1.690448
1668	-1038.408	-1227.121	188.7135	1.351895	0.7828798	1.310489
1674	-1038.205	-1226.816	188.6108	1.351682	1.008259	1.191666
1680	-1046.586	-1235.461	188.8752	1.307679	0.6880509	1.311816
1686	-1047.513	-1235.874	188.3604	0.9628957	1.164128	1.578498
1692	-1039.673	-1227.189	187.5162	0.9079444	1.405737	2.061458
1698	-1037.355	-1225.068	187.7127	1.120897	1.341247	1.819698
1704	-1051.15	-1239.622	188.4714	1.445437	1.106127	1.149527
1710	-1042.887	-1230.881	187.9939	1.094569	0.6953229	2.086207
1716	-1029.001	-1216.326	187.3248	1.023309	0.7793907	2.492742
1722	-1029.318	-1217.234	187.916	1.170463	0.5321247	2.239908
1728	-1040.833	-1229.455	188.6224	1.281176	0.9989519	1.249461
1734	-1045.138	-1233.845	188.7065	1.270117	1.054379	1.139838
1740	-1041.598	-1229.979	188.3814	1.242929	1.093257	1.400544
1746	-1047.12	-1234.831	187.7117	0.9599867	0.662436	2.382992
1752	-1038.524	-1226.236	187.7116	1.098175	0.8948496	2.113404
1758	-1042.389	-1230.397	188.008	1.169333	1.037394	1.766833
1764	-1068.338	-1256.818	188.4792	1.273799	0.8079078	1.52894
1770	-1043.972	-1232.764	188.7914	1.208146	0.6166957	1.52894
1776	-1049.134	-1236.884	187.7496	1.263759	1.168075	1.796364
1782	-1044.738	-1232.719	187.981	1.130822	1.398115	1.591037
1788	-1046.24	-1234.386	188.1462	1.028463	0.577793	2.137228
1794	-1051.332	-1239.405	188.0738	1.042275	1.002288	1.833192
1800	-1037.874	-1226.095	188.2211	1.079004	0.8727986	1.800108
1806	-1037.934	-1225.848	187.9139	0.9291537	0.7294602	2.217555
1812	-1054.756	-1242.807	188.0511	1.086838	1.004957	1.816301
1818	-1057.068	-1244.275	187.2069	1.176943	0.7075421	2.526321
1824	-1058.924	-1246.529	187.605	1.18437	1.141817	1.964976
1830	-1054.88	-1243.515	188.6349	1.150325	0.7496912	1.556935
1836	-1053.055	-1240.964	187.9093	0.9130065	0.7496912	2.214607
1842	-1053.455	-1241.164	187.709	1.054157	1.168598	1.966494
1848	-1055.323	-1243.536	188.2131	1.144906	0.6416965	1.955077
1854	-1047.34	-1234.818	187.4785	0.9450038	1.107554	2.225973
1860	-1055.288	-1242.837	187.549	1.062163	0.8912499	2.244824
1866	-1050.145	-1238.428	188.2827	1.209079	0.5154881	1.991846
1872	-1044.891	-1233.933	189.042	1.402987	0.5154881	1.303075
1878	-1050.599	-1239.817	189.2181	1.555143	0.6143514	0.8504951
1884	-1048.141	-1237.385	189.2444	1.49625	0.582472	0.9401171
1890	-1056.942	-1244.863	187.922	1.470018	1.639193	1.237551
1896	-1056.402	-1245.21	188.8088	1.338479	0.6419467	1.389568
1902	-1037.374	-1226.2	188.8263	1.380066	0.6913653	1.289251
1908	-1044.943	-1233.424	188.4812	1.264821	0.8164563	1.526713
1914	-1033.656	-1222.148	188.492	1.269071	0.9838869	1.376827
1920	-1034.471	-1223.572	189.1015	1.292233	0.574366	1.270046
1926	-1041.845	-1230.413	188.5678	1.369591	0.9555184	1.258073
1932	-1046.974	-1236.058	189.0834	1.400977	0.5251259	1.258073
1938	-1043.791	-1232.18	188.3885	1.422554	1.083613	1.258073
1944	-1045.901	-1233.204	187.3029	1.069774	1.693009	1.958518
1950	-1042.32	-1229.795	187.4746	1.045838	1.084512	2.17718
1956	-1048.923	-1237.185	188.2622	1.196267	1.084512	1.532614
1962	-1026.196	-1214.819	188.623	1.266966	0.7923409	1.439511
1968	-1034.753	-1223.911	189.1582	1.559123	0.5721703	0.9805425
1974	-1033.791	-1222.582	188.7915	1.535401	0.8700863	0.9884864
1980	-1031.749	-1220.464	188.7147	1.608533	0.8700863	0.9921484
1986	-1031.753	-1220.42	188.6666	1.656222	0.8705256	0.9921484
1992	-1038.319	-1227.36	189.0412	1.917781	0.5874788	0.615348
1998	-1051.4	-1240.01	188.6098	1.744866	1.112235	0.615348
2004	-1047.885	-1236.898	189.0126	1.797488	0.7000727	0.5954405
2010	-1051.172	-1239.918	188.746	1.664019	1.02817	0.6706546
2016	-1044.176	-1233.148	188.9721	1.561403	0.9078523	0.6704972
2022	-1055.545	-1244.586	189.0402	1.565233	0.8179582	0.7211295
2028	-1065.503	-1254.61	189.1077	1.841604	0.5945103	0.6137265
2034	-1054.224	-1242.495	188.2707	1.281718	0.8388145	1.649285
2040	-1055.269	-1244.191	188.9212	1.686422	0.6305226	1.005669
2046	-1035.89	-1224.687	188.7966	1.667771	0.724898	1.022868
2052	-1035.978	-1224.846	188.8675	1.676738	0.6750469	1.008106
2058	-1040.703	-1229.603	188.8998	1.665319	0.6394093	1.035177
2064	-1038.37	-1227.205	188.8353	1.524135	0.969875	0.8342782
2070	-1035.81	-1224.57	188.7599	1.395836	1.067502	0.9561164
2076	-1031.584	-1220.735	189.1508	1.583786	0.5764	0.9561164
2082	-1029.552	-1217.758	188.2064	1.529729	1.42316	1.071638
2088	-1036.393	-1224.976	188.5831	1.301858	0.958978	1.298153
2094	-1028.502	-1216.448	187.9459	1.354225	1.388044	1.456699
2100	-1029.169	-1217.351	188.1825	1.150604	1.467474	1.384533
2106	-1027.291	-1216.01	188.7183	1.254376	0.7413218	1.423734
2112	-1028.599	-1217.241	188.6424	1.509902	0.816318	1.205563
2118	-1031.005	-1219.604	188.5985	1.381015	0.7513302	1.408773
2124	-1036.469	-1224.792	188.3234	1.288391	0.5914677	1.831305
2130	-1047.313	-1235.546	188.2331	1.340992	0.827004	1.64338
2136	-1056.794	-1245.184	188.3905	1.41148	0.6458298	1.64338
2142	-1045.479	-1234.222	188.7425	1.41148	0.7188109	1.302928
2148	-1044.064	-1232.832	188.7687	1.404966	0.6256452	1.386761
2154	-1036.609	-1225.674	189.0648	1.557412	0.6256452	0.9979352
2160	-1037.071	-1225.839	188.7686	1.671275	0.7674659	0.994757
2166	-1041.482	-1230.652	189.1695	1.511078	0.6138318	0.9553517
2172	-1046.493	-1235.17	188.6773	1.931439	0.8794377	0.460978
2178	-1043.83	-1232.507	188.677	1.892858	0.9181625	0.5081337
2184	-1035.074	-1223.812	188.7386	2.012456	0.7589066	0.5210163
2190	-1033.778	-1222.653	188.8752	1.925766	0.7094375	0.5853943
2196	-1035.705	-1224.722	189.0173	1.925766	0.6051988	0.5853943
2202	-1038.056	-1227.035	188.9789	1.743682	0.7431279	0.6728735
2208	-1035.563	-1224.74	189.1777	1.767669	0.524179	0.805261
2214	-1047.175	-1236.121	188.9453	1.784381	0.6717616	0.805261
2220	-1043.299	-1232.349	189.0503	1.752119	0.6636197	0.7146638
2226	-1037.963	-1226.738	188.7758	1.808182	0.9037869	0.5276294
2232	-1056.435	-1245.655	189.2196	1.499309	0.6843047	0.797389
2238	-1042.18	-1230.959	188.7785	1.454762	0.8592074	1.090456
2244	-1031.138	-1219.766	188.6274	1.24886	0.9456296	1.316436
2250	-1037.24	-1226.134	188.8933	1.136851	0.842751	1.282293
2256	-1042.728	-1231.326	188.5985	1.304097	0.9754798	1.26993
2262	-1040.192	-1229.249	189.0567	1.34979	0.6367088	1.183222
2268	-1041.205	-1229.942	188.7369	1.429091	0.7891021	1.221206
2274	-1054.88	-1243.328	188.448	1.166136	0.827027	1.614507
2280	-1054.942	-1242.397	187.4554	1.198837	0.963925	2.167249
2286	-1051.287	-1239.665	188.3786	1.141591	0.8078107	1.697766
2292	-1038.08	-1225.496	187.4162	1.141591	1.363035	1.994929
2298	-1049.95	-1238.235	188.2851	1.212416	1.013736	1.554239
2304	-1046.478	-1234.666	188.1879	1.170088	0.9775889	1.681472
2310	-1033.727	-1221.621	187.8936	1.079528	1.18465	1.814015
2316	-1038.113	-1226.653	188.5399	1.079528	0.7052523	1.716851
2322	-1034.455	-1222.069	187.6144	1.027717	0.764883	2.318229
2328	-1032.031	-1219.048	187.0165	0.7513775	1.5024	2.436883
2334	-1044.136	-1232.226	188.0899	0.9867293	0.8126548	1.998183
2340	-1047.535	-1235.604	188.0699	1.034294	0.7848785	2.001724
2346	-1064.427	-1253.608	189.1814	1.415384	0.4260918	1.30521
2352	-1054.786	-1243.78	188.9942	1.325226	0.7114829	1.171955
2358	-1056.127	-1244.806	188.6789	1.457928	0.959926	1.079592
2364	-1041.895	-1230.561	188.6652	1.302851	1.051205	1.150104
2370	-1038.939	-1227.762	188.8223	1.414278	0.9002156	1.044917
2376	-1042.945	-1231.422	188.477	1.40246	0.9472029	1.312562
2382	-1047.96	-1236.981	189.0215	1.469103	0.7737135	0.9341671
2388	-1042.076	-1230.488	188.4121	1.2746	1.230789	1.251761
2394	-1057.57	-1246.236	188.6667	1.442382	0.9420709	1.12198
2400	-1048.201	-1237.468	189.2668	1.633388	0.3800792	1.12198
2406	-1040.775	-1229.613	188.8378	1.623783	0.7690698	0.9706033
2412	-1037.43	-1226.607	189.177	1.70179	0.6183977	0.6910305
2418	-1033.141	-1222.079	188.9382	1.706892	0.8004409	0.6879979
2424	-1040.351	-1229.501	189.1506	1.687409	0.5834438	0.8260676
2430	-1033.632	-1222.304	188.6718	1.463356	1.200773	0.8424541
2436	-1046.119	-1235.276	189.1564	1.886091	0.5361939	0.6003404
2442	-1046.002	-1234.539	188.5375	1.926288	1.013108	0.4367699
2448	-1025.925	-1214.875	188.9498	1.871226	0.6936798	0.5867426
2454	-1040.087	-1229.325	189.2387	1.823536	0.5229848	0.6038413
2460	-1027.313	-1216.263	188.95	1.683759	0.7679024	0.7685663
2466	-1033.871	-1222.76	188.8886	1.905408	0.7212282	0.5515873
2472	-1037.267	-1225.924	188.657	1.720543	0.9844956	0.7913782
2478	-1027.409	-1216.294	188.8855	1.855235	0.7586179	0.5798902
2484	-1040.526	-1229.648	189.1224	1.781174	0.6296596	0.6004045
2490	-1052.868	-1241.711	188.8432	1.819102	0.8283089	0.5624784
2496	-1057.76	-1246.368	188.6081	1.681148	1.157234	0.6705735
2502	-1046.993	-1235.972	188.9796	1.289994	0.7023639	1.224767
2508	-1035.271	-1223.942	188.6711	1.206557	0.6840534	1.550734
2514	-1027.988	-1216.43	188.4415	1.06757	1.006899	1.550734
2520	-1035.824	-1224.231	188.4071	1.371531	0.8246432	1.49527
2526	-1041.266	-1228.919	187.6529	1.177227	0.8246432	2.151427
2532	-1034.76	-1222.705	187.9452	1.340028	1.323504	1.506597
2538	-1044.034	-1232.803	188.7683	1.58497	0.7127885	1.140608
2544	-1044.315	-1232.871	188.5567	1.334672	0.7772299	1.452287
2550	-1042.176	-1230.994	188.8179	1.467139	0.987263	0.9012598
2556	-1037.995	-1227.04	189.0448	1.431626	0.6952318	1.048135
2562	-1034.109	-1222.965	188.8558	1.586713	0.7707893	0.9879841
2568	-1038.236	-1227.115	188.8791	1.586713	0.791297	0.9380979
2574	-1038.833	-1227.402	188.5683	1.4319	1.250182	0.9475072
2580	-1051.216	-1239.272	188.0557	1.234297	0.947875	1.751053
2586	-1043.12	-1231.951	188.8314	1.55488	1.024225	0.719911
2592	-1026.483	-1214.959	188.476	1.441475	1.024225	1.216687
2598	-1023.984	-1212.583	188.5991	1.560341	0.6434488	1.378372
2604	-1031.234	-1219.932	188.6973	1.259899	1.137776	1.086758
2610	-1032.76	-1221.652	188.8922	1.496394	0.7417513	1.074964
2616	-1033.334	-1221.923	188.5895	1.60745	1.173979	0.7932634
2622	-1041.31	-1230.361	189.0505	1.484388	0.6622594	1.034065
2628	-1036.517	-1225.098	188.5817	1.484388	1.137588	0.9814783
2634	-1040.867	-1229.765	188.8984	1.258021	0.7281583	1.291295
2640	-1043.492	-1232.466	188.9739	1.428705	0.5197221	1.331725
2646	-1045.71	-1233.955	188.2447	1.340423	0.6809426	1.76329
2652	-1041.213	-1229.548	188.3353	1.295368	1.082571	1.403436
2658	-1029.496	-1217.912	188.4162	1.152516	0.7365878	1.724493
2664	-1043.736	-1232.15	188.4136	1.051118	1.34093	1.357883
2670	-1030.117	-1218.9	188.7825	1.239701	0.692693	1.433454
2676	-1028.513	-1216.869	188.3561	1.185814	1.186936	1.398587
2682	-1032.079	-1220.103	188.0247	1.073667	1.111694	1.772782
2688	-1034.309	-1222.636	188.3266	1.227443	0.9588288	1.55349
2694	-1037.285	-1225.2	187.9153	1.07836	1.335437	1.711249
2700	-1038.277	-1226.926	188.6489	1.370903	0.6886981	1.439325
2706	-1039.49	-1228.081	188.5911	1.306551	0.8745616	1.360229
2712	-1031.942	-1220.083	188.1407	1.387362	1.261512	1.359222
2718	-1038.27	-1226.705	188.4354	1.30923	1.261512	1.180455
2724	-1041.604	-1230.201	188.5963	1.313678	1.093828	1.16563
2730	-1038.881	-1227.295	188.4137	1.383431	1.093828	1.261621
2736	-1028.358	-1217.444	189.0862	1.396813	0.7385654	0.9871233
2742	-1026.386	-1215.204	188.8183	1.433931	0.8989614	1.0311
2748	-1041.259	-1230.103	188.8442	1.433931	0.8989614	1.005677
2754	-1033.618	-1222.84	189.2226	1.621046	0.4776504	1.005677
2760	-1029.543	-1218.743	189.1999	1.676037	0.4590114	1.005677
2766	-1037.01	-1225.563	188.5527	1.634775	1.015366	0.9756875
2772	-1049.917	-1238.225	188.3081	1.220155	0.9298839	1.594541
2778	-1053.074	-1240.847	187.7729	1.164457	0.9298839	2.004324
2784	-1055.505	-1243.735	188.2302	1.228107	0.9907862	1.599706
2790	-1053.276	-1241.245	187.9687	1.006059	0.9365599	1.974678
2796	-1042.121	-1230.482	188.3606	1.130994	0.531701	1.974678
2802	-1044.808	-1232.57	187.7622	1.061515	0.5770965	2.36359
2808	-1047.258	-1234.861	187.6037	1.272651	0.5770965	2.330123
2814	-1049.189	-1237.551	188.3616	1.123099	0.9731275	1.593537
2820	-1044.533	-1232.943	188.4094	1.409988	0.8560349	1.437191
2826	-1040.39	-1229.092	188.702	1.447394	0.902374	1.123633
2832	-1044.046	-1233.05	189.0045	1.37222	0.7092942	1.123633
2838	-1038.034	-1226.717	188.682	1.317013	0.9057068	1.250497
2844	-1040.044	-1227.409	187.365	0.9278245	0.8417178	2.481697
2850	-1037.415	-1224.315	186.8993	0.8744575	1.006764	2.69475
2856	-1047.001	-1233.959	186.9574	0.9389336	1.4239	2.392921
2862	-1032.916	-1220.173	187.257	0.9774392	1.491319	2.143526
2868	-1037.36	-1225.561	188.2009	1.008625	0.752895	1.957241
2874	-1034.067	-1221.601	187.5343	1.001553	0.5927622	2.529913
2880	-1041.969	-1229.855	187.8858	0.8940897	0.8141425	2.19197
2886	-1040.624	-1228.376	187.7519	1.027956	0.8141425	2.19197
2892	-1050.111	-1238.12	188.0091	0.8993897	1.475909	1.69479
2898	-1051.405	-1239.038	187.633	0.9157347	1.489025	1.936449
2904	-1039.152	-1226.934	187.7823	0.9485741	0.7711259	2.256581
2910	-1045.164	-1233.179	188.0154	1.004015	0.7925444	2.051914
2916	-1043.73	-1230.991	187.2616	0.9853535	0.9546951	2.433596
2922	-1052.331	-1238.796	186.4654	0.7435858	0.9707631	3.058609
2928	-1036.207	-1224.262	188.0551	1.375586	1.41719	1.337432
2934	-1043.44	-1231.163	187.7236	1.232087	0.730889	2.143282
2940	-1026.352	-1214.408	188.0563	0.950477	0.6740912	2.158023
2946	-1043.909	-1231.761	187.8521	0.8299211	0.7990759	2.266455
2952	-1047.587	-1235.643	188.0563	1.046437	1.098013	1.778588
2958	-1049.74	-1237.782	188.0421	1.169318	1.048692	1.735329
2964	-1042.466	-1230.513	188.0475	0.9562932	1.064913	1.868288
2970	-1051.24	-1238.513	187.2734	0.9638016	0.9665927	2.431997
2976	-1054.207	-1242.156	187.9492	1.128431	0.8354183	1.97996
2982	-1041.485	-1229.65	188.1645	1.165275	0.9223318	1.74196
2988	-1049.36	-1237.741	188.3814	1.066334	0.7624082	1.786696
2994	-1042.674	-1231.309	188.6348	1.400967	1.15881	0.9927681
3000	-1045.183	-1234.225	189.0417	1.443626	0.8278272	0.8683479
3006	-1044.277	-1233.102	188.8256	1.426498	0.7748402	1.161785
3012	-1043.321	-1231.619	188.2972	1.274306	0.8500043	1.626408
3018	-1036.823	-1225.398	188.5749	1.190052	0.690875	1.626408
3024	-1035.576	-1224.002	188.4263	1.252225	0.8836003	1.520517
3030	-1044.149	-1232.976	188.827	1.252225	0.4925424	1.610856
3036	-1040.465	-1229.05	188.5852	1.43311	1.01833	1.133963
3042	-1040.724	-1228.709	187.9847	1.159886	1.447666	1.539149
3048	-1046.64	-1233.89	187.2494	1.060586	1.265879	2.209315
3054	-1040.405	-1227.888	187.4833	0.9913865	1.17496	2.153279
3060	-1049.502	-1237.593	188.0909	1.002397	0.7954593	2.000527
3066	-1050.322	-1238.448	188.126	1.19557	0.5197433	2.099972
3072	-1049.321	-1236.654	187.3327	0.7693456	0.9585586	2.521867
3078	-1048.276	-1234.705	186.4297	0.8354393	1.6781	2.672728
3084	-1049.621	-1236.665	187.0435	0.9741616	0.8766709	2.628468
3090	-1054.048	-1240.813	186.7645	0.6457406	1.298205	2.756447
3096	-1040.905	-1228.058	187.1527	1.080207	0.9804499	2.425822
3102	-1053.125	-1240.529	187.4043	0.8845784	0.9265082	2.425822
3108	-1038.43	-1226.968	188.5378	1.110086	1.051754	1.412842
3114	-1047.59	-1235.921	188.3312	1.317185	0.6971115	1.70388
3120	-1043.009	-1231.051	188.0418	1.108005	0.8469728	1.922602
3126	-1042.98	-1231.119	188.1392	1.042264	0.8193744	1.922602
3132	-1050.038	-1237.855	187.8164	1.168979	0.9463595	1.960677
3138	-1052.545	-1239.842	187.297	0.8879335	0.7862729	2.589179
3144	-1037.776	-1226.586	188.81	1.427428	0.6327754	1.328316
3150	-1033.152	-1221.332	188.1803	0.9231489	0.7447829	2.03471
3156	-1038.495	-1225.86	187.3644	0.8575727	0.7715312	2.577217
3162	-1037.739	-1225.812	188.0724	0.9874674	0.9841724	1.884097
3168	-1053.437	-1241.027	187.5899	0.8904864	0.9841724	2.266187
3174	-1046.894	-1234.366	187.4711	1.011765	1.060834	2.216008
3180	-1037.221	-1225.431	188.2105	1.357382	0.6765981	1.779332
3186	-1032.578	-1221.402	188.8238	1.146259	0.7407619	1.426292
3192	-1053.194	-1242.336	189.1424	1.554595	0.7191296	0.7649612
3198	-1048.569	-1237.063	188.4932	1.524791	1.159963	1.009479
3204	-1036.055	-1224.906	188.8512	1.590681	0.7978528	0.9552756
3210	-1040.206	-1229.509	189.3023	1.662514	0.3939193	1.036349
3216	-1046.952	-1236.041	189.0883	1.877911	0.5810691	0.6212679
3222	-1038.466	-1227.102	188.6353	1.877911	0.9635949	0.5713178
3228	-1032.586	-1221.463	188.8778	1.877911	0.7544112	0.4711542
3234	-1037.299	-1226.137	188.8384	1.916924	0.7544112	0.467804
3240	-1037.089	-1225.35	188.2611	2.105879	1.087053	0.380313
3246	-1039.69	-1228.246	188.5559	2.0474	0.8872979	0.4996375
3252	-1038.767	-1227.893	189.1268	1.998775	0.4909232	0.5668163
3258	-1033.687	-1222.618	188.9305	2.203181	0.4909232	0.503982
3264	-1044.5	-1233.058	188.5585	2.140524	0.7790576	0.3901696
3270	-1049.722	-1238.031	188.3089	2.205688	0.9202052	0.3540615
3276	-1048.416	-1237.026	188.6095	2.205688	0.6681445	0.3540615
3282	-1051.881	-1240.726	188.8446	1.95278	0.7180965	0.5548655
3288	-1054.391	-1243.235	188.8446	1.95278	0.7180965	0.5548655
3294	-1048.621	-1237.766	189.1458	2.105661	0.4160203	0.5915394
3300	-1047.394	-1236.581	189.1865	2.399687	0.2658403	0.4524382
3306	-1046.555	-1235.403	188.8484	2.205501	0.5390373	0.470182
3312	-1046.752	-1234.902	188.15	2.205501	0.9961702	0.2838356
3318	-1046.74	-1235.039	188.299	2.146133	0.9961702	0.365666
3324	-1054.652	-1243.138	188.4862	2.146133	0.8418681	0.4030711
3330	-1054.826	-1243.013	188.1872	2.052897	1.243477	0.4030711
3336	-1037.855	-1226.726	188.8705	1.935286	0.7156971	0.4875469
3342	-1033.838	-1222.898	189.0602	2.073627	0.4905116	0.5179538
3348	-1028.337	-1217.362	189.0244	1.9148	0.5990946	0.6226147
3354	-1024.02	-1212.969	188.9494	1.830055	0.7326306	0.5522015
3360	-1030.323	-1219.177	188.8539	1.830055	0.7870461	0.6417163
3366	-1032.668	-1221.747	189.0793	1.835593	0.6103912	0.6417163
3372	-1023.54	-1212.432	188.8925	1.765255	0.8384939	0.503101
3378	-1024.615	-1213.36	188.7453	1.369864	0.9021384	1.154372
3384	-1036.96	-1225.42	188.4605	1.323166	1.228898	1.170532
3390	-1033.107	-1221.429	188.3218	1.221889	0.8298371	1.662846
3396	-1057.33	-1245.676	188.3462	1.252074	0.7010615	1.735591
3402	-1061.45	-1250.211	188.761	1.281638	0.6653214	1.445664
3408	-1047.88	-1236.392	188.5116	1.164412	0.8890223	1.517964
3414	-1049.653	-1237.417	187.764	1.133538	1.14805	1.888162
3420	-1037.954	-1225.615	187.661	1.085043	1.14805	1.99024
3426	-1037.419	-1224.769	187.3497	1.06265	1.14805	2.209258
3432	-1045.492	-1233.112	187.6205	1.041494	0.8952245	2.209258
3438	-1047.966	-1235.262	187.2957	1.128509	1.178257	2.18418
3444	-1041.593	-1229.366	187.773	0.8832705	0.9368356	2.18418
3450	-1027.797	-1216.686	188.8893	1.639937	0.7488603	0.9252285
3456	-1019.918	-1208.809	188.8915	1.639937	0.79684	0.8565622
3462	-1036.202	-1225.012	188.8096	1.967151	0.7388532	0.4973956
3468	-1055.898	-1244.557	188.6587	1.77682	1.025367	0.6200413
3474	-1046.636	-1235.071	188.4344	1.511678	1.323185	0.9409919
3480	-1048.123	-1236.844	188.7212	1.421336	0.924981	1.107987
3486	-1051.816	-1239.774	187.9574	1.301808	1.470557	1.439945
3492	-1050.943	-1239.153	188.2099	1.127448	1.343516	1.455124
3498	-1038.213	-1226.75	188.5368	1.647146	1.173494	0.8111234
3504	-1035.985	-1225.019	189.0341	1.569516	0.6741014	0.9486312
3510	-1029.926	-1218.894	188.9682	1.669463	0.6741014	0.9118465
3516	-1029.954	-1218.929	188.9748	1.827624	0.7002563	0.6164573
3522	-1036.396	-1224.91	188.5134	1.827624	1.128231	0.6125243
3528	-1035.532	-1224.484	188.9517	1.885725	0.6748219	0.6125243
3534	-1035.382	-1224.352	188.9694	1.83354	0.6767804	0.682691
3540	-1025.349	-1214.102	188.7521	1.935783	0.8124355	0.5044309
3546	-1029.389	-1218.114	188.7259	1.959547	0.8124355	0.465965
3552	-1040.118	-1228.845	188.7278	1.959547	0.8124355	0.4833913
3558	-1045.552	-1234.252	188.6992	1.843837	0.9392531	0.5501038
3564	-1046.58	-1235.586	189.0067	1.636382	0.7642468	0.7614536
3570	-1064.389	-1253.36	188.971	1.446452	0.6584569	1.147423
3576	-1060.82	-1249.825	189.0053	1.311606	0.5702578	1.337344
3582	-1057.811	-1246.145	188.3341	1.106148	1.138528	1.509022
3588	-1058.097	-1246.017	187.9193	1.009496	0.6900369	2.194924
3594	-1049.793	-1237.163	187.37	0.8444109	0.8694635	2.511276
3600	-1043.795	-1231.125	187.33	0.8353622	0.9144167	2.511276
3606	-1039.553	-1226.558	187.0055	0.9587043	1.322587	2.400394
3612	-1042.015	-1229.089	187.0733	0.8521053	0.765724	2.763971
3618	-1051.309	-1239.15	187.8408	0.845128	0.9018683	2.189113
3624	-1045.494	-1232.909	187.4153	0.7468952	0.7788021	2.608809
3630	-1046.844	-1235.379	188.5347	1.079178	0.7321049	1.696533
3636	-1047.031	-1235.436	188.4049	1.091089	0.7750609	1.742313
3642	-1048.423	-1236.904	188.481	1.291765	0.7248538	1.58889
3648	-1044.284	-1232.064	187.7796	1.245403	0.7809285	2.057375
3654	-1041.454	-1230.283	188.8284	1.280644	0.8152138	1.243244
3660	-1048.13	-1236.636	188.5069	1.280644	1.407094	1.034452
3666	-1044.467	-1233.261	188.7945	1.402366	0.9208468	1.061631
3672	-1029.251	-1217.759	188.5087	1.237341	0.9368574	1.42618
3678	-1030.309	-1218.666	188.3571	1.083437	0.8355689	1.731329
3684	-1030.806	-1219.21	188.4044	1.171487	0.9391303	1.552497
3690	-1039.059	-1227.412	188.3526	1.298968	0.721714	1.679094
3696	-1038.759	-1227.509	188.7497	1.249009	0.721714	1.422677
3702	-1044.165	-1232.853	188.6878	1.334526	0.6310627	1.496757
3708	-1046.18	-1234.551	188.3716	1.175605	1.041932	1.496757
3714	-1048.905	-1237.307	188.4014	1.274737	0.7467295	1.638991
3720	-1053.975	-1241.636	187.6614	1.22733	1.251806	1.832348
3726	-1032.484	-1220.258	187.7742	1.114531	1.251806	1.832348
3732	-1028.134	-1217.128	188.994	1.546368	0.7108956	0.964354
3738	-1032.779	-1221.235	188.4555	1.296571	0.8485941	1.494679
3744	-1030.494	-1219.284	188.7906	1.4051	0.6659459	1.325221
3750	-1038.409	-1226.68	188.2708	1.107832	0.9713762	1.671295
3756	-1053.571	-1241.934	188.3626	1.269456	0.7705466	1.649667
3762	-1040.97	-1228.146	187.1764	0.9017478	1.775185	2.117974
3768	-1045.4	-1232.917	187.5174	0.8156979	0.9122919	2.407431
3774	-1051.189	-1238.334	187.1451	0.7951824	0.9122919	2.652299
3780	-1038.772	-1226.187	187.4149	0.832671	0.6570011	2.652299
3786	-1042.692	-1229.459	186.7665	0.7485999	1.086056	2.805991
3792	-1032.815	-1219.963	187.1477	0.9374418	0.7547228	2.674391
3798	-1044.35	-1230.677	186.3267	0.8107507	1.270609	2.935792
3804	-1040.916	-1227.265	186.3489	0.748424	2.162917	2.594425
3810	-1031.151	-1218.553	187.4018	0.8984566	0.9797985	2.383757
3816	-1029.626	-1216.719	187.0934	0.8295527	0.6465807	2.859282
3822	-1037.027	-1224.998	187.9705	1.015421	1.245421	1.768757
3828	-1040.096	-1227.983	187.8863	1.135499	1.199523	1.771234
3834	-1034.356	-1222.681	188.3253	1.004135	1.199523	1.551101
3840	-1045.671	-1232.926	187.2549	0.9775444	0.9951187	2.416815
3846	-1045.674	-1233.342	187.6681	0.9196909	0.8676943	2.276463
3852	-1042.707	-1230.378	187.6701	1.131477	1.358508	1.832293
3858	-1039.182	-1227.199	188.0169	1.048629	0.7807384	2.030717
3864	-1045.126	-1232.86	187.7348	0.8949566	1.095904	2.098881
3870	-1033.774	-1221.477	187.7035	0.9439963	1.095904	2.087231
3876	-1027.548	-1215.492	187.9444	1.024973	0.5671689	2.280263
3882	-1037.478	-1225.094	187.616	0.9733766	0.8609614	2.280263
3888	-1035.915	-1222.947	187.0323	0.9959631	0.6921751	2.757956
3894	-1030.455	-1218.234	187.7789	1.10623	1.021891	1.97659
3900	-1038.582	-1226.482	187.8997	0.9378505	0.6815397	2.261004
3906	-1040.181	-1227.318	187.1367	1.095711	0.9917322	2.418943
3912	-1038.914	-1226.994	188.0802	1.325487	0.9009095	1.704699
3918	-1043.984	-1232.438	188.454	1.20108	0.5130055	1.884508
3924	-1048.898	-1237.005	188.1063	1.12069	0.9971228	1.759958
3930	-1041.9	-1229.509	187.6092	0.950573	1.095436	2.1449
3936	-1031.835	-1219.516	187.6806	1.098586	0.9685789	2.082433
3942	-1048.181	-1234.713	186.5318	0.9053939	1.517092	2.636129
3948	-1045.323	-1231.987	186.6638	0.7830824	1.318391	2.724001
3954	-1036.19	-1224.635	188.4454	1.16699	1.158809	1.362906
3960	-1037.509	-1225.942	188.4326	1.15916	0.6752981	1.763886
3966	-1049.529	-1237.345	187.8162	1.056555	1.393621	1.763886
3972	-1051.87	-1238.948	187.0778	0.9788589	1.129255	2.446698
3978	-1051.689	-1238.813	187.1242	1.054183	0.7520714	2.618901
3984	-1058.623	-1246.05	187.4269	1.202514	0.8242988	2.281288
3990	-1031.72	-1220.314	188.594	1.305538	0.7005667	1.518456
3996	-1030.801	-1219.538	188.737	1.490858	0.7432259	1.21614
4002	-1045.519	-1234.906	189.3868	1.642581	0.4367572	0.8847291
4008	-1046.396	-1235.447	189.0509	1.642581	0.6393869	0.9023035
4014	-1046.185	-1235.504	189.3187	1.737478	0.4707061	0.775227
4020	-1060.305	-1249.239	188.9334	1.912114	0.6763912	0.5813212
4026	-1051.538	-1240.752	189.2137	1.927788	0.4859007	0.5187401
4032	-1048.757	-1237.838	189.0817	1.927788	0.5664644	0.5462874
4038	-1056.131	-1244.849	188.7175	1.883617	0.8856061	0.5462874
4044	-1041.66	-1230.087	188.4269	1.318428	0.5317276	1.802042
4050	-1040.216	-1229.229	189.0121	1.335359	0.6070431	1.268546
4056	-1042.407	-1230.301	187.8934	1.061631	0.9040833	2.010939
4062	-1038.243	-1226.188	187.9452	1.091841	0.8303466	2.010939
4068	-1046.333	-1234.925	188.5915	0.9816805	0.8303466	1.641296
4074	-1037.449	-1225.89	188.4409	1.143935	0.8204476	1.641151
4080	-1055.129	-1243.602	188.4732	1.21603	0.7331534	1.641812
4086	-1046.22	-1234.888	188.6679	1.192352	0.57321	1.676494
4092	-1042.208	-1230.996	188.7876	1.42588	0.6249932	1.356108
4098	-1031.519	-1220.298	188.7798	1.271894	0.7474082	1.356108
4104	-1034.802	-1222.839	188.0368	1.335581	1.425608	1.378505
4110	-1044.654	-1233.442	188.788	1.339327	0.7151187	1.32821
4116	-1036.843	-1225.507	188.6636	1.272583	0.7349262	1.457797
4122	-1037.085	-1225.473	188.3881	1.372061	0.5580708	1.763192
4128	-1036.723	-1225.362	188.6384	1.451954	0.9233719	1.156252
4134	-1020.981	-1210.037	189.0554	1.402597	0.6460439	1.126379
4140	-1042.734	-1231.773	189.0389	1.56664	0.438755	1.279156
4146	-1045.774	-1234.872	189.0977	1.520365	0.4527546	1.24805
4152	-1038.721	-1227.451	188.73	1.209919	0.4920358	1.711167
4158	-1039.856	-1228.182	188.3256	1.223689	0.6273168	1.83881
4164	-1029.851	-1218.055	188.2048	1.197971	0.6329242	1.933198
4170	-1048.186	-1236.702	188.5161	1.246816	0.4083196	1.935903
4176	-1044.021	-1231.823	187.8019	1.115413	1.547259	1.65134
4182	-1045.05	-1233.297	188.2472	1.159346	0.9713912	1.65134
4188	-1046.06	-1234.239	188.1792	0.9994447	1.046827	1.759514
4194	-1038.43	-1226.306	187.8764	1.117738	1.100635	1.851861
4200	-1044.858	-1232.835	187.9769	1.079277	0.6468164	2.149939
4206	-1048.078	-1236.191	188.1126	1.164017	0.8958601	1.798839
4212	-1054.858	-1243.858	188.9997	1.437761	0.5169328	1.30735
4218	-1059.871	-1248.992	189.1206	1.740073	0.6287721	0.6972901
4224	-1050.623	-1239.702	189.0788	1.815447	0.6360432	0.6014647
4230	-1037.559	-1226.495	188.9362	1.815447	0.7558818	0.5458125
4236	-1031.767	-1220.637	188.8696	1.886039	0.7558818	0.503834
4242	-1037.383	-1225.974	188.5909	1.965848	0.9298022	0.4786033
4248	-1038.878	-1227.649	188.7708	1.970184	0.7671047	0.4786033
4254	-1037.575	-1226.565	188.9896	1.675729	0.8317595	0.5106586
4260	-1022.893	-1211.835	188.9422	1.796604	0.7615134	0.573906
4266	-1027.415	-1216.389	188.9739	1.926654	0.6439187	0.5222247
4272	-1031.159	-1220.293	189.1341	1.926654	0.5068889	0.6683961
4278	-1040.101	-1228.947	188.8454	2.097089	0.6102172	0.4452028
4284	-1050.762	-1239.912	189.15	1.894228	0.5452848	0.4704348
4290	-1050.23	-1239.214	188.9838	1.753256	0.72835	0.6806584
4296	-1047.517	-1236.549	189.0312	1.747705	0.72835	0.5780663
4302	-1047.729	-1236.019	188.2894	1.694312	1.465599	0.7600419
4308	-1049.152	-1238.215	189.0626	1.559775	0.7821907	0.7600419
4314	-1046.672	-1235.5	188.828	1.644315	0.8479121	0.8566258
4320	-1052.531	-1241.025	188.4946	1.551546	1.292191	0.8566258
4326	-1040.371	-1229.011	188.64	1.791413	1.020345	0.6418296
4332	-1034.707	-1223.398	188.6911	1.523547	0.8714509	1.095048
4338	-1036.688	-1225.554	188.8662	1.348438	0.8714509	1.095048
4344	-1038.417	-1227.498	189.0806	1.523938	0.5219201	1.159997
4350	-1047.57	-1236.062	188.4922	1.286711	0.7324618	1.577399
4356	-1034.665	-1223.074	188.4091	1.188339	0.8269906	1.626595
4362	-1029.052	-1217.139	188.0866	1.203983	1.104962	1.64126
4368	-1024.962	-1213.382	188.4201	1.432165	1.116468	1.197464
4374	-1026.39	-1215.126	188.7355	1.30127	0.9291909	1.197464
4380	-1030.517	-1219.373	188.8554	1.370655	0.7391336	1.221966
4386	-1043.584	-1232.389	188.8048	1.417592	0.8318466	1.128603
4392	-1035.523	-1224.375	188.852	1.430077	0.8108047	1.096462
4398	-1045.163	-1234.321	189.1577	1.704752	0.5616053	0.8365861
4404	-1051.763	-1240.262	188.4985	2.284526	0.6372846	0.2879556
4410	-1049.865	-1238.54	188.6749	2.403658	0.4205179	0.2570279
4416	-1045.138	-1233.743	188.6054	2.454106	0.4492396	0.2760093
4422	-1037.021	-1225.982	188.9607	1.716931	0.7793372	0.6742417
4428	-1036.055	-1224.924	188.8693	1.338401	1.039128	0.9298061
4434	-1039.097	-1227.707	188.6104	1.410286	0.9084794	1.229874
4440	-1042.001	-1230.361	188.3606	1.15853	0.9084794	1.617728
4446	-1033.776	-1222.373	188.5969	1.187175	0.8518827	1.467675
4452	-1044.647	-1232.917	188.2701	1.259772	0.8518827	1.654793
4458	-1045.41	-1233.067	187.6575	0.8303416	0.8386752	2.360979
4464	-1040.196	-1228.262	188.066	1.314225	0.5500444	2.029716
4470	-1048.361	-1235.911	187.5503	1.053104	0.7838554	2.328294
4476	-1054.805	-1243.352	188.5465	0.8877587	1.073878	1.557944
4482	-1047.966	-1235.619	187.6537	0.7773131	1.122697	2.212137
4488	-1051.329	-1238.301	186.9719	0.8527401	1.122697	2.595123
4494	-1052.684	-1240.723	188.0391	1.270034	0.9184665	1.759299
4500	-1045.481	-1234.146	188.6648	1.250403	0.6159416	1.591827
4506	-1050.386	-1238.557	188.1711	1.404114	0.8410447	1.631026
4512	-1046.444	-1234.816	188.3715	1.338744	0.7283939	1.631026
4518	-1037.478	-1226.224	188.7463	1.444585	1.037478	0.9495212
4524	-1035.854	-1224.471	188.6168	1.260155	0.7240201	1.512779
4530	-1041.723	-1230.04	188.3169	1.180017	0.9863488	1.574802
4536	-1046.904	-1235.405	188.5012	1.041017	0.816834	1.67463
4542	-1048.473	-1236.888	188.4153	1.260837	0.8031817	1.589581
4548	-1050.722	-1239.388	188.6655	1.364162	1.054606	1.091559
4554	-1042.378	-1231.05	188.6723	1.346795	0.8151239	1.317103
4560	-1041.006	-1229.435	188.4291	1.259027	1.170215	1.294042
4566	-1056.323	-1244.372	188.0485	1.159009	0.7555574	1.956402
4572	-1040.309	-1228.012	187.7035	1.153428	1.082501	1.956402
4578	-1033.829	-1222.33	188.5013	1.074594	0.8445247	1.627702
4584	-1049.548	-1237.511	187.9629	1.232533	1.521901	1.459767
4590	-1039.37	-1227.798	188.4275	1.267099	0.9440235	1.459767
4596	-1038.546	-1226.687	188.1407	1.27251	1.506524	1.297605
4602	-1038.739	-1226.674	187.9351	1.164407	1.467992	1.561148
4608	-1033.217	-1221.59	188.3725	1.057307	1.005815	1.609484
4614	-1042.64	-1231.495	188.8556	1.726791	0.7802261	0.8178932
4620	-1056.182	-1244.557	188.3752	0.9826231	0.8794739	1.754766
4626	-1051.868	-1239.483	187.6144	0.968869	0.8353359	2.302708
4632	-1031.833	-1220.839	189.0065	1.617239	0.6524591	0.9582605
4638	-1038.034	-1226.75	188.7162	1.651138	0.9808217	0.8098995
4644	-1035.737	-1224.305	188.5684	1.550551	1.249495	0.8101047
4650	-1037.99	-1226.626	188.6368	1.550551	1.033304	0.9575186
4656	-1043.329	-1232.383	189.054	1.747876	0.6119586	0.8190788
4662	-1038.429	-1227.403	188.9741	1.649499	0.8179963	0.6897169
4668	-1037.703	-1226.293	188.5905	1.649499	1.070469	0.8590598
4674	-1051.054	-1239.514	188.4601	1.471485	1.434494	0.8590598
4680	-1047.324	-1236.118	188.7943	1.704199	0.9623856	0.62083
4686	-1044.437	-1232.989	188.5515	1.98063	0.9537331	0.5160388
4692	-1035.683	-1224.79	189.1071	1.804649	0.5593379	0.7761792
4698	-1033.673	-1222.586	188.9134	1.495059	0.8932139	0.8727348
4704	-1025.972	-1214.835	188.8631	1.424893	0.7480832	1.159005
4710	-1043.922	-1232.958	189.0356	1.58297	0.6352012	0.9881769
4716	-1030.839	-1219.378	188.5381	1.517901	0.906665	1.201523
4722	-1031.515	-1220.476	188.9606	1.466953	0.6607591	1.135584
4728	-1044.886	-1233.464	188.5781	1.519168	1.264247	0.8221175
4734	-1038.501	-1227.306	188.8043	1.518205	1.002505	0.839127
4740	-1040.718	-1229.935	189.217	1.743801	0.3262108	1.168479
4746	-1029.816	-1219.024	189.208	1.700847	0.575468	0.7447994
4752	-1031.831	-1220.62	188.7889	1.628561	0.9093148	0.8409772
4758	-1032.857	-1221.442	188.5859	1.335677	1.04643	1.194651
4764	-1039.474	-1226.699	187.2254	1.132718	1.333867	2.141931
4770	-1036.41	-1224.627	188.2178	1.220895	1.281281	1.41627
4776	-1048.087	-1236.809	188.7221	1.439591	0.7738584	1.240242
4782	-1041.54	-1229.809	188.2695	1.515022	0.6563598	1.645571
4788	-1043.38	-1231.493	188.1127	1.281984	1.426853	1.36022
4794	-1046.395	-1234.932	188.537	1.260879	1.08302	1.269383
4800	-1049.137	-1237.732	188.5951	1.226926	0.9139596	1.386028
4806	-1048.019	-1236.941	188.9215	1.472534	0.9139596	0.8633466
4812	-1040.627	-1229.212	188.5842	1.48285	1.184181	0.9369601
4818	-1037.396	-1225.752	188.356	1.148843	1.360665	1.313309
4824	-1035.072	-1223.568	188.4967	1.250313	0.817115	1.525431
4830	-1043.694	-1231.926	188.2317	1.180973	0.9319079	1.676239
4836	-1038.357	-1226.92	188.5632	1.299084	0.8275058	1.42921
4842	-1037.463	-1226.031	188.5671	1.29353	0.8275058	1.430438
4848	-1039.434	-1227.35	187.9155	1.019626	1.299288	1.772914
4854	-1036.435	-1224.292	187.8575	1.066575	1.312825	1.772914
4860	-1040.151	-1228.898	188.7469	1.236864	0.7619566	1.395343
4866	-1045.262	-1232.778	187.5158	1.082659	0.6879768	2.407714
4872	-1049.078	-1237.609	188.5302	1.118941	1.100854	1.375617
4878	-1036.639	-1225.123	188.4846	1.210518	1.231205	1.244392
4884	-1031.462	-1219.51	188.0477	1.126565	1.024903	1.777471
4890	-1048.683	-1236.643	187.96	1.14465	0.798024	1.990982
4896	-1047.245	-1234.876	187.6302	1.104101	1.035063	2.068234
4902	-1059.79	-1246.907	187.1166	0.985052	0.9376529	2.535664
4908	-1050.185	-1238.438	188.2527	1.053467	0.7228527	1.917427
4914	-1065.378	-1253.071	187.6929	0.9057153	1.274222	2.015684
4920	-1057.015	-1245.759	188.7434	1.315629	0.8890864	1.215195
4926	-1051.28	-1240.2	188.92	1.620754	0.587637	1.126821
4932	-1042.355	-1231.271	188.9163	1.425446	0.587637	1.296422
4938	-1034.604	-1223.791	189.1866	1.500321	0.5759003	1.00552
4944	-1039.192	-1228.251	189.059	1.555786	0.6559876	0.9626296
4950	-1046.837	-1235.888	189.0515	1.778571	0.6751332	0.6304328
4956	-1045.531	-1234.637	189.1058	1.54252	0.7511204	0.7769823
4962	-1046.912	-1236.098	189.186	1.778509	0.5789058	0.6333146
4968	-1046.313	-1235.32	189.0071	1.788163	0.7119686	0.5934721
4974	-1049.232	-1238.034	188.8013	1.788163	0.8139398	0.753167
4980	-1043.333	-1232.536	189.2036	1.34981	0.520138	1.206713
4986	-1042.39	-1230.865	188.4744	1.296786	0.8082766	1.515063
4992	-1046.939	-1236.204	189.2652	1.846921	0.4251184	0.8097066
4998	-1033.434	-1222.282	188.8475	1.609553	0.796891	0.9403905
5004	-1036.303	-1224.903	188.6002	1.501484	0.7639406	1.299621
5010	-1031.602	-1220.316	188.714	1.542575	0.6891843	1.250161
5016	-1042.66	-1231.971	189.3106	1.610735	0.4942828	0.8938646
5022	-1034.622	-1223.743	189.1217	1.49357	0.70274	0.8947154
5028	-1033.983	-1222.661	188.6789	1.429862	1.025371	1.043868
5034	-1031.436	-1220.464	189.0284	1.375934	0.7430781	1.058608
5040	-1038.809	-1227.364	188.5552	1.335023	0.9760477	1.279632
5046	-1045.629	-1234.595	188.9654	1.36303	0.7522691	1.118283
5052	-1048.414	-1237.191	188.777	1.308901	0.968372	1.118283
5058	-1045.925	-1234.822	188.8971	1.396893	0.836676	1.05742
5064	-1053.257	-1241.807	188.5495	1.151772	1.064687	1.361353
5070	-1047.399	-1235.87	188.4703	1.292245	1.022019	1.345546
5076	-1038.222	-1226.876	188.6533	1.355858	0.8464188	1.296061
5082	-1039.036	-1227.499	188.4633	1.310068	0.939723	1.40271
5088	-1048.581	-1236.861	188.2807	1.215839	1.271838	1.377256
5094	-1050.125	-1238.865	188.7401	1.445241	0.7223169	1.273643
5100	-1047.049	-1234.782	187.7327	1.242535	2.036211	1.373121
5106	-1044.33	-1232.818	188.4879	0.9616718	0.8864081	1.684771
5112	-1033.913	-1221.649	187.7357	1.008854	0.9339656	2.128706
5118	-1038.047	-1225.581	187.5337	1.060587	0.489356	2.594249
5124	-1033.984	-1222.449	188.4657	1.171267	0.8932669	1.543525
5130	-1028.394	-1217.049	188.6544	1.483904	0.8274002	1.20656
5136	-1038.431	-1226.897	188.466	1.373142	1.097982	1.223241
5142	-1035.493	-1224.251	188.7578	1.41794	0.7148417	1.289346
5148	-1035.947	-1224.891	188.9434	1.473392	0.7148417	1.080481
5154	-1027.14	-1216.113	188.9728	1.446947	0.6652987	1.137049
5160	-1036.562	-1224.272	187.7099	1.321177	0.6855864	2.132228
5166	-1030.621	-1218.579	187.9576	1.079519	0.972457	1.907652
5172	-1039.843	-1226.948	187.105	0.8988903	0.9762391	2.571697
5178	-1056.622	-1243.825	187.2028	1.056732	1.132655	2.31629
5184	-1041.671	-1229.739	188.0677	1.097442	1.094037	1.737585
5190	-1042.268	-1230.257	187.9894	1.093004	1.094037	1.795288
5196	-1039.91	-1227.879	187.9691	1.113347	1.094037	1.795288
5202	-1045.144	-1232.346	187.201	1.093586	0.9053804	2.436372
5208	-1035.819	-1224.669	188.8507	1.338319	0.8372381	1.152747
5214	-1048.593	-1237.202	188.6089	1.31793	0.8484914	1.360252
5220	-1036.819	-1225.893	189.0737	1.24146	0.5656146	1.344366
5226	-1034.451	-1222.968	188.5163	1.1802	0.5975545	1.766492
5232	-1023.401	-1211.719	188.3179	1.117679	0.8145609	1.751778
5238	-1030.577	-1219.341	188.7641	1.334922	0.6496835	1.418727
5244	-1039.588	-1228.208	188.6196	1.190705	0.8859099	1.418727
5250	-1039.157	-1227.592	188.4348	1.058436	0.6245834	1.879808
5256	-1038.942	-1227.234	188.2917	1.230237	0.724828	1.767622
5262	-1050.773	-1239.545	188.7725	1.229687	0.7352258	1.406812
5268	-1047.174	-1235.615	188.441	1.311173	0.6722578	1.653352
5274	-1049.618	-1237.805	188.1862	1.09037	0.9317003	1.772238
5280	-1032.71	-1219.724	187.014	0.8342934	1.138555	2.571538
5286	-1038.603	-1226.459	187.8554	0.7824839	1.407308	1.917909
5292	-1026.769	-1215.155	188.3863	1.124632	1.026544	1.535
5298	-1038.878	-1226.059	187.1809	1.124632	1.353729	2.165849
5304	-1030.456	-1218.386	187.9296	0.8540557	0.932535	2.104058
5310	-1023.968	-1211.631	187.6629	1.053903	0.7880227	2.252557
5316	-1035.039	-1222.154	187.1154	0.8230256	1.324645	2.415595
5322	-1044.261	-1231.748	187.4875	0.9195924	1.188685	2.189272
5328	-1043.829	-1231.379	187.5491	0.8934383	1.148823	2.189272
5334	-1045.17	-1233.402	188.2317	1.038053	0.7072868	1.955478
5340	-1039.059	-1227.619	188.5598	1.230571	0.5368642	1.765078
5346	-1044.237	-1232.393	188.1556	1.223451	0.8472505	1.765078
5352	-1052.938	-1240.94	188.0023	1.15016	1.364572	1.580534
5358	-1046.593	-1235.388	188.7951	1.302852	0.9362675	1.137415
5364	-1051.037	-1240.184	189.1471	1.263447	0.6440216	1.170891
5370	-1049.445	-1237.915	188.4701	1.330765	1.271514	1.123369
5376	-1033.347	-1221.631	188.284	1.04741	1.130564	1.594677
5382	-1053.854	-1241.967	188.1131	1.035479	0.8820053	1.89701
5388	-1046.352	-1233.887	187.535	1.093614	0.7196804	2.362626
5394	-1049.555	-1237.343	187.788	1.12837	0.9885366	1.97798
5400	-1038.364	-1226.545	188.1814	1.125138	0.7865042	1.86389
5406	-1037.649	-1225.323	187.6746	1.092189	1.34433	1.86389
5412	-1034.931	-1223.274	188.3427	1.182142	0.8652419	1.647648
5418	-1023.123	-1211.686	188.5636	1.213358	0.8795117	1.449747
5424	-1032.031	-1220.375	188.3436	1.175553	0.9128113	1.614291
5430	-1032.824	-1221.243	188.4195	1.360473	1.111558	1.262207
5436	-1046.455	-1234.14	187.6855	1.174864	0.7825256	2.164017
5442	-1064.275	-1252.922	188.6473	1.545193	0.9583446	1.028114
5448	-1056.308	-1244.762	188.4541	1.212854	1.187105	1.299115
5454	-1045.738	-1234.277	188.5394	1.005927	0.6155987	1.852932
5460	-1040.105	-1228.295	188.1901	1.190275	0.7392006	1.852932
5466	-1043.928	-1232.055	188.1269	1.090689	0.9821572	1.776967
5472	-1047.47	-1234.732	187.2622	0.9830477	1.197373	2.288573
5478	-1040.116	-1227.34	187.2234	0.9074733	0.9986669	2.478386
5484	-1051.144	-1239.556	188.4118	1.952595	1.117747	0.4382587
5490	-1051.23	-1238.698	187.4677	0.7896653	0.9413299	2.4358
5496	-1040.116	-1228.348	188.2313	1.207639	0.7133694	1.835218
5502	-1046.21	-1234.294	188.0846	1.260186	1.037301	1.648493
5508	-1047.541	-1235.866	188.3251	1.18955	0.9810779	1.565752
5514	-1048.503	-1237.208	188.7049	1.289997	0.6226139	1.526172
5520	-1036.641	-1225.324	188.6824	1.279155	0.8460597	1.334805
5526	-1046.324	-1234.273	187.9491	1.10963	1.055608	1.836757
5532	-1036.377	-1224.079	187.7019	1.071148	1.037923	2.040783
5538	-1036.269	-1224.216	187.9466	1.062592	1.222137	1.766393
5544	-1052.584	-1240.382	187.7985	1.222668	0.9950092	1.902991
5550	-1045.638	-1233.635	187.9965	1.236341	0.6937225	1.991956
5556	-1048.564	-1235.901	187.337	0.9739669	1.587269	2.04793
5562	-1042.186	-1230.52	188.3335	1.114377	0.4718592	2.069318
5568	-1024.947	-1212.871	187.9241	1.126793	0.7793486	2.041515
5574	-1019.346	-1207.477	188.131	1.1047	1.007487	1.746568
5580	-1024.152	-1212.809	188.657	1.137882	0.9782231	1.354657
5586	-1033.724	-1222.112	188.3878	1.392971	1.074112	1.290385
5592	-1035.245	-1223.359	188.1134	1.414453	1.386964	1.277704
5598	-1032.573	-1221.149	188.5755	1.189839	0.9716201	1.38321
5604	-1052.646	-1240.291	187.6445	1.342492	1.198187	1.796285
5610	-1039.87	-1228.258	188.3879	1.487502	0.4844931	1.76531
5616	-1038.808	-1226.203	187.3944	0.977151	0.8281395	2.442034
5622	-1034.517	-1222.115	187.5979	0.9936556	0.8281395	2.30268
5628	-1054.661	-1241.527	186.8659	1.052181	1.316063	2.432809
5634	-1040.543	-1228.231	187.6883	1.052293	0.8430587	2.195899
5640	-1042.096	-1230.064	187.9684	1.10408	0.873984	1.954365
5646	-1036.622	-1224.35	187.728	1.043085	0.9942424	2.070615
5652	-1036.77	-1224.62	187.85	1.12566	0.9835632	1.941535
5658	-1055.388	-1243.586	188.1983	1.140199	1.290841	1.486612
5664	-1054.324	-1242.281	187.9571	0.9048782	0.5648681	2.350958
5670	-1047.576	-1234.615	187.0384	0.6210024	1.115457	2.701115
5676	-1051.058	-1237.647	186.5887	0.9892059	0.8386649	2.922686
5682	-1038.315	-1225.965	187.6496	0.9737663	0.9280925	2.211487
5688	-1046.172	-1233.912	187.7402	1.123453	1.100419	1.940572
5694	-1050.667	-1238.786	188.1193	1.189332	0.6748077	1.957988
5700	-1056.377	-1245.029	188.6512	1.531661	1.149494	0.83971
5706	-1045.312	-1234.32	189.0075	1.827499	0.6157387	0.7669689
5712	-1056.708	-1245.68	188.9719	1.875566	0.4817731	0.9948055
5718	-1050.098	-1239.322	189.2239	1.494737	0.4817731	1.117261
5724	-1051.273	-1240.334	189.0608	1.536734	0.6504814	0.9880163
5730	-1036.242	-1225.009	188.7669	1.301683	0.7369006	1.353074
5736	-1041.362	-1230.136	188.7742	1.345922	0.8819538	1.169297
5742	-1033.877	-1222.312	188.4349	1.383387	0.9107558	1.391631
5748	-1037.455	-1226.333	188.8785	1.517469	0.7123289	1.102672
5754	-1050.602	-1239.131	188.5285	1.327416	0.8492666	1.414945
5760	-1028.424	-1216.808	188.3839	1.163178	0.7710902	1.709754
5766	-1040.739	-1229.377	188.6374	1.121045	0.6472003	1.673229
5772	-1045.344	-1233.848	188.5045	1.382522	1.002473	1.260283
5778	-1047.291	-1235.523	188.232	1.509845	1.215105	1.216756
5784	-1028.403	-1217.251	188.8481	1.597839	0.6442535	1.139376
5790	-1030.466	-1219.134	188.6687	1.266563	1.098677	1.139376
5796	-1033.879	-1222.591	188.712	1.358109	0.6015742	1.49247
5802	-1035.139	-1222.902	187.7629	1.338908	1.972523	1.30184
5808	-1039.845	-1228.044	188.1981	1.223196	1.335798	1.395196
5814	-1036.885	-1225.732	188.8468	1.571162	0.696564	1.101162
5820	-1042.991	-1232.085	189.0944	1.483647	0.6399122	1.02193
5826	-1034.164	-1222.742	188.5784	1.34161	0.9375671	1.287784
5832	-1043.404	-1232.285	188.881	1.35982	0.8896074	1.051832
5838	-1041.408	-1229.868	188.4603	1.314197	0.9954583	1.356989
5844	-1035.465	-1222.393	186.9273	0.9790911	1.260391	2.468979
5850	-1042.743	-1230.191	187.4481	1.038489	0.8890474	2.326058
5856	-1033.64	-1221.391	187.751	1.260166	1.302362	1.717828
5862	-1051.47	-1239.507	188.0371	1.018845	0.960085	1.903454
5868	-1023.456	-1211.427	187.9708	1.151096	0.9883233	1.838841
5874	-1035.619	-1223.699	188.0794	0.9405118	0.889877	1.977882
5880	-1035.64	-1222.689	187.0485	0.8603592	0.889877	2.686549
5886	-1035.974	-1222.958	186.9846	0.9541651	0.8627677	2.686549
5892	-1036.944	-1224.772	187.8282	0.9537812	1.184222	1.944534
5898	-1026.152	-1213.951	187.7986	0.9832117	1.441321	1.801663
5904	-1039.437	-1227.599	188.1619	1.129528	1.13654	1.619722
5910	-1036.654	-1225.063	188.4094	1.129025	1.13654	1.436072
5916	-1036.408	-1224.974	188.5658	1.343358	0.8857155	1.341403
5922	-1037.408	-1226.237	188.8287	1.296495	0.8857155	1.161298
5928	-1046.376	-1234.841	188.4659	1.683667	0.8857155	1.139751
5934	-1041.045	-1230.181	189.1363	1.633659	0.6578517	0.7759619
5940	-1046.012	-1234.879	188.8665	1.550314	0.8132324	0.9625495
5946	-1048.013	-1236.705	188.6926	1.451888	1.081631	0.9538672
5952	-1022.695	-1211.956	189.2612	1.589497	0.4125951	1.109685
5958	-1035.822	-1224.991	189.1692	1.557144	0.6543536	0.8394905
5964	-1040.218	-1229.06	188.8414	1.381971	0.7920905	1.168831
5970	-1025.353	-1213.896	188.5438	1.442521	0.7634844	1.39191
5976	-1032.054	-1219.732	187.6781	1.178255	0.9795875	2.023989
5982	-1035.487	-1223.363	187.8767	1.359505	0.7063055	1.978787
5988	-1035.179	-1223.985	188.8061	1.298747	0.3780853	1.741495
5994	-1026.545	-1214.657	188.1119	1.077496	0.9964293	1.786624
6000	-1024.546	-1213.125	188.5797	1.290947	0.8203477	1.429088
6006	-1035.811	-1224.917	189.1058	1.22185	0.5562719	1.345773
6012	-1048.587	-1236.898	188.311	2.001406	1.147282	0.3817172
6018	-1055.011	-1243.245	188.2343	2.0247	1.225087	0.4102114
6024	-1051.974	-1240.879	188.9051	1.177434	0.7557642	1.32323
6030	-1059.145	-1247.62	188.4748	2.075203	0.9094787	0.3885601
6036	-1049.896	-1239.01	189.1143	1.809215	0.6275268	0.4792062
6042	-1047.229	-1235.846	188.6166	1.277242	0.6541336	1.568433
6048	-1047.035	-1234.955	187.9199	1.318843	1.278457	1.568433
6054	-1042.694	-1231.233	188.539	1.114877	0.8866698	1.536333
6060	-1039.912	-1227.762	187.85	1.112372	0.8866698	2.018614
6066	-1029.975	-1218.278	188.304	1.172305	0.6014272	1.913837
6072	-1032.472	-1220.69	188.2175	1.173779	0.8430355	1.75988
6078	-1030.649	-1218.493	187.8432	1.081961	0.8947739	2.037412
6084	-1037.373	-1224.449	187.0765	0.8004725	1.459284	2.388214
6090	-1038.637	-1225.441	186.8044	0.8829124	1.135136	2.672879
6096	-1049.266	-1235.646	186.3798	0.6830564	1.016889	3.118161
6102	-1035.061	-1223.543	188.4825	1.332824	0.6846493	1.595856
6108	-1040.394	-1228.869	188.4756	1.218192	0.6846493	1.683274
6114	-1038.276	-1226.619	188.3434	1.156734	1.007747	1.556711
6120	-1036.038	-1224.107	188.0684	1.086697	0.7068039	2.032377
6126	-1040.625	-1228.667	188.0429	1.26087	1.05675	1.664428
6132	-1029.038	-1217.531	188.4933	1.162674	0.6604193	1.732977
6138	-1035.417	-1223.769	188.3526	1.144613	1.018442	1.551063
6144	-1055.268	-1243.777	188.5094	1.424761	0.9141218	1.296523
6150	-1055.109	-1243.876	188.7669	1.361573	1.015937	1.033854
6156	-1052.885	-1241.226	188.3412	1.222827	0.9331772	1.565787
6162	-1054.4	-1242.679	188.279	1.282867	1.250897	1.339465
6168	-1043.244	-1232.085	188.8412	1.331794	0.8893098	1.115166
6174	-1040.361	-1229.845	189.4849	1.878023	0.285687	0.8619126
6180	-1046.78	-1236.067	189.2871	1.456981	0.5597426	0.9723933
6186	-1059.239	-1248.062	188.823	1.459949	0.8609253	1.041876
6192	-1056.989	-1245.607	188.6186	1.689111	0.7400247	1.150414
6198	-1053.685	-1242.727	189.0423	1.807858	0.3893063	1.150414
6204	-1056.699	-1245.034	188.3351	1.344073	0.7303567	1.651573
6210	-1031.846	-1220.223	188.377	1.235223	0.6600299	1.763959
6216	-1044.105	-1232.023	187.9183	1.062528	1.17494	1.814625
6222	-1033.299	-1221.259	187.9595	1.058483	0.8044705	2.043541
6228	-1031.724	-1219.042	187.3178	1.21	1.309172	2.043541
6234	-1035.574	-1224.007	188.433	1.286801	0.9057076	1.471463
6240	-1035.292	-1222.642	187.3499	1.049013	1.190338	2.193659
6246	-1042.201	-1229.438	187.2373	0.9622539	1.190338	2.321738
6252	-1046.57	-1233.91	187.3401	0.9984152	0.9251948	2.395326
6258	-1052.518	-1240.152	187.634	1.073034	0.9251948	2.159191
6264	-1064.368	-1252.734	188.3665	1.073878	1.069927	1.556182
6270	-1056.443	-1244.714	188.2708	1.180982	1.134052	1.503452
6276	-1043.975	-1232.171	188.1962	0.9594358	1.143855	1.712042
6282	-1040.54	-1228.198	187.658	0.974369	0.8034111	2.294954
6288	-1042.099	-1230.184	188.085	1.037497	0.8299124	1.95414
6294	-1039.659	-1227.803	188.1435	1.171284	0.6744876	1.95414
6300	-1039.517	-1227.806	188.2896	1.146045	0.9658657	1.634511
6306	-1033.813	-1222.146	188.3332	1.34547	0.837478	1.558644
6312	-1038.189	-1226.705	188.5162	1.261687	0.6134544	1.693068
6318	-1042.296	-1230.42	188.1241	1.191181	0.7397334	1.896855
6324	-1046.586	-1234.679	188.093	1.171266	1.054241	1.694245
6330	-1038.885	-1225.857	186.9724	1.113679	1.486108	2.242155
6336	-1042.018	-1229.916	187.898	0.9180678	0.7947302	2.183317
6342	-1042.438	-1230.567	188.1289	0.9644477	0.8410356	1.965154
6348	-1053.793	-1241.181	187.3886	0.8751101	1.238827	2.253838
6354	-1052.509	-1240.435	187.9264	1.206695	1.112513	1.748048
6360	-1041.392	-1229.85	188.4583	1.082178	0.6110634	1.860697
6366	-1035.551	-1223.859	188.3081	1.04289	0.9954004	1.673653
6372	-1049.924	-1237.579	187.6545	0.9617898	0.6780963	2.404712
6378	-1051.691	-1239.534	187.843	1.074271	0.6462411	2.240453
6384	-1043.091	-1231.22	188.1297	1.332362	1.157515	1.479831
6390	-1044.221	-1232.665	188.4443	1.036177	0.6601416	1.854862
6396	-1039.378	-1227.215	187.8372	1.225262	1.43261	1.607707
6402	-1043.639	-1231.678	188.0386	1.50664	1.37766	1.269384
6408	-1042.236	-1230.947	188.7113	1.299119	0.8646217	1.278305
6414	-1042.522	-1231.362	188.8406	1.599719	0.8068963	0.9456647
6420	-1046.512	-1234.411	187.9	0.8998701	1.333066	1.847403
6426	-1048.482	-1237.062	188.5793	0.9080303	0.6631247	1.847403
6432	-1042.544	-1230.504	187.9596	1.074064	0.5941584	2.213083
6438	-1033.552	-1221.721	188.1684	1.136764	0.864894	1.802671
6444	-1036.265	-1224.925	188.6596	1.263169	0.8921791	1.324803
6450	-1036.16	-1224.488	188.3285	1.44819	0.7740002	1.541309
6456	-1045.87	-1234.118	188.2479	1.152671	1.278723	1.447125
6462	-1041.535	-1229.617	188.0825	1.249028	0.8880617	1.766603
6468	-1050	-1237.708	187.7082	0.9773152	0.8097598	2.25614
6474	-1048.085	-1235.128	187.0428	0.8424552	1.110757	2.56437
6480	-1047.196	-1234.412	187.2157	0.6695996	1.110757	2.56437
6486	-1047.632	-1235.431	187.7991	0.8239902	1.110757	2.094191
6492	-1056.989	-1246.028	189.0394	1.499535	0.8505732	0.7655995
6498	-1063.217	-1251.685	188.4674	1.671816	1.242846	0.7906533
6504	-1054.697	-1243.575	188.8784	1.886296	0.7434825	0.5582869
6510	-1049.888	-1237.665	187.7778	1.431014	1.138758	1.677614
6516	-1033.103	-1221.666	188.5625	1.237241	0.6252167	1.665636
6522	-1033.735	-1222.121	188.3862	1.369502	1.058925	1.32235
6528	-1042.198	-1230.885	188.6875	1.367258	0.8063799	1.296478
6534	-1048.847	-1237.324	188.4771	1.209558	0.8751599	1.521391
6540	-1041.257	-1229.529	188.2719	1.195486	0.8751599	1.680855
6546	-1033.701	-1222.188	188.487	1.260579	0.7380301	1.59516
6552	-1043.216	-1231.229	188.0132	1.295952	0.868135	1.797387
6558	-1051.039	-1239.894	188.8555	1.261255	0.868135	1.185529
6564	-1050.67	-1239.744	189.0738	1.450151	0.4202452	1.371999
6570	-1049.769	-1238.732	188.9637	1.418156	0.6278741	1.214902
6576	-1038.437	-1227.41	188.9732	1.459747	0.6278741	1.170917
6582	-1042.372	-1231.592	189.2197	1.751507	0.4647578	0.8942786
6588	-1039.219	-1228.114	188.8952	1.79588	0.7917751	0.6098882
6594	-1046.491	-1235.275	188.7845	2.069424	0.6756874	0.4542016
6600	-1045.036	-1234.425	189.3892	1.828654	0.4293387	0.6172974
6606	-1038.334	-1227.242	188.9078	1.761049	0.8101219	0.6116023
6612	-1057.229	-1245.964	188.7353	1.803302	0.9183033	0.6355969
6618	-1040.295	-1229.041	188.7459	1.755293	0.967891	0.5974276
6624	-1046.976	-1235.749	188.7733	1.894426	0.7299533	0.7867134
6630	-1035.814	-1224.974	189.1604	1.783897	0.5335087	0.7867134
6636	-1032.394	-1221.646	189.2523	1.707916	0.5131378	0.809172
6642	-1032.356	-1221.473	189.1176	1.571514	0.644295	0.8995795
6648	-1036.844	-1225.963	189.1194	1.693689	0.6468768	0.7343631
6654	-1033.611	-1222.596	188.9851	1.864705	0.6468768	0.6704907
6660	-1038.243	-1227.064	188.8208	1.739642	0.8501	0.7342099
6666	-1031.631	-1220.46	188.8292	1.557346	0.6331281	1.204677
6672	-1037.203	-1226.043	188.8401	1.361162	0.5334598	1.471284
6678	-1036.564	-1225.134	188.5697	1.334847	0.7836817	1.436225
6684	-1040.425	-1227.914	187.4889	1.081278	0.8972225	2.266949
6690	-1043.125	-1231.435	188.3103	1.052012	0.8987871	1.736873
6696	-1051.39	-1239.97	188.5808	1.129132	0.6084708	1.746039
6702	-1041.799	-1229.691	187.892	1.313167	0.6649625	2.03584
6708	-1043.479	-1231.827	188.3485	1.230168	0.8402229	1.629247
6714	-1040.183	-1228.865	188.6823	1.203034	0.8992762	1.348614
6720	-1038.803	-1227.277	188.474	1.154921	0.8191977	1.610314
6726	-1044.819	-1233.127	188.3078	1.198939	1.216727	1.40576
6732	-1035.09	-1224.069	188.9783	1.255416	0.8741163	1.074583
6738	-1042.506	-1230.986	188.4798	1.317513	0.7335588	1.562857
6744	-1054.904	-1243.445	188.5409	1.339516	0.9179765	1.336493
6750	-1051.086	-1239.539	188.4536	1.283312	1.060132	1.336493
6756	-1056.114	-1244.657	188.542	1.41237	1.003709	1.202482
6762	-1034.191	-1222.552	188.3616	1.417167	1.191881	1.202482
6768	-1041.959	-1230.408	188.4495	1.200627	0.9727859	1.470996
6774	-1042.248	-1230.685	188.4369	1.36525	0.8108322	1.489678
6780	-1032.772	-1221.371	188.5988	1.225612	0.7050478	1.569727
6786	-1040.786	-1228.555	187.7691	1.098314	1.040709	1.97618
6792	-1044.159	-1232.37	188.2115	1.044878	0.9665535	1.761086
6798	-1051.793	-1239.781	187.9877	1.096143	0.8408258	1.97165
6804	-1026.898	-1215.394	188.4958	1.154371	0.7686221	1.638387
6810	-1032.902	-1221.176	188.2735	1.211614	0.9172256	1.635481
6816	-1029.462	-1217.291	187.8292	1.055462	0.9899865	1.998171
6822	-1037.392	-1225.544	188.1523	1.241159	1.363281	1.399831
6828	-1038.889	-1227.701	188.8119	1.382117	0.584633	1.416967
6834	-1045.583	-1234.745	189.1619	1.543858	0.4851544	1.12379
6840	-1037.616	-1226.772	189.1557	1.771708	0.4467662	0.9755545
6846	-1032.261	-1221.279	189.0184	1.611781	0.586298	1.045757
6852	-1032.503	-1220.839	188.3363	1.259755	1.197974	1.34845
6858	-1028.775	-1217.173	188.3973	1.36911	0.9787658	1.376667
6864	-1033.401	-1222.005	188.6039	1.394899	0.967138	1.196116
6870	-1033.208	-1221.913	188.7051	1.485763	0.7928787	1.196116
6876	-1025.21	-1214.357	189.1476	1.485763	0.5948339	1.030642
6882	-1029.137	-1217.777	188.6392	1.65135	1.152735	0.6759404
6888	-1041.45	-1230.35	188.9001	1.746944	0.6469551	0.9416868
6894	-1054.344	-1243.612	189.2676	1.644125	0.487132	0.9179335
6900	-1042.002	-1231.035	189.0328	1.616733	0.7030659	0.8540986
6906	-1053.362	-1242.149	188.7867	1.616733	0.846079	0.9368232
6912	-1041.131	-1230.105	188.9743	1.61685	0.8240635	0.7326845
6918	-1039.145	-1228.038	188.8924	1.714893	0.8101172	0.7326845
6924	-1023.527	-1212.614	189.0866	1.398829	0.6812708	1.057096
6930	-1046.541	-1235.602	189.0609	1.599286	0.6599053	0.9081136
6936	-1043.987	-1233.313	189.3267	1.722385	0.4866533	0.7458922
6942	-1033.078	-1221.781	188.7031	1.344608	0.8678372	1.244492
6948	-1029.776	-1218.384	188.608	1.398485	1.039662	1.125842
6954	-1026.595	-1215.346	188.7508	1.404892	0.8527355	1.166619
6960	-1034.863	-1223.326	188.4634	1.387965	1.062072	1.24152
6966	-1029.908	-1219.032	189.1244	1.387965	0.4239803	1.375616
6972	-1024.359	-1213.235	188.8762	1.260353	0.8774571	1.159219
6978	-1027.096	-1215.716	188.6205	1.549348	1.218072	0.7775482
6984	-1032.121	-1220.768	188.6463	1.636593	0.929666	0.9675154
6990	-1033.494	-1222.062	188.5677	1.574158	1.276633	0.7462027
6996	-1034.084	-1222.993	188.9092	1.851384	0.7325408	0.6180018
7002	-1045.538	-1234.609	189.0716	1.645855	0.7325408	0.7064693
7008	-1026.67	-1215.783	189.1127	1.745934	0.6264667	0.7064693
7014	-1024.97	-1213.881	188.9111	1.539791	0.9103664	0.7966389
7020	-1040.912	-1229.714	188.8024	1.520197	0.9103664	0.9475089
7026	-1038.827	-1227.614	188.7869	1.520197	0.9496239	0.9195385
7032	-1043.172	-1231.982	188.81	1.183844	0.7815757	1.368824
7038	-1042.655	-1231.285	188.6293	1.089932	0.9946199	1.401043
7044	-1039.86	-1227.536	187.6762	0.9687167	0.9946199	2.153053
7050	-1036.814	-1224.091	187.2775	1.045139	1.238878	2.215902
7056	-1045.354	-1232.904	187.55	0.8204525	1.183573	2.215902
7062	-1048.617	-1235.31	186.6931	0.9433842	0.6846362	3.001069
7068	-1041.423	-1229.725	188.3013	0.9920171	0.5408825	2.096487
7074	-1045.893	-1233.944	188.0517	1.11099	1.31278	1.60332
7080	-1046.754	-1235.531	188.7769	1.204264	0.6707524	1.48676
7086	-1040.603	-1229.529	188.9259	1.436213	0.7702236	1.066982
7092	-1035.694	-1224.182	188.4877	1.435309	1.025761	1.210682
7098	-1045.318	-1234.17	188.8517	1.314824	0.7108161	1.301057
7104	-1036.992	-1226.08	189.0877	1.323201	0.6007747	1.223142
7110	-1030.977	-1219.064	188.0871	0.9573213	1.003641	1.881285
7116	-1039.789	-1227.604	187.8155	0.838385	1.003641	2.141279
7122	-1046.215	-1234.058	187.8433	1.027323	0.6401443	2.275797
7128	-1044.167	-1230.368	186.201	0.6163893	1.159901	3.184194
7134	-1034.345	-1222.502	188.1564	1.090753	0.7207322	1.959026
7140	-1030.849	-1218.736	187.8868	1.179131	1.16953	1.758927
7146	-1040.767	-1228.766	187.9987	1.067203	1.16953	1.758927
7152	-1035.098	-1224.029	188.9309	1.372719	0.8791933	1.001736
7158	-1030.114	-1218.816	188.7021	1.489018	0.8051194	1.183447
7164	-1044.024	-1232.404	188.3806	1.515349	1.511742	0.8322506
7170	-1037.214	-1226.135	188.9204	1.332089	0.8856702	1.044848
7176	-1024.935	-1213.646	188.7105	1.569118	1.056166	0.8271606
7182	-1039.003	-1227.676	188.6733	1.57828	1.056166	0.8615759
7188	-1047.416	-1235.775	188.359	1.513236	1.528332	0.8467363
7194	-1045.208	-1233.76	188.5527	1.368589	0.9614166	1.26638
7200	-1047.673	-1236.444	188.7708	1.365737	0.8624683	1.173819
7206	-1051.646	-1239.696	188.0506	1.145133	0.8008652	1.927586
7212	-1054.081	-1242.818	188.7369	1.191607	0.4843291	1.728332
7218	-1039.592	-1227.687	188.0948	1.191607	1.217142	1.571464
7224	-1036.342	-1224.851	188.5089	1.283731	0.676154	1.620523
7230	-1036.41	-1225.357	188.9473	1.676405	0.6748613	0.9260096
7236	-1041.706	-1230.567	188.8609	1.67554	0.8858709	0.708463
7242	-1035.271	-1224.411	189.1398	1.642668	0.651087	0.771384
7248	-1038.601	-1227.812	189.2101	1.642668	0.4955223	0.9658889
7254	-1040.491	-1229.62	189.1293	1.29304	0.5826346	1.235929
7260	-1048.558	-1237.046	188.4877	1.385592	1.438722	0.9218627
7266	-1045.841	-1234.916	189.0747	1.550883	0.6790017	0.917977
7272	-1049.584	-1238.757	189.1728	1.459547	0.737027	0.8217526
7278	-1050.759	-1239.755	188.9956	1.623555	0.6470755	0.9707151
7284	-1053.12	-1242.003	188.8827	1.50961	0.7430417	1.07001
7290	-1039.898	-1228.722	188.8244	1.597252	0.719742	1.07001
7296	-1042.116	-1230.632	188.5159	1.569401	1.302765	0.7960596
7302	-1032.505	-1221.204	188.6988	1.399997	1.156733	0.9289779
7308	-1022.892	-1211.529	188.6373	1.210444	0.8664886	1.406368
7314	-1036.186	-1224.166	187.9791	1.139202	1.483589	1.538678
7320	-1049.119	-1237.589	188.4701	1.273818	0.8289785	1.517473
7326	-1048.109	-1236.633	188.5232	1.430182	0.7385305	1.441192
7332	-1048.829	-1237.596	188.7671	1.430182	1.118369	0.8566524
7338	-1052.242	-1240.767	188.5245	1.630394	1.165106	0.8566524
7344	-1038.998	-1227.636	188.6371	1.497842	1.165106	0.8801814
7350	-1040.963	-1230.061	189.0978	1.682069	0.6823513	0.7104483
7356	-1048.123	-1236.572	188.4483	1.616694	1.321922	0.8023394
7362	-1050.167	-1238.616	188.4489	1.630786	1.257245	0.8512966
7368	-1048.255	-1237.209	188.9537	1.598973	0.6757165	0.99879
7374	-1047.938	-1236.708	188.7701	1.351508	0.9194979	1.132121
7380	-1049.915	-1237.695	187.7805	1.322802	1.534187	1.522355
7386	-1050.34	-1239.124	188.7844	1.392582	0.8814659	1.119327
7392	-1052.551	-1241.426	188.8753	1.621934	0.5751283	1.181642
7398	-1061.726	-1250.444	188.7181	1.52914	0.7862248	1.153979
7404	-1054.77	-1243.327	188.5562	1.449059	0.7862248	1.355397
7410	-1060.747	-1249.343	188.5959	1.466311	1.144601	0.9789055
7416	-1064.164	-1252.311	188.1463	1.383555	1.438132	1.243439
7422	-1065.985	-1254.718	188.7329	1.727741	0.7356434	1.013215
7428	-1048.705	-1237.617	188.9121	1.589181	0.9072243	0.7282035
7434	-1044.424	-1233.152	188.7278	1.553066	1.021368	0.8668538
7440	-1039.609	-1228.338	188.7295	1.566492	1.038503	0.8279554
7446	-1044.674	-1233.445	188.7707	1.26398	1.164184	0.989046
7452	-1044.31	-1232.972	188.6628	1.299669	0.9717553	1.223113
7458	-1045.024	-1233.59	188.5657	1.448478	0.9717553	1.178777
7464	-1050.319	-1238.811	188.4919	1.288987	1.089672	1.27824
7470	-1050.544	-1238.933	188.3889	1.016723	0.9221219	1.688638
7476	-1047.723	-1235.816	188.0932	1.265754	0.9221219	1.721641
7482	-1037.581	-1226.196	188.6151	1.265754	1.18508	1.118006
7488	-1037.657	-1226.361	188.7038	1.447053	1.18508	0.8400822
7494	-1038.11	-1226.625	188.5141	1.462131	1.060474	1.134998
7500	-1045.715	-1234.814	189.0984	1.523581	0.637551	0.9813794
7506	-1040.978	-1229.989	189.0109	1.582055	0.637551	1.010488
7512	-1051.924	-1240.778	188.8535	1.280756	0.4498044	1.624385
7518	-1048.204	-1237.283	189.0788	1.402137	0.652025	1.098034
7524	-1053.177	-1242.096	188.9182	1.488262	0.6621722	1.152618
7530	-1034.034	-1222.998	188.964	1.691723	0.6496686	0.9282823
7536	-1041.684	-1230.737	189.053	1.375459	0.8310622	0.9282823
7542	-1043.458	-1232.234	188.7758	1.621491	0.5102965	1.348158
7548	-1053.335	-1242.686	189.3517	1.70372	0.3944186	0.9438268
7554	-1039.603	-1228.481	188.8778	1.574923	0.3944186	1.464954
7560	-1029.459	-1218.502	189.0433	1.522862	0.5121916	1.206797
7566	-1040.558	-1229.76	189.2019	1.373283	0.5121916	1.199072
7572	-1052.331	-1241.197	188.8657	1.370743	0.5226902	1.457623
7578	-1046.077	-1234.451	188.3744	1.233817	1.00004	1.481837
7584	-1052.741	-1241.519	188.7776	1.399568	0.8794934	1.121067
7590	-1053.052	-1242.069	189.0165	1.423482	0.530898	1.287117
7596	-1051.738	-1240.02	188.2821	1.280475	1.239205	1.346812
7602	-1037.967	-1227.099	189.1318	1.414207	0.624605	1.07313
7608	-1045.175	-1234.369	189.194	1.503796	0.4159409	1.237503
7614	-1063.251	-1251.982	188.7304	1.764711	0.9868313	0.544114
7620	-1048.276	-1237.443	189.167	1.555114	0.4831783	1.111968
7626	-1043.379	-1232.567	189.1881	1.646246	0.6251863	0.7481249
7632	-1046.49	-1235.123	188.6325	1.643199	1.110023	0.7641517
7638	-1052.802	-1241.5	188.6986	1.489489	0.9308782	1.059839
7644	-1036.55	-1225.017	188.4678	1.230352	0.9899701	1.420962
7650	-1035.31	-1224.091	188.781	1.425634	1.01096	0.9603079
7656	-1038.724	-1227.712	188.9886	1.524546	0.6932354	1.015041
7662	-1038.383	-1226.496	188.1132	1.366631	1.229364	1.418246
7668	-1026.051	-1215.232	189.1809	1.409034	0.659549	0.9832153
7674	-1030.426	-1219.111	188.6857	1.271182	0.8336557	1.349781
7680	-1047.833	-1236.737	188.9038	1.231538	0.7904382	1.245656
7686	-1047.958	-1236.241	188.2831	1.525111	1.583653	0.8758816
7692	-1047.173	-1235.769	188.5956	1.350723	0.7366335	1.448401
7698	-1050.598	-1239.085	188.4866	1.350723	0.8396661	1.437658
7704	-1050.852	-1239.05	188.1975	1.121211	1.384048	1.444937
7710	-1039.63	-1226.985	187.3549	1.081991	1.096154	2.224192
7716	-1024.444	-1211.848	187.4038	1.186576	1.191274	2.068016
7722	-1043.11	-1229.814	186.7043	0.7965436	1.191274	2.756492
7728	-1035.904	-1224.814	188.9104	1.377943	0.5678305	1.362949
7734	-1043.453	-1231.525	188.0719	1.589295	1.359371	1.183637
7740	-1038.13	-1226.852	188.7214	1.816261	0.9012852	0.6760897
7746	-1054.44	-1243.406	188.9659	1.863723	0.6577659	0.680677
7752	-1037.674	-1226.645	188.9705	1.601362	0.6987575	0.9478091
7758	-1031.404	-1220.099	188.6953	1.427507	0.962435	1.090132
7764	-1049.776	-1238.13	188.3541	1.402641	0.9824288	1.381331
7770	-1048.431	-1236.812	188.381	1.309628	0.6493777	1.719149
7776	-1044.538	-1232.805	188.2675	1.21996	0.8368211	1.6972
7782	-1035.329	-1223.451	188.1215	1.280252	0.7726342	1.809938
7788	-1034.485	-1223.349	188.8642	1.314442	0.7726342	1.227234
7794	-1032.123	-1220.815	188.6922	1.520026	1.029315	0.9352951
7800	-1035.59	-1224.126	188.5354	1.572733	1.029315	1.040739
7806	-1051.295	-1239.486	188.1919	1.177311	0.9997987	1.657521
7812	-1049.486	-1238.11	188.6238	1.458703	0.5448142	1.546822
7818	-1042.829	-1231.265	188.4356	1.219317	0.8837685	1.537969
7824	-1066.294	-1255.406	189.1121	1.832152	0.5310222	0.7921594
7830	-1054.224	-1243.12	188.8966	1.667592	0.8906667	0.6452638
7836	-1036.252	-1225.319	189.0672	1.944142	0.5648257	0.549899
7842	-1029.098	-1217.907	188.8086	1.701469	0.9014723	0.7241393
7848	-1028.543	-1217.373	188.8304	1.803909	0.8220683	0.660094
7854	-1044.558	-1233.562	189.0042	1.759311	0.7129809	0.6673978
7860	-1030.224	-1218.847	188.623	1.631172	1.0836	0.8262973
7866	-1038.847	-1227.214	188.3672	1.499945	1.088649	1.206869
7872	-1036.943	-1225.849	188.9054	1.46789	0.8204961	0.9983117
7878	-1034.715	-1223.372	188.6572	1.597061	0.8647669	1.065063
7884	-1031.236	-1220.001	188.7652	1.647017	0.9449746	0.7994353
7890	-1032.64	-1221.518	188.8784	1.647017	0.8710716	0.7518485
7896	-1022.153	-1211.278	189.1245	1.631008	0.7117126	0.6858057
7902	-1026.622	-1215.944	189.3224	1.731473	0.4057451	0.9219288
7908	-1025.16	-1214.282	189.1226	1.789172	0.5666903	0.7602324
7914	-1036.943	-1226.093	189.1496	1.916746	0.5125693	0.6366982
7920	-1053.964	-1242.861	188.8971	1.731743	0.8538052	0.580367
7926	-1051.127	-1239.874	188.7467	1.731743	0.995455	0.580367
7932	-1037.894	-1226.896	189.0021	1.876657	0.6519864	0.580367
7938	-1058.282	-1246.983	188.7011	1.795817	0.9396642	0.6760267
7944	-1051.045	-1240.096	189.0509	1.666609	0.6863591	0.7956169
7950	-1040.901	-1229.223	188.3227	1.69089	1.393052	0.7956169
7956	-1039.937	-1228.888	188.9514	1.511545	0.8226629	0.9009084
7962	-1038.019	-1226.89	188.8716	1.511545	0.7248764	1.099691
7968	-1040.437	-1229.486	189.0485	1.393847	0.7920658	0.961974
7974	-1027.613	-1216.441	188.8275	1.448069	0.9447388	0.9586905
7980	-1035.436	-1224.396	188.9591	1.575488	0.7339683	0.9395615
7986	-1035.473	-1224.049	188.576	1.714206	1.177336	0.6296582
7992	-1030.412	-1218.898	188.4863	1.725425	1.177336	0.7685778
7998	-1029.31	-1218.015	188.7052	1.745622	0.8131272	0.9265631
8004	-1033.669	-1221.974	188.305	1.343127	1.265553	1.25937
8010	-1050.613	-1238.705	188.0911	1.288249	1.560572	1.293386
8016	-1028.123	-1216.307	188.1836	1.343801	1.417582	1.258519
8022	-1043.903	-1232.925	189.0215	1.744636	0.7105576	0.6683567
8028	-1037.323	-1226.005	188.6824	1.540709	1.065745	0.8841296
8034	-1041.742	-1230.495	188.753	1.60463	0.7077299	1.142549
8040	-1037.079	-1225.866	188.7873	1.748047	0.7159806	0.9628008
8046	-1030.384	-1219.124	188.7404	1.44011	1.035137	0.9628008
8052	-1050.628	-1238.392	187.7635	1.12855	0.7265957	2.188176
8058	-1041.733	-1229.114	187.3811	1.039642	0.6438786	2.556269
8064	-1042.369	-1229.648	187.2784	0.8528296	0.7805029	2.626655
8070	-1050.911	-1239.78	188.8689	1.36895	1.054189	0.8798855
8076	-1058.171	-1246.039	187.8679	1.153869	1.448938	1.628219
8082	-1048.158	-1236.185	188.0273	1.032775	1.448662	1.600626
8088	-1056.451	-1244.15	187.699	1.01519	0.9915768	2.109791
8094	-1049.967	-1237.493	187.5265	0.9808628	1.082466	2.186886
8100	-1061.383	-1249.986	188.6025	1.076151	0.7807494	1.60721
8106	-1049.261	-1237.996	188.7354	1.335342	0.7006588	1.387807
8112	-1055.621	-1243.678	188.0578	1.285567	1.163016	1.564491
8118	-1048.742	-1237.199	188.4577	1.335098	0.5395622	1.760407
8124	-1047.019	-1235.738	188.7189	1.206658	0.9598166	1.26415
8130	-1056.515	-1244.773	188.2579	1.082063	0.7405	1.879407
8136	-1046.536	-1234.461	187.9248	1.268839	1.315985	1.578881
8142	-1045.735	-1233.936	188.201	1.103152	0.9284	1.75543
8148	-1037.805	-1225.251	187.4467	0.9496951	0.8043271	2.443863
8154	-1045.717	-1233.431	187.7142	1.140715	0.7797554	2.169675
8160	-1045.261	-1233.64	188.3792	1.138163	0.9153298	1.613648
8166	-1045.776	-1233.635	187.8588	1.058299	0.9230476	2.022647
8172	-1039.642	-1227.799	188.1564	1.267488	0.9204199	1.67695
8178	-1034.555	-1223.775	189.2199	1.361779	0.5941306	1.080707
8184	-1033.16	-1222.407	189.2467	1.529324	0.5880604	0.8921386
8190	-1030.418	-1219.369	188.9508	1.509488	0.7984891	0.9348753
8196	-1032.378	-1221.109	188.7317	1.462841	0.9603404	1.024127
8202	-1042.583	-1231.531	188.9483	1.407812	0.812866	1.024127
8208	-1040.271	-1228.448	188.1773	1.095047	1.085701	1.667211
8214	-1040.436	-1229.246	188.8097	1.389864	0.6901688	1.296051
8220	-1042.392	-1231.237	188.8441	1.382188	0.887635	1.067632
8226	-1032.048	-1221.074	189.026	1.606404	0.6514493	0.9505958
8232	-1031.992	-1220.794	188.8014	1.579712	0.8581588	0.9460958
8238	-1049.864	-1238.627	188.763	1.331049	0.8173481	1.253645
8244	-1043.034	-1231.946	188.9119	1.411179	0.8173481	1.050954
8250	-1050.393	-1238.874	188.4803	1.388585	0.6181479	1.623126
8256	-1041.993	-1230.835	188.8418	1.59397	0.8489316	0.89778
8262	-1043.139	-1231.558	188.419	1.620912	1.244785	0.9094455
8268	-1051.384	-1240.087	188.7031	1.68139	1.034317	0.7062715
8274	-1042.109	-1230.884	188.7745	1.47856	0.8279449	1.104808
8280	-1043.491	-1231.313	187.8214	1.333047	1.824672	1.332276
8286	-1040.873	-1229.219	188.3453	1.379213	0.9321747	1.446481
8292	-1033.755	-1222.727	188.9726	1.379316	0.5953428	1.278859
8298	-1044.381	-1233.259	188.878	1.316874	0.5953428	1.404148
8304	-1033.958	-1221.989	188.0314	1.341274	0.715591	1.878572
8310	-1044.533	-1232.976	188.4429	1.541893	1.03411	1.150029
8316	-1046.425	-1235.002	188.5769	1.304632	0.9204512	1.333468
8322	-1035.654	-1223.815	188.1603	1.250337	1.188894	1.497549
8328	-1030.243	-1218.728	188.4854	1.581183	1.048802	1.062291
8334	-1031.065	-1219.783	188.7184	1.462397	0.9353538	1.062291
8340	-1033.826	-1222.519	188.6929	1.479457	0.9353538	1.070259
8346	-1022.89	-1211.7	188.8095	1.321664	0.8861973	1.155579
8352	-1026.31	-1214.934	188.6232	1.320893	0.9011088	1.299787
8358	-1031.043	-1219.21	188.1676	1.236234	1.37857	1.382362
8364	-1031.827	-1220.736	188.9096	1.515815	0.6881579	1.104458
8370	-1045.965	-1234.251	188.2862	1.6461	1.577811	0.7131411
8376	-1041.194	-1230.19	188.9967	1.856884	0.6115128	0.7485569
8382	-1039.771	-1229.079	189.308	1.996242	0.2682162	0.9735674
8388	-1040.935	-1230.02	189.0849	1.904288	0.4141271	0.9735674
8394	-1049.933	-1238.988	189.0552	1.904288	0.3818555	1.064099
8400	-1036.353	-1225.355	189.0019	1.473516	0.7324186	1.002597
8406	-1044.776	-1233.498	188.7218	1.430864	0.9304177	1.093381
8412	-1043.6	-1232.426	188.8262	1.425871	0.8563607	1.07593
8418	-1038.373	-1227.282	188.9086	1.429004	0.707668	1.160317
8424	-1045.785	-1234.15	188.365	1.382462	1.112817	1.287966
8430	-1037.408	-1225.877	188.4685	1.363797	1.112817	1.217435
8436	-1044.935	-1233.924	188.9889	1.496902	0.9011379	0.7617877
8442	-1048.546	-1236.928	188.3817	1.209117	1.102251	1.420018
8448	-1045.568	-1234.138	188.5696	1.413975	1.032447	1.152487
8454	-1043.515	-1232.409	188.8936	1.343955	0.7545288	1.195914
8460	-1038.769	-1227.639	188.8695	1.756896	0.8239409	0.6716357
8466	-1045.949	-1234.939	188.9895	1.776966	0.69402	0.7071562
8472	-1045.553	-1234.682	189.1291	1.899556	0.5523047	0.558947
8478	-1045.83	-1234.575	188.7449	1.906639	0.8437479	0.5127264
8484	-1043.063	-1231.815	188.7521	1.85223	0.8378916	0.6830671
8490	-1052.193	-1241.375	189.182	1.73492	0.5958267	0.6806727
8496	-1054.962	-1244.216	189.2541	1.651878	0.6033568	0.6806727
8502	-1043.548	-1231.792	188.2437	1.377179	0.8433641	1.596058
8508	-1045.514	-1234.104	188.5893	1.377179	0.6723118	1.496277
8514	-1047.244	-1236.061	188.8174	1.510239	0.6624733	1.220373
8520	-1048.303	-1237.125	188.8214	1.366286	0.7712231	1.221049
8526	-1046.83	-1234.951	188.1214	1.277435	1.002224	1.634516
8532	-1049.564	-1237.746	188.1822	1.013953	0.7230532	1.991208
8538	-1052.336	-1240.436	188.0993	0.9367076	0.7811106	2.049967
8544	-1039.865	-1227.756	187.8914	1.104495	0.685772	2.154989
8550	-1043.657	-1231.346	187.689	1.054947	1.087083	2.028972
8556	-1030.885	-1218.976	188.0903	1.160435	1.076148	1.689025
8562	-1042.834	-1231.504	188.6692	1.067164	0.7360403	1.605169
8568	-1045.203	-1234.011	188.8076	1.314963	0.7158624	1.331278
8574	-1056.086	-1244.8	188.7137	1.321616	0.7864362	1.331278
8580	-1044.326	-1233.041	188.7148	1.393743	0.7470546	1.310968
8586	-1046.7	-1235.502	188.8022	1.569991	0.9621992	0.8281752
8592	-1041.325	-1230.129	188.8042	1.707798	0.8746916	0.7657071
8598	-1035.124	-1223.523	188.3983	1.65898	1.378576	0.7497585
8604	-1032.36	-1220.997	188.6367	1.65898	1.155058	0.6614546
8610	-1038.882	-1227.892	189.0105	1.578661	0.6921318	0.9386312
8616	-1044.31	-1233.097	188.7869	1.711943	0.9576694	0.6320181
8622	-1039.836	-1228.729	188.8928	1.643038	0.9162229	0.646936
8628	-1031.347	-1220.369	189.0216	1.720719	0.7373894	0.646936
8634	-1043.476	-1232.29	188.8142	1.622927	0.9132078	0.8108217
8640	-1034.831	-1224.067	189.2352	1.782745	0.4997245	0.759789
8646	-1033.153	-1221.816	188.6625	1.741757	1.006667	0.7188784
8652	-1036.708	-1225.366	188.6581	1.785011	1.006667	0.6458958
8658	-1038.174	-1227.049	188.8751	1.785011	0.768567	0.7275913
8664	-1038.023	-1226.797	188.7739	1.532989	0.8532102	1.027083
8670	-1039.374	-1228.195	188.821	1.381028	0.7702558	1.209864
8676	-1034.825	-1223.171	188.3464	1.660567	1.435333	0.7593859
8682	-1048.84	-1237.812	188.9716	1.55748	0.6733232	1.025275
8688	-1053.045	-1241.174	188.1289	1.626474	1.739272	0.8110993
8694	-1048.437	-1236.8	188.3628	1.491019	0.9245546	1.352095
8700	-1037.745	-1226.21	188.4645	1.404725	0.9798535	1.293639
8706	-1037.432	-1225.85	188.4181	1.508286	1.191477	1.070897
8712	-1036.109	-1224.726	188.6173	1.394796	1.152693	1.02178
8718	-1033.191	-1221.795	188.6032	1.32662	0.961158	1.259489
8724	-1043.882	-1232.756	188.8738	1.279087	0.6051384	1.425553
8730	-1042.01	-1230.794	188.7837	1.13898	0.8119996	1.396368
8736	-1054.931	-1243.269	188.3376	1.426048	1.369997	1.084433
8742	-1062.485	-1251.195	188.7098	1.6195	1.100658	0.6922217
8748	-1048.091	-1237.151	189.0607	1.616196	0.645052	0.9121108
8754	-1048.006	-1236.83	188.8242	1.693547	0.6600793	1.053376
8760	-1039.321	-1228.029	188.7076	1.635353	0.9139066	0.9215142
8766	-1039.738	-1228.591	188.8534	1.509673	0.9139066	0.8992424
8772	-1038.729	-1227.446	188.717	1.509673	1.034739	0.9137317
8778	-1044.515	-1233.469	188.9537	1.540187	0.8662532	0.8035329
8784	-1045.739	-1234.887	189.1483	1.430265	0.7484474	0.8701066
8790	-1052.744	-1241.48	188.736	1.258444	0.5755409	1.577073
8796	-1057.788	-1245.986	188.1986	1.404638	0.8551629	1.599205
8802	-1045.128	-1232.705	187.577	1.203894	0.8551629	2.16084
8808	-1054.279	-1242.43	188.1506	1.222688	1.181638	1.530197
8814	-1053.242	-1241.482	188.24	1.258436	0.8562946	1.673695
8820	-1047.454	-1236.085	188.6317	1.511832	0.8385735	1.191101
8826	-1046.916	-1235.387	188.4701	1.364653	0.5119968	1.76185
8832	-1059.19	-1248.563	189.3735	1.587605	0.4545035	0.9254482
8838	-1054.429	-1243.051	188.6219	1.599203	1.02957	0.9254482
8844	-1056.028	-1244.538	188.5106	1.604342	1.327908	0.7225424
8850	-1045.708	-1234.208	188.4994	1.604342	1.327908	0.7402285
8856	-1052.497	-1240.491	187.994	1.859579	1.650552	0.7572664
8862	-1049.105	-1237.863	188.7578	1.686898	0.972886	0.7080786
8868	-1064.681	-1253.786	189.1049	1.780366	0.4659569	0.9840543
8874	-1048.812	-1237.685	188.8733	1.609264	0.7659163	0.9527516
8880	-1051.045	-1240.223	189.1775	1.520354	0.6035397	0.9527516
8886	-1054.271	-1243.259	188.9881	1.52011	0.696604	1.015534
8892	-1056.433	-1245.833	189.3996	1.529764	0.3777858	1.099617
8898	-1053.756	-1242.927	189.1702	2.069184	0.4303068	0.4842891
8904	-1044.173	-1232.607	188.4343	2.069184	0.9567439	0.3943926
8910	-1049.904	-1238.095	188.1916	1.748855	1.427901	0.8543997
8916	-1039.966	-1229.047	189.0814	1.732163	0.5225253	0.96077
8922	-1048.988	-1237.809	188.8205	1.556325	0.7862817	1.034499
8928	-1047.965	-1236.967	189.0023	1.523759	0.6848101	1.013286
8934	-1032.01	-1220.241	188.2307	1.330156	1.023647	1.49991
8940	-1030.093	-1218.415	188.3218	1.147513	0.7124313	1.815106
8946	-1036.755	-1224.973	188.2178	1.164938	0.908441	1.715199
8952	-1034.777	-1223.624	188.8468	1.376266	1.009484	0.9445776
8958	-1042.768	-1231.819	189.0508	1.621968	0.7319215	0.7763388
8964	-1046.785	-1235.406	188.6209	1.50321	0.5417734	1.519428
8970	-1032.563	-1221.127	188.5637	1.220189	0.8678591	1.454289
8976	-1039.122	-1227.208	188.0863	1.441766	1.482501	1.216903
8982	-1030.036	-1218.794	188.7584	1.348706	0.8872545	1.175629
8988	-1023.896	-1212.275	188.3799	1.327491	0.9894202	1.4143
8994	-1032.846	-1221.822	188.9761	1.440497	0.6702592	1.133956
9000	-1023.273	-1212.052	188.7789	1.608479	0.9825925	0.7805917
9006	-1025.04	-1214.367	189.3267	1.571201	0.5663883	0.7805917
9012	-1032.251	-1220.973	188.7226	1.289767	0.7268545	1.407045
9018	-1028.937	-1217.474	188.5364	1.416282	0.9330014	1.264829
9024	-1034.228	-1223.101	188.8732	1.464491	0.8589963	0.9900532
9030	-1019.664	-1208.7	189.0366	1.585946	0.7723241	0.7768071
9036	-1037.95	-1226.79	188.8399	1.484161	0.8661537	0.9957617
9042	-1025.664	-1214.886	189.2219	1.528633	0.4347577	1.162484
9048	-1027.66	-1216.301	188.6411	1.574067	1.138525	0.8112608
9054	-1023.648	-1212.757	189.1087	1.673276	0.5399462	0.9649466
9060	-1032.494	-1221.3	188.8055	1.448841	0.7648033	1.170453
9066	-1031.183	-1220.03	188.8464	1.399143	0.8472825	1.091513
9072	-1044.135	-1232.225	188.09	1.312658	1.451503	1.339015
9078	-1033.23	-1221.372	188.142	1.172664	1.065638	1.650544
9084	-1037.94	-1226.719	188.7792	1.263605	0.7597726	1.351012
9090	-1048.635	-1237.205	188.5695	1.504234	1.133026	0.9778295
9096	-1048.192	-1236.918	188.7263	1.502253	0.9655515	0.9848966
9102	-1044.712	-1233.717	189.0054	1.431583	0.4664331	1.375052
9108	-1039.441	-1227.838	188.3969	1.414274	0.7063252	1.578215
9114	-1044.188	-1233.059	188.8718	1.343457	0.7902987	1.177711
9120	-1050.133	-1239.043	188.9101	1.725904	0.692193	0.8867239
9126	-1029.58	-1218.289	188.7088	1.680638	0.9497893	0.822507
9132	-1038.188	-1227.244	189.0565	1.708241	0.6756394	0.7487037
9138	-1041.534	-1230.51	188.9761	1.576161	0.6756394	0.9993101
9144	-1042.713	-1231.959	189.2465	1.413128	0.5985997	0.9993101
9150	-1041.599	-1230.807	189.2087	1.777724	0.4898357	0.8248496
9156	-1039.908	-1229.045	189.1376	1.796029	0.4898357	0.888309
9162	-1026.7	-1215.479	188.7786	1.551	0.8295538	1.031101
9168	-1024.091	-1212.732	188.6407	1.561148	1.019805	0.9562226
9174	-1025.963	-1215.01	189.0467	1.561148	0.6656308	0.9562226
9180	-1039.117	-1227.824	188.7074	1.784873	0.8145078	0.878253
9186	-1048.82	-1237.876	189.0564	1.756146	0.5716134	0.878253
9192	-1038.973	-1228.025	189.052	1.696107	0.6343228	0.8468139
9198	-1037.255	-1226.272	189.017	1.965816	0.5717572	0.6141521
9204	-1051.571	-1240.684	189.1127	1.714923	0.6650753	0.6652951
9210	-1037.453	-1226.419	188.9665	1.948963	0.6272941	0.5711072
9216	-1036.272	-1225.327	189.0552	1.952567	0.5702544	0.4946803
9222	-1037.395	-1226.181	188.7861	1.988937	0.740245	0.4972551
9228	-1060.259	-1248.819	188.5597	1.988937	0.930737	0.4390448
9234	-1060.921	-1249.586	188.6657	1.998065	0.8328974	0.485402
9240	-1044.659	-1233.235	188.5759	2.062099	0.8328974	0.3940387
9246	-1039.964	-1228.542	188.5777	1.9486	0.9178927	0.3659059
9252	-1042.15	-1230.577	188.4266	1.85708	1.20657	0.4335975
9258	-1040.524	-1228.79	188.2655	2.087837	1.053868	0.3262889
9264	-1030.314	-1218.92	188.6066	2.073945	0.7524137	0.3262889
9270	-1040.578	-1228.97	188.3919	2.210458	0.8222602	0.331357
9276	-1040.002	-1228.472	188.4703	2.210458	0.7173772	0.2910749
9282	-1044.307	-1233.233	188.9256	1.2059	0.5143277	1.546392
9288	-1050.169	-1238.439	188.2699	1.072452	0.5366526	2.068571
9294	-1035.131	-1223.723	188.592	1.223816	1.005924	1.315635
9300	-1041.15	-1229.596	188.4459	1.24126	1.073423	1.365962
9306	-1034.141	-1222.804	188.663	1.268993	0.7638814	1.43356
9312	-1042.943	-1231.932	188.989	1.501473	0.7663629	0.9437922
9318	-1043.117	-1231.995	188.8773	1.501473	0.8764587	0.9267605
9324	-1056.198	-1244.865	188.6678	1.494093	1.057879	0.9593159
9330	-1056.762	-1246.007	189.2454	1.384876	0.6592986	0.9414913
9336	-1043.385	-1232.406	189.021	1.590975	0.7478075	0.8306128
9342	-1044.715	-1233.645	188.9304	1.515257	0.7838722	0.9686394
9348	-1035.399	-1224.329	188.9304	1.515257	0.7838722	0.9686394
9354	-1028.089	-1216.928	188.8392	1.63294	0.9492262	0.7028418
9360	-1031.669	-1220.473	188.8046	1.582915	0.9114316	0.8742428
9366	-1039.505	-1228.338	188.8336	1.50205	0.9114316	0.9323295
9372	-1044.475	-1233.519	189.0438	1.729879	0.6867809	0.7111138
9378	-1047.467	-1236.475	189.0083	1.729879	0.7475063	0.6274573
9384	-1037.098	-1226.042	188.9444	1.65531	0.8235925	0.7198123
9390	-1034.018	-1222.776	188.7583	1.775092	0.9117906	0.6621185
9396	-1036.002	-1225.064	189.0618	1.698703	0.705774	0.6906854
9402	-1041.841	-1230.79	188.9484	1.709272	0.7435539	0.7770625
9408	-1032.163	-1221.1	188.9368	1.535657	0.834443	0.8745611
9414	-1039.889	-1228.623	188.7339	1.647647	0.9794755	0.7929043
9420	-1039.026	-1227.663	188.6371	1.663858	1.056044	0.7996118
9426	-1036.757	-1225.311	188.5538	1.630626	1.157641	0.8286315
9432	-1033.524	-1222.559	189.0352	1.469289	0.5208131	1.247124
9438	-1025.053	-1214.067	189.0135	1.443048	0.5382261	1.263978
9444	-1022.891	-1211.78	188.8889	1.353364	0.6917034	1.259327
9450	-1027.703	-1216.734	189.0303	1.506481	0.8326779	0.7968698
9456	-1036.102	-1224.831	188.7287	1.506481	1.130848	0.7939377
9462	-1037.81	-1226.831	189.0215	1.393415	0.9357366	0.8086385
9468	-1036.264	-1225.061	188.7972	1.498158	1.054731	0.8086385
9474	-1039.751	-1228.343	188.5924	1.460773	0.8732467	1.234844
9480	-1051.74	-1240.221	188.481	1.23474	0.8579647	1.514011
9486	-1052.774	-1241.266	188.4926	1.315615	1.048228	1.288158
9492	-1036.917	-1225.406	188.4887	1.313694	0.9615064	1.362274
9498	-1040.515	-1228.89	188.3751	1.392482	0.7710426	1.550677
9504	-1035.279	-1223.339	188.0594	1.033532	0.9513212	1.884546
9510	-1035.117	-1222.976	187.8592	0.8571968	1.098863	2.039927
9516	-1049.455	-1237.342	187.8867	1.051362	1.273839	1.785489
9522	-1040.862	-1228.673	187.811	1.052063	1.114872	1.932009
9528	-1034.132	-1221.881	187.749	1.006458	1.114872	2.004093
9534	-1029.47	-1217.058	187.5881	1.038296	0.7599191	2.332118
9540	-1032.284	-1219.49	187.2063	0.944235	1.245786	2.322509
9546	-1048.119	-1235.896	187.7767	0.6315653	1.409533	2.070002
9552	-1042.952	-1229.624	186.6724	0.7743353	1.409533	2.6799
9558	-1023.288	-1210.884	187.5964	1.046302	1.053828	2.11649
9564	-1019.483	-1207.433	187.9497	1.012164	1.053828	1.903982
9570	-1025.321	-1213.027	187.7056	1.055838	1.185316	1.957692
9576	-1033.81	-1221.049	187.2394	0.877017	0.8140933	2.611237
9582	-1041.961	-1229.773	187.8123	0.9247663	0.8820548	2.169904
9588	-1031	-1218.862	187.862	0.9642168	0.7409815	2.219025
9594	-1035.754	-1224.418	188.6639	1.271447	0.7409815	1.452639
9600	-1043.627	-1232.65	189.0226	1.198011	0.7409815	1.224632
9606	-1034.427	-1223.226	188.7995	1.101594	0.7409815	1.4786
9612	-1046.274	-1235.039	188.7644	1.423973	0.7409815	1.251678
9618	-1053.424	-1241.841	188.4168	1.298461	1.138716	1.29497
9624	-1059.805	-1248.881	189.076	2.262629	0.3772416	0.5397612
9630	-1035.688	-1224.407	188.7194	1.335052	0.6741639	1.427536
9636	-1040.475	-1228.608	188.1334	1.304775	1.418533	1.33064
9642	-1037.593	-1226.461	188.8679	1.402953	0.8827684	1.030181
9648	-1038.747	-1227.949	189.202	1.538941	0.6480343	0.8321111
9654	-1028.213	-1216.741	188.5273	1.576681	0.9976145	1.074494
9660	-1037.761	-1226.571	188.8104	1.528636	0.7827286	1.074494
9666	-1041.842	-1230.508	188.6667	1.493335	0.9025337	1.113864
9672	-1044.345	-1232.878	188.5323	1.536456	0.8310164	1.26155
9678	-1039.929	-1229.015	189.0862	1.353519	0.6758404	1.10631
9684	-1049.637	-1238.444	188.807	1.231716	0.8310061	1.286257
9690	-1039.91	-1228.447	188.5375	1.173481	0.892102	1.489246
9696	-1040.64	-1229.327	188.6861	1.411586	0.746933	1.31982
9702	-1043.446	-1232.313	188.8674	1.250993	0.746933	1.303056
9708	-1040.94	-1228.948	188.0084	1.254302	0.6799045	1.984177
9714	-1038.406	-1227.416	189.0103	1.757822	0.6446972	0.8031243
9720	-1049.745	-1238.778	189.0337	1.794303	0.3580283	1.224095
9726	-1058.707	-1248.042	189.3349	1.699866	0.4623518	0.8232701
9732	-1045.088	-1234.141	189.0533	1.798662	0.6734627	0.571485
9738	-1058.808	-1247.587	188.7786	1.772621	0.9343222	0.5294431
9744	-1048.838	-1237.408	188.5705	1.701214	1.142193	0.7254555
9750	-1056.905	-1246.215	189.3108	1.427052	0.4932058	1.082026
9756	-1047.973	-1237.128	189.1549	1.563702	0.4664497	1.14096
9762	-1044.017	-1232.474	188.4569	1.363662	1.002002	1.314972
9768	-1046.905	-1235.178	188.2732	1.470894	1.19117	1.232405
9774	-1045.045	-1233.69	188.6455	1.346209	0.9820025	1.189216
9780	-1046.54	-1234.867	188.3274	1.139267	0.5339798	1.988881
9786	-1044.616	-1232.229	187.6132	0.883007	0.761528	2.413338
9792	-1043.522	-1230.622	187.1002	0.883007	1.193728	2.456617
9798	-1039.925	-1227.13	187.2048	0.8559267	1.186569	2.41181
9804	-1030.466	-1217.843	187.377	1.149536	0.667892	2.469765
9810	-1033.324	-1221.568	188.2443	1.170643	0.7789165	1.795534
9816	-1037.47	-1225.422	187.9519	1.062578	0.9202836	1.959577
9822	-1030.749	-1218.732	187.9826	1.039808	0.8944643	1.972868
9828	-1040.003	-1228.298	188.2956	1.068808	0.8944643	1.738705
9834	-1046.031	-1233.413	187.3823	0.8757791	0.9425672	2.434546
9840	-1039.689	-1226.998	187.3094	0.9486636	0.9425672	2.434546
9846	-1047.694	-1235.294	187.6001	0.9560115	1.041587	2.180636
9852	-1046.672	-1233.797	187.1247	1.007966	1.041587	2.450713
9858	-1049.198	-1237.711	188.5132	1.297981	0.95046	1.364298
9864	-1046.704	-1235.462	188.7579	1.346912	0.9011796	1.164404
9870	-1037.481	-1226.434	188.9523	1.386419	0.7796979	1.078161
9876	-1038.484	-1227.178	188.6943	1.539616	0.9622369	0.9829173
9882	-1053.851	-1242.11	188.2591	1.353471	1.252384	1.297644
9888	-1040.456	-1229.416	188.9604	1.067607	0.6761656	1.445737
9894	-1046.313	-1234.821	188.5074	1.196636	0.6425612	1.716377
9900	-1040.672	-1229.313	188.641	0.9679599	0.7138997	1.716377
9906	-1030.405	-1219.38	188.9752	1.366072	0.7167728	1.14677
9912	-1037.585	-1226.554	188.9683	1.409964	0.6949378	1.138936
9918	-1042.418	-1230.608	188.1897	1.178079	0.8660847	1.758198
9924	-1053.453	-1242.38	188.9274	1.647322	0.668592	0.9862146
9930	-1054.624	-1243.341	188.7167	1.295296	0.7592066	1.37588
9936	-1046.836	-1234.735	187.8991	1.190612	0.7592066	2.03203
9942	-1032.486	-1220.594	188.1078	1.163685	0.8059864	1.872061
9948	-1037.379	-1226.021	188.6415	1.349606	0.8059864	1.348039
9954	-1031.394	-1220.029	188.6353	1.326821	0.7278275	1.444833
9960	-1027.741	-1216.531	188.79	1.478678	0.8761625	1.039247
9966	-1036.777	-1225.575	188.7988	1.371894	0.9589173	1.048623
9972	-1049.655	-1238.548	188.8932	1.43267	0.8342021	1.029614
9978	-1056.99	-1245.015	188.0252	1.363783	1.744314	1.180131
9984	-1047.035	-1235.499	188.4641	1.242737	0.8742111	1.507108
9990	-1037.515	-1225.91	188.3957	1.236488	1.036662	1.436182
9996	-1035.896	-1224.145	188.2487	1.173931	0.6648685	1.88996
10002	-1056.96	-1245.03	188.0704	1.207124	1.140205	1.627404
10008	-1047.127	-1235.496	188.3686	1.175495	1.140205	1.429172
10014	-1040.649	-1228.497	187.8477	1.141678	0.9185229	1.977686
10020	-1045.236	-1233.479	188.2433	0.8491827	0.8645024	1.947958
10026	-1033.733	-1222.28	188.5465	1.432305	0.8849437	1.285791
10032	-1049.762	-1238.514	188.7519	1.432305	0.8185144	1.175838
10038	-1058.47	-1247.091	188.6219	1.586544	0.8429166	1.129719
10044	-1045.157	-1232.714	187.556	0.826254	1.152169	2.226288
10050	-1036.348	-1224.081	187.7334	0.9236784	1.053597	2.107234
10056	-1039.466	-1228.267	188.8006	1.322331	0.7356495	1.310784
10062	-1039.609	-1228.348	188.7388	1.533609	0.6233971	1.310784
10068	-1038.745	-1227.419	188.6741	1.515955	0.8706329	1.118331
10074	-1033.713	-1222.574	188.8607	1.439945	0.841237	1.046154
10080	-1026.551	-1215.258	188.707	1.501171	1.135053	0.8243091
10086	-1038.135	-1226.78	188.6447	1.501171	0.9303946	1.099637
10092	-1039.968	-1228.917	188.9493	1.54007	0.7251651	0.9977866
10098	-1042.245	-1230.705	188.4596	1.473174	0.9717484	1.247999
10104	-1039.173	-1227.227	188.0545	1.290007	0.827353	1.804858
10110	-1031.395	-1219.461	188.0666	1.448198	1.275531	1.360492
10116	-1031.605	-1220.263	188.6586	1.204007	0.8315091	1.425435
10122	-1030.383	-1219.237	188.8535	1.321725	0.5281499	1.497302
10128	-1035.143	-1223.973	188.83	1.400498	0.954898	0.9940276
10134	-1030.418	-1219.155	188.7372	1.254755	0.954898	1.212767
10140	-1032.092	-1220.284	188.1911	1.371685	1.280749	1.318713
10146	-1031.021	-1220.113	189.0924	1.446279	0.6399018	1.059865
10152	-1030.076	-1218.815	188.7392	1.247613	0.635058	1.519189
10158	-1030.027	-1218.261	188.2342	1.301474	0.9957388	1.539336
10164	-1037.033	-1225.384	188.3503	1.364878	0.9957388	1.403302
10170	-1037.634	-1225.251	187.6179	1.253257	1.014487	1.990877
10176	-1037.266	-1225.178	187.9126	0.9528783	0.8822973	2.085814
10182	-1030.669	-1217.885	187.2162	0.9019117	1.113962	2.41682
10188	-1034.239	-1222.002	187.763	1.125281	1.04719	1.957986
10194	-1040.444	-1228.24	187.7953	1.048063	1.045839	1.988921
10200	-1048.075	-1236.58	188.5052	1.319226	0.6404002	1.63268
10206	-1038.364	-1227.327	188.963	1.18185	0.7903069	1.237802
10212	-1043.706	-1232.496	188.7899	1.497218	0.7903069	1.113983
10218	-1040.192	-1229.091	188.8985	1.460338	0.4522449	1.454771
10224	-1036.388	-1224.314	187.926	1.267949	1.174429	1.665437
10230	-1040.218	-1228.677	188.4593	1.294087	0.9797701	1.386097
10236	-1059.399	-1247.651	188.2522	1.392148	1.132237	1.356597
10242	-1049.142	-1237.895	188.7531	1.418739	1.146258	0.8566079
10248	-1055.98	-1245.032	189.0516	1.837164	0.5414051	0.8425425
10254	-1036.009	-1224.257	188.2476	1.170775	0.6328294	1.92271
10260	-1031.95	-1220.769	188.819	1.492915	0.7757229	1.107278
10266	-1037.442	-1226.389	188.947	1.51252	0.7757229	0.9644672
10272	-1036.649	-1225.636	188.9878	1.51252	0.7424449	0.9644672
10278	-1041.137	-1229.368	188.2311	1.363745	0.6617023	1.774506
10284	-1034.879	-1222.416	187.5368	1.198604	0.8795469	2.172803
10290	-1047.635	-1235.469	187.8336	0.9623798	1.00097	2.049756
10296	-1043.254	-1230.943	187.6892	0.8644877	0.6445876	2.472693
10302	-1039.904	-1227.713	187.8097	1.161251	0.7609484	2.108879
10308	-1044.382	-1232.958	188.5764	1.222724	0.8303793	1.474802
10314	-1043.915	-1232.067	188.1517	1.199843	1.205934	1.53057
10320	-1037.499	-1226.421	188.9221	1.374198	0.4692271	1.47969
10326	-1043.965	-1232.634	188.6689	1.48322	0.8308396	1.191349
10332	-1040.24	-1229.517	189.2774	1.654617	0.4925781	0.8848962
10338	-1049.697	-1238.227	188.5293	1.701281	1.159656	0.764156
10344	-1040.566	-1229.525	188.959	1.724437	0.730403	0.7637905
10350	-1037.898	-1226.53	188.6319	1.687976	0.9658967	0.8863647
10356	-1040.465	-1229.116	188.6508	1.557504	1.083777	0.8815421
10362	-1048.069	-1236.812	188.743	1.584797	0.9860125	0.8530206
10368	-1043.738	-1231.908	188.1697	1.294958	1.331924	1.36369
10374	-1037.257	-1225.978	188.7212	1.294958	0.6179033	1.515295
10380	-1043.525	-1232.077	188.5526	1.292834	0.8231602	1.445961
10386	-1051.842	-1239.869	188.0275	1.205817	1.494863	1.445961
10392	-1048.974	-1237.57	188.5963	1.250173	0.8854147	1.391083
10398	-1044.913	-1233.157	188.2442	1.242775	1.495688	1.243318
10404	-1048.694	-1237.796	189.1017	1.942687	0.5459567	0.5178038
10410	-1043.024	-1231.547	188.5232	1.993637	0.9683981	0.5184134
10416	-1029.293	-1218.086	188.7935	1.652841	0.8706267	0.8572346
10422	-1044.214	-1233.359	189.1446	1.403094	0.5132887	1.221014
10428	-1037.043	-1225.447	188.404	1.191202	0.7637976	1.681902
10434	-1061.089	-1249.355	188.2655	1.075931	0.6439844	1.964114
10440	-1062.312	-1250.158	187.8457	1.330469	0.9077867	1.859107
10446	-1045.374	-1232.799	187.4254	1.071556	0.994645	2.24877
10452	-1041.472	-1230.226	188.7542	1.219926	0.6248652	1.539188
10458	-1040.048	-1228.468	188.4203	1.136827	1.047332	1.485349
10464	-1047.106	-1235.437	188.3315	1.089592	1.076828	1.565592
10470	-1057.826	-1245.35	187.5242	0.9826209	0.5724712	2.566719
10476	-1054.328	-1242.586	188.2574	1.538302	1.069399	1.281832
10482	-1051.063	-1240.547	189.4844	1.559793	0.408342	0.9270987
10488	-1035.721	-1224.06	188.3392	1.614759	1.521905	0.7424523
10494	-1037.578	-1226.196	188.6184	1.777113	1.021207	0.7093559
10500	-1046.422	-1234.984	188.5617	1.654863	1.28891	0.5622492
10506	-1038.312	-1226.81	188.4984	1.654863	1.188622	0.8332513
10512	-1044.144	-1232.946	188.8019	1.504635	0.9280458	0.9444936
10518	-1030.612	-1219.105	188.4929	1.587018	1.232075	0.8763018
10524	-1039.176	-1228.303	189.1275	1.542227	0.6713281	0.8797347
10530	-1039.783	-1228.762	188.9788	1.490073	0.5399141	1.251554
10536	-1033.281	-1222.123	188.8413	1.545519	0.5940661	1.251554
10542	-1028.68	-1217.412	188.732	1.318975	0.8911199	1.220193
10548	-1045.9	-1234.122	188.2214	1.259503	1.27992	1.384297
10554	-1040.573	-1228.746	188.1728	1.263034	1.27992	1.41932
10560	-1035.866	-1224.054	188.1881	1.010764	0.7603433	1.95821
10566	-1048.02	-1235.663	187.6427	0.920118	0.750702	2.379659
10572	-1046.929	-1235.095	188.1662	1.296489	1.006025	1.585408
10578	-1053.987	-1242.6	188.6126	1.361105	0.7693522	1.396134
10584	-1055.008	-1243.508	188.5001	1.27998	1.118691	1.256682
10590	-1046.366	-1234.283	187.917	0.9449731	1.117474	1.931097
10596	-1035.078	-1222.904	187.8262	0.855348	0.6070903	2.425556
10602	-1031.322	-1219.238	187.9163	1.040004	1.100777	1.877608
10608	-1031.438	-1220.023	188.5847	1.167269	0.7188115	1.609629
10614	-1031.748	-1219.461	187.713	1.132945	1.138409	1.929043
10620	-1044.211	-1231.852	187.6408	1.133808	1.433063	1.810982
10626	-1043.577	-1231.99	188.4128	1.049341	1.111966	1.510829
10632	-1046.725	-1234.378	187.6532	1.035142	1.111966	2.050418
10638	-1044.659	-1232.472	187.8129	0.9643459	1.391093	1.831384
10644	-1043.726	-1231.833	188.1066	1.002211	1.087389	1.781287
10650	-1050.904	-1238.456	187.5521	1.024786	1.175046	2.086335
10656	-1039.57	-1227.2	187.6303	0.8445291	1.294696	2.086335
10662	-1038.433	-1226.234	187.8009	1.035351	1.258526	1.864433
10668	-1045.541	-1233.382	187.8411	0.7558382	1.096474	2.120041
10674	-1047.976	-1235.432	187.4566	0.9266392	0.9083571	2.378406
10680	-1054.352	-1242.417	188.0651	0.9897906	0.7912018	2.029446
10686	-1040.641	-1227.985	187.3441	1.081423	1.467644	2.029446
10692	-1047.268	-1235.432	188.164	1.028149	1.279122	1.602059
10698	-1052.733	-1241.084	188.351	1.114265	0.7318315	1.800848
10704	-1052.909	-1241.099	188.1906	1.163792	0.8333333	1.793265
10710	-1057.683	-1246.136	188.4526	1.130271	0.7648485	1.689738
10716	-1054.126	-1241.142	187.0157	1.056315	0.9988056	2.51507
10722	-1045.257	-1233.088	187.8307	1.216579	0.961705	1.908245
10728	-1028.67	-1216.745	188.0742	1.219098	0.6027922	2.035067
10734	-1039.044	-1227.715	188.671	1.307898	0.6749841	1.484224
10740	-1035.067	-1223.968	188.901	1.611804	0.4300316	1.366548
10746	-1035.466	-1224.613	189.1463	2.085897	0.4300316	0.5670412
10752	-1039.162	-1228.297	189.1348	1.938814	0.50637	0.6432334
10758	-1041.659	-1230.864	189.2049	1.832731	0.4195966	0.9110695
10764	-1033.532	-1222.223	188.6904	1.837583	0.9385993	0.6080946
10770	-1035.39	-1223.764	188.374	1.420675	1.216393	1.170332
10776	-1043.975	-1232.938	188.963	1.445456	0.504987	1.346183
10782	-1045.437	-1233.227	187.7901	1.385902	1.323484	1.587303
10788	-1048.17	-1236.631	188.4614	1.27009	1.029216	1.364615
10794	-1045.857	-1234.028	188.1713	1.148276	1.093692	1.627949
10800	-1045.101	-1234.042	188.9408	1.274756	0.8566682	1.109246
10806	-1048.705	-1236.903	188.1985	1.270147	1.396699	1.319699
10812	-1056.789	-1245.879	189.0899	1.282323	0.4953183	1.387333
10818	-1062.962	-1251.514	188.5522	1.128783	0.8453964	1.550309
10824	-1044.34	-1232.897	188.5571	1.325171	0.8180117	1.422264
10830	-1050.115	-1237.366	187.2504	1.014187	0.8411987	2.499764
10836	-1038.11	-1226.616	188.5068	1.32166	0.7464488	1.527957
10842	-1037.434	-1225.059	187.6251	0.9824204	1.540867	1.870967
10848	-1037.009	-1224.767	187.7572	1.062733	0.7305846	2.231507
10854	-1042.141	-1230.021	187.8795	0.9801036	0.7318451	2.204887
10860	-1053.78	-1242.559	188.7791	1.36891	0.4887545	1.565295
10866	-1045.71	-1234.236	188.5261	1.188176	0.660478	1.691753
10872	-1039.441	-1225.956	186.5144	0.8729828	1.437976	2.702983
10878	-1046.566	-1234.877	188.3109	1.027436	0.7173095	1.900482
10884	-1046.298	-1234.616	188.3178	1.041207	0.7012222	1.900482
10890	-1033.418	-1220.734	187.3161	0.9133002	0.9782549	2.42942
10896	-1041.124	-1229.185	188.0613	0.9399417	0.9302523	1.961404
10902	-1050.542	-1238.471	187.9288	1.330795	1.486359	1.4306
10908	-1050.133	-1238.589	188.4555	1.414732	0.6974583	1.543199
10914	-1048.879	-1236.276	187.3966	1.257063	1.106468	2.076687
10920	-1044.047	-1231.382	187.3354	1.216784	0.4936606	2.615855
10926	-1040.289	-1228.66	188.371	1.05104	0.7109537	1.848958
10932	-1043.232	-1231.266	188.0345	1.306075	0.8137756	1.818445
10938	-1051.258	-1240.12	188.8616	1.249528	0.7347119	1.321258
10944	-1039.134	-1227.776	188.6426	1.286488	0.8593853	1.348711
10950	-1034.081	-1222.556	188.475	1.595108	0.9583516	1.141742
10956	-1041.708	-1230.483	188.7754	1.295216	0.9671537	1.133205
10962	-1045.853	-1234.817	188.9645	1.548344	0.4749675	1.3028
10968	-1032.519	-1221.004	188.4847	1.466543	1.099317	1.124511
10974	-1036.715	-1225.982	189.2672	1.654301	0.5205563	0.8430173
10980	-1045.414	-1234.518	189.1041	1.615046	0.4602793	1.149952
10986	-1020.466	-1208.957	188.4911	1.331902	1.059918	1.266813
10992	-1028.131	-1216.978	188.8464	1.448006	0.6721599	1.237422
10998	-1048.359	-1237.337	188.9772	1.279732	0.6842255	1.255285
11004	-1065.055	-1253.822	188.7669	1.408452	0.9987922	1.004585
11010	-1046.489	-1234.82	188.3303	1.160197	1.434707	1.278214
11016	-1049.221	-1237.81	188.5894	1.305167	0.7814936	1.445946
11022	-1050.977	-1239.619	188.6418	1.404727	1.171607	0.9701761
11028	-1053.335	-1241.657	188.3218	1.498979	0.7580095	1.523053
11034	-1049.829	-1238.819	188.9891	1.409515	0.7810042	1.019413
11040	-1039.214	-1227.698	188.484	1.576202	1.233436	0.8975645
11046	-1040.773	-1229.648	188.8751	1.563939	0.8887792	0.8418053
11052	-1048.315	-1237.008	188.6935	1.641334	0.8709435	0.9794068
11058	-1054.719	-1243.07	188.351	1.509399	1.526923	0.862232
11064	-1045.018	-1233.523	188.5047	1.509399	1.306317	0.880752
11070	-1043.034	-1231.567	188.5334	1.436144	1.248602	0.9808026
11076	-1034.192	-1223.554	189.3618	1.627384	0.4455138	0.9122844
11082	-1040.947	-1229.794	188.8466	1.449716	0.9137281	0.971192
11088	-1041.262	-1229.606	188.3442	1.533425	0.9137281	1.342366
11094	-1049.142	-1237.866	188.7238	1.367163	0.9137281	1.164663
11100	-1050.269	-1239.4	189.131	1.482759	0.6732107	0.9391067
11106	-1043.816	-1233.107	189.2906	1.575144	0.5030239	0.9391067
11112	-1029.822	-1218.681	188.859	1.337979	0.8973613	1.08512
11118	-1037.068	-1225.952	188.8837	1.344023	0.8213306	1.1346
11124	-1033.78	-1222.576	188.7953	1.322659	0.8213306	1.22976
11130	-1044.375	-1233.459	189.0842	1.313058	0.6047866	1.22976
11136	-1043.247	-1231.599	188.3521	1.521681	1.107336	1.186192
11142	-1041.45	-1229.957	188.5063	1.355693	1.120155	1.186192
11148	-1042.584	-1231.071	188.4864	1.3566	0.9510955	1.33856
11154	-1040.446	-1227.972	187.5252	1.393137	1.558653	1.644758
11160	-1063.751	-1252.726	188.9755	1.769745	0.4740466	1.105057
11166	-1042.221	-1231.379	189.1586	1.67222	0.4235155	1.109229
11172	-1046.079	-1234.989	188.9105	1.693476	0.8322114	0.6955881
11178	-1036.213	-1224.989	188.7764	1.873614	0.8322114	0.5915057
11184	-1030.728	-1219.411	188.6828	1.844372	0.8730378	0.7460251
11190	-1039.439	-1228.413	188.974	1.864211	0.6901937	0.5222831
11196	-1036.224	-1224.891	188.6671	1.856811	0.9619704	0.5097866
11202	-1044.653	-1233.643	188.9903	1.762346	0.7352324	0.6293927
11208	-1050.695	-1239.931	189.2365	1.885736	0.4957294	0.5431719
11214	-1028.085	-1216.705	188.6209	1.306368	0.7303753	1.468891
11220	-1041.328	-1230.154	188.8255	1.653743	0.8962293	0.7786682
11226	-1041.842	-1230.995	189.153	1.733031	0.6279142	0.6503632
11232	-1038.91	-1227.293	188.3828	1.231553	0.7516924	1.678856
11238	-1048.567	-1236.985	188.418	1.183568	0.8663508	1.591264
11244	-1049.71	-1237.9	188.1899	1.264698	1.006148	1.591264
11250	-1043.935	-1232.201	188.2666	1.103494	0.3823321	2.22773
11256	-1032.898	-1221.494	188.5953	1.555816	0.6370228	1.391924
11262	-1037.189	-1224.994	187.8045	1.293141	1.311723	1.650957
11268	-1045.032	-1233.91	188.8773	1.295764	0.62897	1.383519
11274	-1053.51	-1242.218	188.7072	1.302103	0.9608214	1.192721
11280	-1062.871	-1251.954	189.0833	1.768767	0.662143	0.6190507
11286	-1047.508	-1236.27	188.7623	1.654374	1.046356	0.6159348
11292	-1047.279	-1234.19	186.9107	1.068771	0.6498701	2.82224
11298	-1045.813	-1232.466	186.6536	0.7302779	1.201645	2.82224
11304	-1038.074	-1226.66	188.586	1.055625	1.201645	1.309317
11310	-1048.652	-1237.406	188.7533	1.477438	1.157488	0.7666374
11316	-1049.908	-1238.543	188.6343	1.538984	1.216686	0.774354
11322	-1054.908	-1243.602	188.6948	1.392958	0.8386674	1.238427
11328	-1044.752	-1233.328	188.5761	1.55661	1.134152	0.9142569
11334	-1051.916	-1240.813	188.8966	1.621207	0.6355506	1.085051
11340	-1046.512	-1235.279	188.7677	1.92026	0.775942	0.661704
11346	-1033.966	-1222.978	189.0116	1.832485	0.6542675	0.661704
11352	-1038.274	-1227.044	188.7691	1.836286	0.865545	0.6122809
11358	-1029.956	-1218.679	188.7226	1.821841	0.9280863	0.5918173
11364	-1029.455	-1218.493	189.038	1.817117	0.6494001	0.6525412
11370	-1038.627	-1227.371	188.7443	1.895409	0.8231823	0.6457314
11376	-1038.209	-1227.364	189.1556	1.777785	0.5188876	0.8315368
11382	-1051.799	-1241.066	189.2662	1.744487	0.4888252	0.7954233
11388	-1046.409	-1235.209	188.7999	1.48923	0.467402	1.487424
11394	-1039.576	-1228.05	188.4736	1.281932	0.6974869	1.626946
11400	-1043.026	-1231.956	188.93	1.270215	0.733898	1.249238
11406	-1029.263	-1218.397	189.1343	1.274492	0.5919235	1.235836
11412	-1034.257	-1222.774	188.5173	1.349764	0.5919235	1.651711
11418	-1028.346	-1217.1	188.7534	1.119078	0.579159	1.661379
11424	-1038.806	-1226.426	187.6197	0.9798493	0.7123991	2.386968
11430	-1029.609	-1217.361	187.7521	1.084479	1.035626	2.00008
11436	-1030.063	-1217.986	187.9227	1.026423	1.035626	1.924587
11442	-1043.775	-1231.806	188.0303	1.012579	0.9325918	1.93167
11448	-1035.357	-1223.579	188.2222	1.190365	0.6275645	1.93167
11454	-1031.157	-1219.558	188.401	1.258902	0.4141414	1.99754
11460	-1043.106	-1231.822	188.7162	1.619836	0.6507773	1.226831
11466	-1041.118	-1229.937	188.819	1.69449	0.8765178	0.7606364
11472	-1028.748	-1217.954	189.2063	1.639045	0.5548854	0.8696656
11478	-1028.57	-1217.615	189.0442	1.58199	0.6099449	1.016166
11484	-1035.232	-1223.829	188.5967	1.5925	1.113114	0.8719592
11490	-1040.919	-1229.908	188.9895	1.395679	0.8018945	1.00814
11496	-1052.588	-1241.442	188.8544	1.25806	0.9470662	1.114186
11502	-1041.222	-1229.48	188.2575	1.344162	1.252829	1.306201
11508	-1047.32	-1236.159	188.8395	1.276998	0.7333135	1.318394
11514	-1038.418	-1226.645	188.2273	1.103359	0.6370353	1.977728
11520	-1044.314	-1231.794	187.4803	0.9776017	0.6957945	2.489559
11526	-1037.054	-1224.45	187.3954	1.073329	1.359632	2.055839
11532	-1039.666	-1227.736	188.0694	0.9663918	0.7302474	2.091389
11538	-1041.321	-1228.383	187.0618	0.9782995	1.118834	2.463059
11544	-1056.799	-1245.119	188.3199	1.183703	0.8265151	1.694117
11550	-1048.902	-1237.304	188.4022	1.232556	0.7554328	1.660972
11556	-1035.015	-1223.862	188.8468	1.24277	0.6285821	1.448533
11562	-1044.642	-1233.243	188.6004	1.254799	0.6285821	1.622397
11568	-1054.868	-1243.239	188.3704	1.224586	0.7264624	1.714924
11574	-1047.315	-1235.383	188.0678	1.201266	0.7264624	1.939399
11580	-1044.898	-1232.204	187.3065	1.171699	0.941623	2.295604
11586	-1049.966	-1237.3	187.3343	0.8928552	1.205537	2.295604
11592	-1050.213	-1237.305	187.092	0.7876501	0.9091377	2.691693
11598	-1045.024	-1233.155	188.1309	1.110033	0.5998903	2.072442
11604	-1047.064	-1235.678	188.614	1.04524	0.6361298	1.754088
11610	-1047.287	-1235.808	188.5206	1.42354	0.7577221	1.430007
11616	-1053.891	-1242.396	188.5043	1.124994	0.8615821	1.57487
11622	-1037.89	-1227.129	189.2394	1.524953	0.498981	1.047987
11628	-1034.724	-1224.035	189.3112	1.660932	0.4557619	0.910918
11634	-1035.616	-1224.605	188.9887	1.444158	0.4446678	1.40829
11640	-1037.095	-1225.962	188.8669	1.386643	0.6030335	1.349224
11646	-1032.971	-1221.131	188.16	0.9674598	0.632982	2.115945
11652	-1037.438	-1225.378	187.9401	0.975653	1.025877	1.953447
11658	-1039.324	-1227.199	187.875	1.084754	0.9149395	1.999984
11664	-1041.267	-1229.61	188.3427	0.9764668	0.7349345	1.898311
11670	-1037.508	-1225.975	188.467	1.063213	0.7982937	1.698645
11676	-1047.514	-1235.024	187.51	1.082424	1.548564	1.877509
11682	-1043.257	-1231.674	188.4168	1.09547	0.9714615	1.574674
11688	-1036.106	-1224.794	188.6881	1.430938	0.6090433	1.447253
11694	-1029.126	-1218.035	188.9082	1.536094	0.6281119	1.160729
11700	-1044.461	-1233.563	189.1016	1.613632	0.5819731	0.9676728
11706	-1046.112	-1234.907	188.7944	1.435213	0.5866836	1.38696
11712	-1040.476	-1229.31	188.8344	1.159445	0.6873448	1.460517
11718	-1026.59	-1215.057	188.467	1.332249	0.6036203	1.687996
11724	-1040.219	-1229.223	189.0041	1.336855	0.4635856	1.453167
11730	-1041.445	-1230.475	189.0299	1.33917	0.6194026	1.235818
11736	-1025.637	-1214.407	188.7703	1.497819	0.8080451	1.112172
11742	-1013.92	-1202.885	188.9653	1.406844	0.8080451	1.013913
11748	-1027.801	-1216.931	189.1308	1.490899	0.5986878	1.036468
11754	-1047.132	-1235.809	188.6766	1.447031	0.9467712	1.104274
11760	-1051.513	-1239.697	188.184	1.20665	1.021411	1.626643
11766	-1049.955	-1238.686	188.7303	1.294249	0.5125038	1.626643
11772	-1035.193	-1223.405	188.2121	1.278621	0.967742	1.593165
11778	-1036.871	-1225.151	188.2805	1.245067	0.8605206	1.6509
11784	-1036.46	-1224.475	188.0154	1.269236	1.261463	1.545072
11790	-1050.048	-1238.205	188.1571	0.9496557	1.048905	1.808084
11796	-1045.852	-1233.658	187.806	0.8891968	1.048905	2.085158
11802	-1038.192	-1226.26	188.0676	0.9599083	0.4800478	2.33227
11808	-1038.595	-1226.331	187.7361	1.09723	0.8203549	2.152579
11814	-1051.501	-1239.626	188.1248	1.145505	0.9667657	1.751139
11820	-1045.542	-1234.245	188.7036	1.155888	0.6993005	1.54938
11826	-1033.769	-1221.993	188.2238	1.118373	0.8909769	1.756946
11832	-1040.779	-1228.57	187.7909	1.104211	1.006476	1.980159
11838	-1044.203	-1232.199	187.996	1.309648	1.12624	1.616224
11844	-1046.876	-1234.992	188.1165	1.306629	1.0683	1.57
11850	-1047.488	-1236.009	188.521	1.258072	1.190062	1.203578
11856	-1047.748	-1235.771	188.0231	1.297669	1.285492	1.503268
11862	-1037.838	-1225.586	187.7476	1.148446	1.055625	1.947271
11868	-1034.777	-1223.327	188.5502	1.431724	1.055778	1.133863
11874	-1046.648	-1235.3	188.6526	1.261033	1.182514	1.090126
11880	-1035.921	-1224.629	188.7079	1.326639	1.182514	0.9725718
11886	-1038.892	-1227.269	188.377	1.536791	1.156674	1.111007
11892	-1040.479	-1229.638	189.1583	1.529003	0.6269363	0.9283484
11898	-1051.175	-1240.387	189.2128	1.727084	0.3814598	1.083205
11904	-1042.282	-1231.098	188.8154	1.475966	1.015544	0.8612858
11910	-1035.969	-1224.659	188.6903	1.586032	0.9449117	0.9577597
11916	-1033.229	-1221.531	188.3022	1.540814	1.337632	1.033629
11922	-1050.087	-1238.705	188.6174	1.333598	1.168936	1.066487
11928	-1058.889	-1246.895	188.0058	1.16167	1.469215	1.510108
11934	-1050.246	-1238.559	188.3135	1.354203	1.4848	1.092166
11940	-1038.836	-1227.361	188.5246	1.406656	1.191182	1.066549
11946	-1042.534	-1231.463	188.9289	1.557831	0.6687436	1.071616
11952	-1029.13	-1217.305	188.1748	1.238803	1.222151	1.473581
11958	-1035.244	-1223.258	188.0135	1.046899	0.5834249	2.206037
11964	-1038.046	-1226.57	188.524	1.175457	0.8841838	1.504431
11970	-1031.73	-1220.534	188.8039	1.543525	0.5193885	1.375954
11976	-1027.427	-1216.394	188.9672	1.377565	0.7799293	1.07225
11982	-1029.164	-1218.313	189.1481	1.483742	0.5450368	1.102793
11988	-1047.283	-1235.974	188.6906	1.579866	0.9616272	0.9456587
11994	-1029.954	-1216.808	186.8543	0.7275787	0.8785084	2.893327
12000	-1029.561	-1217.58	188.0184	1.104835	0.5676108	2.18063
12006	-1040.076	-1228.115	188.0389	1.017869	0.6498167	2.1469
12012	-1041.466	-1229.075	187.6086	1.054851	0.6498167	2.399081
12018	-1053.415	-1241.477	188.0626	0.8260555	1.111059	1.917081
12024	-1045.266	-1234.223	188.9564	1.461872	0.6847302	1.115069
12030	-1038.874	-1227.804	188.9293	1.539645	0.6291357	1.137662
12036	-1036.563	-1225.318	188.7551	1.493603	0.8614525	1.073735
12042	-1043.056	-1231.559	188.5034	1.413514	0.7192571	1.487417
12048	-1039.738	-1228.806	189.068	1.26487	0.5943441	1.295615
12054	-1047.507	-1236.589	189.0819	1.415531	0.5422555	1.224502
12060	-1056.948	-1245.403	188.455	1.161555	1.022715	1.458551
12066	-1043.348	-1231.648	188.2999	1.258655	1.070354	1.467615
12072	-1043.57	-1231.924	188.354	1.400478	1.090919	1.298859
12078	-1043.807	-1232.661	188.8536	1.220799	0.7813415	1.304731
12084	-1053.281	-1241.546	188.2655	1.249038	0.9596275	1.58187
12090	-1054.115	-1242.731	188.616	1.213886	0.6065511	1.663093
12096	-1061.045	-1249.48	188.4349	1.329467	1.068042	1.308361
12102	-1059.919	-1248.279	188.3598	1.002935	0.8977579	1.737348
12108	-1051.272	-1239.506	188.2337	1.006923	0.8078077	1.89161
12114	-1050.765	-1238.634	187.8691	1.022257	0.9717724	2.00603
12120	-1034.847	-1223.341	188.494	1.224853	0.810784	1.55175
12126	-1042.557	-1231.161	188.6038	1.386142	0.5611937	1.596199
12132	-1040.107	-1227.939	187.8318	1.345478	1.82321	1.314621
12138	-1039.561	-1228.405	188.8442	1.326677	0.8708645	1.135267
12144	-1039.23	-1227.93	188.7001	1.491989	1.024118	0.9619203
12150	-1041.971	-1230.543	188.5719	1.466505	1.178127	0.9726443
12156	-1035.355	-1224.201	188.8462	1.400563	0.9912849	0.9387428
12162	-1036.332	-1224.958	188.6252	1.341364	0.9680196	1.222826
12168	-1029.295	-1217.601	188.3056	1.243237	1.378005	1.266166
12174	-1030.936	-1219.176	188.2397	1.180678	1.134474	1.526599
12180	-1037.566	-1225.831	188.2646	1.114904	0.7076267	1.880944
12186	-1029.432	-1216.948	187.5162	1.164859	0.6830675	2.359582
12192	-1034.195	-1222.514	188.319	1.186096	1.043191	1.527296
12198	-1033.122	-1220.791	187.6696	0.9047906	1.043191	2.167745
12204	-1040.423	-1228.847	188.4232	1.174148	0.9485617	1.529349
12210	-1033.38	-1221.983	188.6025	1.440462	0.6927734	1.41736
12216	-1028.839	-1217.685	188.8465	1.296871	0.6927734	1.338578
12222	-1035.815	-1224.785	188.97	1.367118	0.6813937	1.190647
12228	-1040.842	-1229.88	189.0388	1.495057	0.7532931	0.9142542
12234	-1038.826	-1227.893	189.0675	1.441038	0.5608931	1.19051
12240	-1040.309	-1229.261	188.9524	1.3074	0.6862061	1.250708
12246	-1045.951	-1234.739	188.788	1.681956	0.6862061	1.065506
12252	-1047.776	-1236.498	188.7212	1.560713	0.9590606	0.9362406
12258	-1035.653	-1224.708	189.0555	1.528906	0.6827168	0.9568405
12264	-1041.623	-1230.312	188.6882	1.488479	0.8959081	1.105288
12270	-1046.403	-1234.776	188.3732	1.319904	0.9349118	1.468204
12276	-1045.268	-1233.782	188.5144	1.233865	0.9349118	1.426064
12282	-1047.671	-1235.434	187.7634	1.264755	1.03246	1.872985
12288	-1046.575	-1234.457	187.8823	1.023949	0.8573464	2.077188
12294	-1061.94	-1250.747	188.8066	1.58527	0.9075129	0.8740429
12300	-1045.771	-1233.781	188.0098	0.9413307	0.7557755	2.126043
12306	-1037.08	-1224.856	187.7752	0.973072	0.7628119	2.251871
12312	-1042.031	-1228.844	186.8129	0.7896542	1.170987	2.705192
12318	-1043.294	-1231.943	188.6485	1.009923	0.5131745	1.882095
12324	-1038.858	-1227.688	188.8303	1.192661	0.8110048	1.317856
12330	-1033.007	-1222.061	189.0546	1.283766	0.5482979	1.347038
12336	-1040.548	-1228.962	188.4144	1.216755	1.13837	1.362655
12342	-1050.595	-1239.509	188.9137	1.33275	0.7709638	1.170816
12348	-1052.7	-1241.114	188.4146	1.19312	0.976841	1.499852
12354	-1051.749	-1240.101	188.3527	1.115608	0.7400008	1.791636
12360	-1052.182	-1240.599	188.417	1.389004	0.9762311	1.347434
12366	-1050.667	-1237.729	187.0615	1.12602	1.810975	2.030821
12372	-1056.788	-1245.262	188.4737	1.692167	1.28978	0.688613
12378	-1039.108	-1227.893	188.7843	1.658851	1.01156	0.6348844
12384	-1042.679	-1231.217	188.5386	1.341542	0.693466	1.539703
12390	-1037.248	-1225.834	188.5854	1.341542	1.019321	1.212695
12396	-1035.229	-1223.608	188.3789	1.1273	0.98561	1.56855
12402	-1030.664	-1219.09	188.4259	1.187588	0.98561	1.488872
12408	-1026.675	-1213.674	186.9996	0.9617132	0.98561	2.592172
12414	-1034.147	-1221.449	187.3017	0.7049461	0.9415126	2.592172
12420	-1025.205	-1212.424	187.2189	0.9050251	0.6038156	2.773856
12426	-1029.055	-1217.097	188.0413	1.061275	0.7198272	2.056101
12432	-1037.996	-1226.714	188.7179	1.056375	0.7046844	1.606645
12438	-1019.981	-1207.945	187.9634	1.206717	0.8200158	1.929741
12444	-1029.071	-1217.232	188.1601	0.9967546	0.679449	2.054925
12450	-1034.588	-1222.289	187.701	1.091701	1.110847	1.981752
12456	-1047.664	-1234.564	186.9	1.017848	1.291949	2.445313
12462	-1048.526	-1235.934	187.4078	0.883335	0.8813313	2.454999
12468	-1044.846	-1233.214	188.3675	1.222423	0.8564791	1.607752
12474	-1045.497	-1233.95	188.4524	1.233283	0.6867118	1.687074
12480	-1040.43	-1229.075	188.6456	1.412744	0.6867118	1.411656
12486	-1029.161	-1217.675	188.5136	1.223266	0.9728637	1.404411
12492	-1029.674	-1218.156	188.4821	1.290771	0.8850956	1.448124
12498	-1029.262	-1218.155	188.8928	1.285338	0.51687	1.508658
12504	-1038.157	-1226.308	188.1505	1.019339	0.6552794	2.067897
12510	-1038.353	-1226.968	188.6149	1.160621	0.8816173	1.449085
12516	-1061.586	-1249.672	188.0863	1.272654	0.545225	2.048794
12522	-1050.86	-1239.073	188.2135	0.9982375	1.112999	1.6923
12528	-1051.289	-1239.721	188.4323	1.192968	1.229501	1.303141
12534	-1042.742	-1231.604	188.8625	1.305868	0.8442307	1.163911
12540	-1036.197	-1224.792	188.5948	1.175912	0.8627715	1.468558
12546	-1047.775	-1235.513	187.7381	1.155922	1.267035	1.8199
12552	-1050.793	-1239.487	188.6931	1.373705	1.027789	1.081255
12558	-1046.398	-1235.137	188.7394	1.364535	1.086916	0.9904627
12564	-1053.067	-1242.068	189.0018	1.342742	0.7890481	1.062216
12570	-1065.684	-1254.849	189.165	1.48635	0.6285255	0.9640863
12576	-1034.941	-1223.586	188.6446	1.44509	0.9991412	1.086363
12582	-1051.644	-1240.155	188.5103	1.242299	0.9991412	1.371377
12588	-1037.132	-1225.755	188.6236	1.440927	1.265555	0.8611103
12594	-1038.016	-1226.952	188.9358	1.70227	0.6498486	0.9469444
12600	-1046.744	-1235.439	188.6954	1.70227	1.062169	0.6255527
12606	-1054.283	-1242.422	188.1394	1.800211	1.603216	0.6674909
12612	-1050.589	-1239.607	189.0178	1.508451	0.8908202	0.7165201
12618	-1062.1	-1251.026	188.9256	1.525563	0.8908202	0.8238635
12624	-1046.279	-1234.992	188.7136	2.061938	0.7393069	0.4825703
12630	-1036.711	-1225.077	188.3651	2.111316	0.9682186	0.3697587
12636	-1035.813	-1224.226	188.4127	2.035761	0.9682186	0.3362327
12642	-1039.594	-1228.335	188.7408	2.035761	0.6850988	0.3362327
12648	-1050.151	-1238.624	188.4736	2.035761	0.9593765	0.4122306
12654	-1039.361	-1227.849	188.4875	2.029247	0.9593765	0.4324364
12660	-1044.662	-1233.721	189.0591	2.219653	0.4043293	0.4331082
12666	-1048.502	-1236.96	188.458	2.159828	0.8642754	0.4296026
12672	-1042.016	-1230.33	188.3146	2.094821	1.010728	0.3401823
12678	-1047.726	-1236.242	188.5161	1.947465	1.016931	0.552454
12684	-1046.497	-1235.201	188.7032	1.947465	0.8423761	0.5378504
12690	-1045.907	-1234.37	188.4634	2.05229	0.9522012	0.4097862
12696	-1058.179	-1247.335	189.1555	2.086782	0.4239098	0.5720212
12702	-1040.827	-1229.729	188.9027	2.0178	0.627335	0.4558692
12708	-1052.31	-1241.043	188.7333	2.084901	0.7008025	0.442652
12714	-1052.418	-1241.473	189.0548	1.554954	0.5434793	1.124985
12720	-1057.86	-1246.851	188.9904	1.561253	0.6777301	0.9971022
12726	-1059.558	-1248.774	189.2164	1.564289	0.5992274	0.8677572
12732	-1032.235	-1220.994	188.7586	1.548174	0.7208986	1.172425
12738	-1042.566	-1231.542	188.9754	1.339025	0.5950889	1.309738
12744	-1056.088	-1244.964	188.8758	1.224392	0.4188825	1.689108
12750	-1062.46	-1250.302	187.8428	1.207006	1.304779	1.689108
12756	-1058.048	-1246.355	188.3077	1.335344	1.438383	1.145947
12762	-1043.917	-1232.243	188.3263	1.194804	0.8462754	1.665618
12768	-1035.004	-1223.223	188.2183	1.262945	0.8462754	1.693963
12774	-1062.832	-1250.724	187.8917	1.173627	0.7651437	2.043364
12780	-1058.86	-1246.756	187.8962	1.147462	1.057737	1.845704
12786	-1048.895	-1236.567	187.6723	0.9329404	0.9068108	2.237811
12792	-1044.112	-1232.094	187.982	1.343175	0.7506963	1.880846
12798	-1039.004	-1227.249	188.2444	1.356121	0.4668948	1.973593
12804	-1041.567	-1230.302	188.7347	1.138371	0.4540389	1.803475
12810	-1041.387	-1228.261	186.8739	0.693828	0.9189646	2.875387
12816	-1039.314	-1225.741	186.4268	0.5626472	1.002045	3.170585
12822	-1063.705	-1249.616	185.9106	0.8526757	0.6608544	3.535509
12828	-1039.393	-1226.81	187.4166	1.078399	0.6608544	2.49547
12834	-1031.062	-1219.29	188.2276	1.078399	0.7777792	1.871395
12840	-1027.071	-1214.681	187.6101	0.9887339	0.7558824	2.35278
12846	-1049.547	-1236.303	186.7567	0.9083863	0.8538264	2.859629
12852	-1035.916	-1223.051	187.1345	0.7775328	0.824793	2.729379
12858	-1035.686	-1223.211	187.5249	0.9109855	1.354391	2.080208
12864	-1047.397	-1234.389	186.992	1.0225	1.354391	2.352399
12870	-1039.095	-1226.861	187.7661	0.8537341	1.134564	2.081994
12876	-1042.386	-1230.351	187.9649	0.9848205	0.8130138	2.081994
12882	-1036.069	-1224.453	188.3846	1.322333	1.026943	1.385583
12888	-1043.457	-1232.095	188.6375	1.194409	0.822344	1.45697
12894	-1036.164	-1225.101	188.9369	1.388268	0.6042329	1.290166
12900	-1037.497	-1226.254	188.7571	1.429126	0.9540281	1.03852
12906	-1044.418	-1233.06	188.6427	1.401452	0.8820748	1.234273
12912	-1028.909	-1217.62	188.7111	1.553482	0.7583923	1.168337
12918	-1032.614	-1221.323	188.7086	1.453908	0.8449799	1.168337
12924	-1032.329	-1221.27	188.9415	1.497828	0.6764989	1.10585
12930	-1031.262	-1219.889	188.627	1.497828	1.045501	1.009097
12936	-1033.171	-1221.936	188.7655	1.497828	0.5156495	1.445722
12942	-1040.175	-1228.843	188.6675	1.443832	0.9623944	1.100788
12948	-1043.945	-1233.083	189.1376	1.782821	0.5740911	0.7299885
12954	-1050.197	-1239.092	188.8955	1.810577	0.7302093	0.7299885
12960	-1057.449	-1246.352	188.903	1.838524	0.7308375	0.6660232
12966	-1048.125	-1236.756	188.6309	2.04562	0.7869597	0.3695715
12972	-1034.397	-1223.553	189.1554	1.944174	0.4821176	0.6731903
12978	-1035.526	-1224.423	188.8973	1.646793	0.7054728	0.9677369
12984	-1037.359	-1226.493	189.1343	1.650154	0.4911487	1.041242
12990	-1030.141	-1219.319	189.178	1.551195	0.6005967	0.9237458
12996	-1038.371	-1227.429	189.0587	1.761135	0.5337391	0.9352407
13002	-1044.04	-1231.085	187.045	0.886849	0.8099527	2.7278
13008	-1052.755	-1240.091	187.3367	0.8084139	0.8170506	2.591345
13014	-1044.048	-1230.857	186.8094	0.826124	1.342034	2.596062
13020	-1031.808	-1220.623	188.8151	1.385372	0.5230859	1.484349
13026	-1038.238	-1226.427	188.1892	1.03065	1.081175	1.707525
13032	-1050.042	-1237.658	187.6159	1.424395	2.082664	1.299837
13038	-1031.691	-1220.316	188.6245	1.414642	1.032407	1.10259
13044	-1044.063	-1232.266	188.2029	1.533411	1.379724	1.10259
13050	-1038.718	-1227.548	188.8293	1.595473	0.9114734	0.8290515
13056	-1029.686	-1218.976	189.29	1.69913	0.4965875	0.8067838
13062	-1025.726	-1214.575	188.8497	1.351442	0.9484185	1.029719
13068	-1026.15	-1214.664	188.5137	1.204407	0.7261124	1.62745
13074	-1040.034	-1228.754	188.7201	1.111866	0.7975706	1.478901
13080	-1038.39	-1227.003	188.6128	1.355728	0.9939974	1.198719
13086	-1035.311	-1223.992	188.6811	1.35772	1.04831	1.088694
13092	-1038.92	-1227.869	188.9488	1.475366	0.6883133	1.105449
13098	-1046.279	-1235.184	188.9047	1.316572	0.8551353	1.105671
13104	-1050.307	-1238.146	187.8383	1.180871	1.357277	1.680868
13110	-1042.857	-1230.78	187.9231	1.085002	1.321501	1.709004
13116	-1059.712	-1247.484	187.7715	0.9604109	1.698364	1.709004
13122	-1050.47	-1237.993	187.5232	1.091084	0.9737937	2.186602
13128	-1055.887	-1244.648	188.7613	1.034764	0.9750715	1.356305
13134	-1042.057	-1230.68	188.623	1.413185	0.3947052	1.766559
13140	-1044.481	-1232.823	188.3417	1.082592	0.9264045	1.672079
13146	-1036.814	-1224.521	187.7077	0.9491131	0.8059154	2.277446
13152	-1035.401	-1223.727	188.3254	1.082403	0.6942036	1.873503
13158	-1043.322	-1231.497	188.1754	1.13451	0.7719981	1.873503
13164	-1041.819	-1229.587	187.7683	1.186584	0.8150723	2.076985
13170	-1044.012	-1232.02	188.0082	1.209803	1.099266	1.696839
13176	-1041.208	-1229.057	187.8487	1.113008	1.099266	1.874919
13182	-1040.512	-1228	187.4879	1.121535	0.8538776	2.272499
13188	-1045.028	-1233.426	188.3985	1.301678	0.5386272	1.825698
13194	-1025.523	-1213.932	188.4095	1.274863	0.7758093	1.607359
13200	-1028.058	-1216.278	188.2198	1.136217	1.090245	1.603856
13206	-1037.448	-1225.86	188.4122	1.137566	0.8214192	1.665463
13212	-1031.595	-1220.259	188.6635	1.283325	1.068577	1.154214
13218	-1024.336	-1212.789	188.4528	1.418925	1.133298	1.167311
13224	-1027.97	-1216.717	188.7468	1.671445	1.002134	0.7027915
13230	-1040.89	-1229.807	188.9168	1.619359	0.8521382	0.7671092
13236	-1044.513	-1233.433	188.9197	1.472996	0.7885368	1.016387
13242	-1037.441	-1226.213	188.7723	1.411925	0.7622476	1.23317
13248	-1031.421	-1219.63	188.2096	1.429619	0.9352716	1.508484
13254	-1035.608	-1224.184	188.5753	1.33346	0.8948713	1.333696
13260	-1042.654	-1230.693	188.0388	0.876982	0.6601354	2.229123
13266	-1043.879	-1231.206	187.3278	0.9876432	1.103781	2.297599
13272	-1033.763	-1221.153	187.3898	0.9900433	1.035947	2.297599
13278	-1036.435	-1224.514	188.0795	1.047541	0.884854	1.909478
13284	-1046.151	-1234.467	188.316	1.331243	0.7442829	1.661926
13290	-1047.213	-1235.585	188.3724	1.629097	1.173137	1.0142
13296	-1046.461	-1235.184	188.7227	1.750171	0.8787876	0.8128428
13302	-1044.321	-1232.928	188.6068	1.730251	1.060554	0.7419886
13308	-1058.205	-1246.666	188.4609	1.699193	1.306213	0.6741432
13314	-1055.384	-1243.988	188.604	1.634174	1.200407	0.6947142
13320	-1050.9	-1239.509	188.6088	1.457436	1.166412	0.9544934
13326	-1045.046	-1233.744	188.6976	1.886819	0.8576244	0.6785914
13332	-1038.487	-1227.672	189.185	1.820662	0.4579843	0.8681945
13338	-1039.227	-1228.408	189.1812	1.72662	0.5068892	0.885553
13344	-1046.929	-1235.596	188.667	1.746743	1.040788	0.6364802
13350	-1053.715	-1242.034	188.319	1.519807	1.207839	1.137851
13356	-1055.421	-1244.372	188.9509	1.486653	0.5010796	1.328074
13362	-1062.999	-1250.904	187.9047	1.18486	1.375039	1.620274
13368	-1058.944	-1247.642	188.6973	1.318364	0.8049753	1.329399
13374	-1040.842	-1229.702	188.8603	1.461473	0.6375796	1.254042
13380	-1035.762	-1224.666	188.9043	1.483193	0.7236763	1.097132
13386	-1034.151	-1222.807	188.6562	1.425267	1.088058	1.011877
13392	-1048.651	-1237.095	188.4438	1.356752	1.143326	1.220684
13398	-1056.491	-1245.538	189.0467	1.558474	0.7626643	0.8159596
13404	-1053.475	-1242.206	188.7309	1.576219	1.073856	0.7676084
13410	-1033.637	-1222.933	189.2963	1.791056	0.511311	0.5839535
13416	-1029.992	-1218.776	188.7841	2.030428	0.7038765	0.4442771
13422	-1030.468	-1219.257	188.7883	1.919021	0.7959009	0.4988502
13428	-1038.339	-1226.851	188.512	1.993209	0.9505803	0.3861785
13434	-1048.709	-1237.076	188.3668	2.243159	0.8263456	0.3441438
13440	-1044.386	-1233.165	188.7795	2.138378	0.6105065	0.3861489
13446	-1044.708	-1233.804	189.0962	2.14756	0.411762	0.3861489
13452	-1046.137	-1234.255	188.1178	1.087953	0.7079896	1.997664
13458	-1043.06	-1231.008	187.9477	0.9722187	0.7605682	2.142541
13464	-1050.385	-1238.221	187.8364	1.192617	0.8813442	1.97807
13470	-1044.669	-1233.395	188.7257	1.458735	0.9365859	1.05764
13476	-1032.99	-1222.01	189.0205	1.388927	0.6358552	1.181671
13482	-1038.115	-1226.786	188.6711	1.388927	0.862428	1.239236
13488	-1044.295	-1233.27	188.9742	1.254335	0.7209471	1.239236
13494	-1034.025	-1222.665	188.64	1.659528	1.069595	0.7839265
13500	-1038.429	-1227.148	188.7188	1.497286	1.069595	0.8879558
13506	-1042.841	-1231.652	188.8119	1.509182	0.7162438	1.165089
13512	-1035.019	-1223.911	188.8921	1.602104	0.8140371	0.8766293
13518	-1044.817	-1233.649	188.8316	1.577945	0.7088975	1.094229
13524	-1057.91	-1246.119	188.2093	1.370732	1.581395	1.108571
13530	-1034.82	-1222.86	188.0397	1.370732	1.584307	1.253982
13536	-1031.391	-1220.046	188.6547	1.461596	0.5499371	1.515786
13542	-1040.708	-1229.373	188.6645	1.60251	0.6487262	1.286445
13548	-1036.715	-1225.291	188.5765	1.44367	1.077656	1.080002
13554	-1040.802	-1229.507	188.7058	1.398831	0.8415148	1.221471
13560	-1046.873	-1235.394	188.5207	1.382765	0.8415148	1.384776
13566	-1028.992	-1217.156	188.1641	1.064208	0.6078208	2.07321
13572	-1038.773	-1227.244	188.4712	1.232001	0.6335707	1.725754
13578	-1040.273	-1228.344	188.0716	1.036956	0.9360785	1.884722
13584	-1049.923	-1237.087	187.1642	0.8695703	0.6240107	2.81113
13590	-1037.472	-1225.187	187.7149	0.8872284	1.030691	2.157642
13596	-1041.98	-1230.037	188.0578	1.225273	0.6846549	1.966339
13602	-1031.598	-1220.158	188.5596	1.226576	0.9682643	1.369551
13608	-1036.395	-1224.669	188.2746	1.163964	0.9071547	1.67659
13614	-1036.203	-1225.464	189.2614	1.409929	0.5457512	1.065129
13620	-1025.63	-1214.066	188.4363	1.959219	1.042539	0.3604097
13626	-1039.445	-1228.061	188.6164	2.152648	0.6884898	0.3331578
13632	-1032.55	-1221.209	188.6591	2.14391	0.6884898	0.3738852
13638	-1046.173	-1234.507	188.3345	2.089307	1.005716	0.3507683
13644	-1043.511	-1232.268	188.7568	1.932085	0.8115224	0.5031031
13650	-1044.099	-1232.763	188.6634	1.882415	0.9410338	0.5031031
13656	-1043.668	-1232.584	188.9165	1.850145	0.7401459	0.5680885
13662	-1050.967	-1239.657	188.6903	2.113166	0.7160079	0.4677012
13668	-1043.671	-1232.843	189.1716	1.920286	0.5141803	0.5429605
13674	-1040.52	-1229.707	189.1876	1.934081	0.4915919	0.5777004
13680	-1037.419	-1226.453	189.034	1.904224	0.6176354	0.4924221
13686	-1042.204	-1231.284	189.0806	1.835323	0.5871359	0.7054982
13692	-1032.677	-1221.718	189.0402	1.702497	0.6847404	0.7634141
13698	-1036.79	-1225.72	188.9297	1.729006	0.7504047	0.7634141
13704	-1038.467	-1227.156	188.6898	1.871391	0.9112115	0.5956894
13710	-1040.184	-1228.308	188.1241	1.887277	1.555944	0.5643231
13716	-1028.484	-1217.354	188.8702	1.839096	0.7878019	0.5643231
13722	-1034.535	-1223.128	188.593	1.82375	1.046668	0.6147645
13728	-1042.357	-1230.701	188.3443	1.967546	1.159555	0.6147645
13734	-1035.056	-1224.141	189.0844	1.661967	0.7275253	0.6645565
13740	-1039.178	-1228.436	189.2575	1.62949	0.5810179	0.7649872
13746	-1029.506	-1218.081	188.5741	1.898681	1.0128	0.4995787
13752	-1032.121	-1221.067	188.9461	1.87766	0.697684	0.5545447
13758	-1031.83	-1220.656	188.8264	1.922243	0.7614169	0.5090844
13764	-1040.091	-1229.284	189.1932	1.784528	0.5764116	0.6089405
13770	-1043.123	-1231.082	187.9587	1.44644	1.254818	1.458898
13776	-1044.78	-1233.475	188.6956	1.244715	0.7499039	1.440377
13782	-1044.632	-1233.173	188.5413	1.126674	0.7499039	1.642092
13788	-1049.581	-1237.468	187.8864	1.221383	1.040749	1.812855
13794	-1057.866	-1246.569	188.7026	1.503417	0.6771501	1.304801
13800	-1054.334	-1242.723	188.3896	1.16031	1.31282	1.307857
13806	-1052.34	-1240.527	188.1878	1.30765	0.7498742	1.764247
13812	-1044.89	-1233.319	188.4291	1.252651	1.261326	1.234249
13818	-1039.822	-1228.205	188.3828	1.258149	0.817762	1.602786
13824	-1040.451	-1228.893	188.4426	1.247049	0.817762	1.567268
13830	-1049.272	-1237.904	188.6328	1.499584	1.169649	0.8785428
13836	-1056.461	-1245.295	188.8337	1.570242	0.8606145	0.9185773
13842	-1033.682	-1221.219	187.5372	0.9432038	1.100716	2.193316
13848	-1040.245	-1228.054	187.8097	1.041651	1.182249	1.898842
13854	-1039.864	-1228.292	188.4283	1.094417	0.9468094	1.585599
13860	-1035.136	-1223.413	188.277	1.057962	1.118737	1.599942
13866	-1040.055	-1228.453	188.3974	1.217575	0.8762278	1.573449
13872	-1041.178	-1229.724	188.5465	1.265816	0.8850202	1.417896
13878	-1035.834	-1224.389	188.5546	1.287479	0.8933974	1.387686
13884	-1038.025	-1226.329	188.3045	1.182296	0.974398	1.591104
13890	-1044.834	-1232.874	188.04	1.251623	1.119549	1.630801
13896	-1032.755	-1221.123	188.3681	1.168301	1.119549	1.449528
13902	-1041.391	-1229.803	188.4123	1.130314	0.7455491	1.734984
13908	-1043.794	-1231.934	188.1402	1.130314	0.6548133	2.001557
13914	-1055.417	-1243.367	187.95	1.308215	0.8058013	1.881287
13920	-1051.749	-1239.871	188.1222	1.01304	0.9065378	1.887951
13926	-1046.464	-1234.053	187.5891	0.9966412	0.9065378	2.250489
13932	-1044.114	-1231.601	187.4865	0.9526602	1.050618	2.250489
13938	-1029.545	-1216.679	187.1343	0.9087219	1.108752	2.467072
13944	-1026.726	-1214.449	187.7237	1.009503	0.6656102	2.341249
13950	-1049.242	-1237.894	188.6521	1.397974	0.5415717	1.574375
13956	-1051.275	-1239.798	188.5233	1.320783	1.009328	1.289977
13962	-1052.69	-1241.605	188.9152	1.200513	0.8244692	1.228606
13968	-1059.074	-1247.535	188.4605	1.400398	1.101614	1.201834
13974	-1046.97	-1236.076	189.1058	1.493147	0.562366	1.108444
13980	-1044.311	-1233.195	188.884	1.279788	0.5618106	1.466389
13986	-1056.99	-1244.588	187.5976	1.089352	0.9193555	2.176264
13992	-1039.064	-1227.243	188.1788	1.191049	0.9398214	1.700787
13998	-1042.294	-1229.579	187.2848	1.030126	1.629629	2.025773
14004	-1030.857	-1219.595	188.7377	1.362054	0.7572608	1.30782
14010	-1042.994	-1231.017	188.0236	1.546241	1.627372	1.08851
14016	-1032.969	-1222.126	189.1574	1.606767	0.6182335	0.8548526
14022	-1054.111	-1243.338	189.2271	1.551975	0.429383	1.145972
14028	-1052.04	-1241.021	188.9815	1.415294	0.5516823	1.295782
14034	-1042.406	-1230.155	187.7489	1.152	1.094378	1.919245
14040	-1038.634	-1226.523	187.8891	1.019264	0.7950862	2.12295
14046	-1041.594	-1229.077	187.4829	1.04146	0.8202052	2.351298
14052	-1052.397	-1241.218	188.8209	1.257195	0.7859326	1.297206
14058	-1049.997	-1238.872	188.8752	1.2318	0.7436128	1.315646
14064	-1057.106	-1245.216	188.1102	1.249836	1.242851	1.500573
14070	-1049.238	-1237.495	188.2574	1.465078	1.059787	1.348252
14076	-1052.702	-1241.344	188.6417	1.344188	1.059787	1.12689
14082	-1054.706	-1243.043	188.3367	1.319665	0.9183234	1.509024
14088	-1051.432	-1239.265	187.8334	1.171129	0.8852867	1.991529
14094	-1049.707	-1237.96	188.253	1.265798	0.8852867	1.6361
14100	-1061.539	-1249.713	188.1746	1.338945	0.7166967	1.780698
14106	-1053.676	-1242.184	188.5076	1.323241	1.041591	1.274913
14112	-1040.271	-1229.048	188.777	1.298463	0.8635683	1.225111
14118	-1047.873	-1236.593	188.7197	1.381675	0.8002228	1.264249
14124	-1045.923	-1234.127	188.2044	0.9627645	0.9531164	1.832434
14130	-1049.065	-1237.444	188.3792	1.235303	0.574922	1.84632
14136	-1042.967	-1231.17	188.2031	1.235303	0.7954459	1.765492
14142	-1049.242	-1236.982	187.7398	1.246214	1.035206	1.899837
14148	-1037.796	-1226.017	188.2207	1.286819	1.187836	1.42461
14154	-1034.834	-1223.574	188.7391	1.234055	1.187836	1.029259
14160	-1044.761	-1233.07	188.309	1.278483	1.73005	1.005533
14166	-1044.164	-1232.97	188.806	1.593494	0.9648379	0.7888273
14172	-1047.228	-1235.789	188.5607	1.761214	1.125682	0.6622569
14178	-1044.542	-1233.371	188.8298	1.761214	0.8905299	0.5692001
14184	-1048.817	-1237.343	188.5257	1.960883	0.9987527	0.4895626
14190	-1055.734	-1242.76	187.0264	1.23854	0.673953	2.627479
14196	-1060.422	-1247.854	187.4317	0.8311326	0.8252495	2.512238
14202	-1046.022	-1235.118	189.0958	1.679342	0.6699493	0.7445409
14208	-1050.891	-1239.905	189.0142	1.69007	0.7242227	0.7445409
14214	-1067.177	-1256.106	188.9295	1.589007	0.7321482	0.9589242
14220	-1053.661	-1241.115	187.4533	0.9102977	1.33931	2.135485
14226	-1057.464	-1245.786	188.3212	1.080096	0.6640546	1.905196
14232	-1045.573	-1233.211	187.6385	1.004345	0.7504596	2.329069
14238	-1050.095	-1236.859	186.7644	0.9497293	0.7047085	2.938603
14244	-1054.372	-1242.842	188.4697	1.624769	1.416354	0.6275247
14250	-1041.95	-1231.156	189.2064	1.705404	0.5626752	0.7689681
14256	-1040.291	-1229.289	188.9985	1.653427	0.7527861	0.7689681
14262	-1031.307	-1220.28	188.9739	1.562233	0.771955	0.8860095
14268	-1041.798	-1230.454	188.656	1.448289	1.194173	0.8860095
14274	-1045.786	-1234.457	188.6713	1.812556	0.9473568	0.6854484
14280	-1036.367	-1225.276	188.909	1.654339	0.8750711	0.6816885
14286	-1040.49	-1229.298	188.8083	1.549294	0.9532327	0.8574203
14292	-1050.095	-1238.917	188.8228	1.543223	0.9032148	0.9087506
14298	-1031.346	-1220.79	189.4442	1.882343	0.2893112	0.894078
14304	-1040.688	-1230.222	189.5345	1.780863	0.3215526	0.8181086
14310	-1042.414	-1231.83	189.4158	1.968934	0.3203993	0.722778
14316	-1037.811	-1226.952	189.1408	1.968934	0.4977674	0.5835249
14322	-1046.266	-1235.115	188.8483	1.451947	0.8854877	0.9982074
14328	-1046.968	-1235.559	188.5916	1.253662	1.208603	1.131505
14334	-1045.824	-1234.143	188.3196	1.356457	1.208603	1.27636
14340	-1033.77	-1222.378	188.6079	1.881091	0.9931061	0.5425645
14346	-1038.568	-1227.36	188.7921	1.786496	0.8676283	0.6682685
14352	-1036.762	-1225.956	189.1938	1.673056	0.6039423	0.744894
14358	-1037.544	-1226.252	188.7083	1.465719	0.8432359	1.160005
14364	-1040.828	-1229.212	188.3836	1.323936	0.7733556	1.592632
14370	-1044.905	-1233.113	188.208	1.072077	1.191119	1.592632
14376	-1057.507	-1245.491	187.9837	1.122953	0.8198798	1.972538
14382	-1037.873	-1225.697	187.824	0.8001689	1.055143	2.127799
14388	-1038.618	-1226.772	188.1534	0.9118584	1.318974	1.669854
14394	-1038.495	-1226.469	187.9739	1.058613	1.446301	1.621859
14400	-1030.584	-1218.933	188.3494	1.226832	0.9653582	1.532118
14406	-1042.995	-1230.717	187.7224	1.275755	1.123126	1.834863
14412	-1036.855	-1225.431	188.5759	1.047028	0.5804605	1.834863
14418	-1036.082	-1224.296	188.2137	1.080905	0.9865621	1.719938
14424	-1033.36	-1221.725	188.3646	1.40728	0.685886	1.626147
14430	-1039.141	-1228.214	189.0732	1.40728	0.6384287	1.115548
14436	-1050.336	-1239.483	189.1462	1.553095	0.4944208	1.115548
14442	-1039.763	-1228.796	189.033	1.561304	0.6952044	0.9287413
14448	-1050.679	-1239.711	189.0321	1.561304	0.6241408	1.028485
14454	-1039.713	-1228.741	189.0272	1.729886	0.5093812	1.038526
14460	-1033.94	-1223.158	189.2179	1.607449	0.5093812	0.9705863
14466	-1040.509	-1229.86	189.3512	2.069198	0.2585596	0.8734978
14472	-1043.323	-1232.663	189.3404	2.002419	0.2585596	0.9589758
14478	-1043.285	-1232.508	189.2231	2.032178	0.3047863	0.9327093
14484	-1045.767	-1234.566	188.7996	2.046476	0.6806487	0.4484289
14490	-1047.962	-1237.345	189.3832	1.500962	0.5119093	0.9030862
14496	-1040.821	-1229.498	188.6772	1.490904	0.975058	1.035203
14502	-1037.509	-1226.602	189.0938	1.721612	0.4789196	1.031306
14508	-1046.627	-1235.32	188.6936	1.732235	0.9323508	0.7989109
14514	-1048.713	-1237.695	188.9817	1.927578	0.6306757	0.5765738
14520	-1054.449	-1243.485	189.0366	1.812645	0.4389532	1.066015
14526	-1041.054	-1229.775	188.7208	1.700639	0.9843971	0.7272703
14532	-1047.717	-1236.383	188.6659	1.804327	0.9843971	0.6349952
14538	-1050.092	-1238.727	188.6349	1.728297	1.048891	0.7184012
14544	-1044.62	-1233.258	188.6379	1.692632	1.02474	0.8007367
14550	-1036.44	-1224.859	188.4184	1.40891	1.119475	1.216443
14556	-1048.995	-1237.437	188.4422	1.594587	0.908326	1.216443
14562	-1045.566	-1234.443	188.8772	1.241174	0.7645946	1.285427
14568	-1037.905	-1225.357	187.4526	1.058148	0.7645946	2.401764
14574	-1039.013	-1226.42	187.4072	0.8774895	0.7357294	2.56567
14580	-1042.549	-1230.919	188.3701	0.8752429	0.6048343	2.064789
14586	-1032.979	-1220.685	187.7058	1.056323	0.9812459	2.085174
14592	-1043.714	-1231.956	188.2422	1.1793	0.8064714	1.768253
14598	-1046.154	-1234.738	188.5847	1.2395	0.5066109	1.775371
14604	-1036.047	-1223.785	187.7377	1.039785	1.101082	1.997932
14610	-1045.057	-1233.308	188.2513	1.109996	1.041283	1.63386
14616	-1049.38	-1236.351	186.9706	1.145779	0.6382706	2.748613
14622	-1042.252	-1229.623	187.3706	1.095927	0.7340839	2.453417
14628	-1045.056	-1232.763	187.7063	1.030324	1.254321	1.934465
14634	-1040.334	-1228.268	187.9338	1.094329	1.223461	1.752415
14640	-1051.823	-1240.89	189.0674	1.63856	0.616249	0.924503
14646	-1042.158	-1231.02	188.8621	1.651157	0.8677412	0.7748602
14652	-1041.077	-1229.888	188.8109	1.560801	0.9540574	0.8392295
14658	-1057.807	-1246.952	189.145	1.667995	0.5997203	0.8274388
14664	-1053.761	-1242.413	188.6522	1.269627	0.7953096	1.41229
14670	-1040.525	-1229.24	188.7146	1.295535	0.7232726	1.41229
14676	-1047.568	-1236.337	188.7698	1.24041	0.7232726	1.41229
14682	-1054.31	-1242.472	188.1622	1.418402	1.124098	1.41229
14688	-1046.078	-1234.441	188.3634	1.676196	0.9887931	1.14123
14694	-1053.019	-1242.025	189.0065	1.622949	0.5195841	1.14123
14700	-1046.644	-1235.782	189.1381	1.644599	0.5136637	1.006731
14706	-1049.179	-1238.636	189.4573	1.521544	0.3467942	1.112763
14712	-1038.983	-1227.669	188.6862	1.189872	0.9344779	1.326006
14718	-1036.556	-1225.508	188.952	1.328665	0.7197781	1.196242
14724	-1049.448	-1237.747	188.299	1.222051	0.7338873	1.760279
14730	-1054.107	-1242.571	188.4637	1.181649	1.106772	1.374231
14736	-1039.075	-1227.384	188.3091	1.140617	0.9258655	1.654366
14742	-1039.78	-1227.27	187.4904	1.153581	0.8416993	2.259158
14748	-1029.872	-1217.335	187.4625	1.06952	0.7791913	2.377141
14754	-1032.443	-1220.101	187.6581	1.02363	1.082541	2.072892
14760	-1043.059	-1231.184	188.1248	0.9911924	0.8945926	1.909763
14766	-1034.942	-1222.641	187.699	0.8234258	0.977519	2.243493
14772	-1031.53	-1219.003	187.4732	0.8432287	0.7227518	2.556167
14778	-1031.916	-1220.506	188.5908	1.136105	0.5680853	1.77574
14784	-1034.704	-1222.948	188.244	1.342238	0.6838049	1.759865
14790	-1050.71	-1239.417	188.7071	1.461873	0.4022358	1.66253
14796	-1064.931	-1253.241	188.3102	1.44718	0.3036403	2.085278
14802	-1051.422	-1240.015	188.5932	1.421626	1.028814	1.127863
14808	-1051.139	-1240.373	189.2337	1.617264	0.6281456	0.7154262
14814	-1047.295	-1235.839	188.5441	1.729422	1.168781	0.6809647
14820	-1033.513	-1222.426	188.9128	1.656395	0.823645	0.7663071
14826	-1027.306	-1216.258	188.9526	1.61338	0.823645	0.7709966
14832	-1036.102	-1224.722	188.62	1.607688	1.138117	0.7951382
14838	-1042.423	-1230.884	188.4616	1.517677	1.373187	0.8586403
14844	-1046.387	-1235.175	188.7887	1.484505	1.014929	0.8832732
14850	-1047.564	-1236.77	189.2062	1.408269	0.6807135	0.9275853
14856	-1052.004	-1240.618	188.6146	1.482775	0.8633152	1.206816
14862	-1057.854	-1246.695	188.8409	1.519152	0.6229619	1.23916
14868	-1058.598	-1247.23	188.6315	1.653158	0.6229619	1.301326
14874	-1040.024	-1228.224	188.2003	1.14448	1.331996	1.456471
14880	-1039.701	-1228.197	188.4959	1.065055	1.083345	1.456471
14886	-1027.572	-1216.587	189.0155	1.328904	0.5731246	1.31179
14892	-1030.766	-1219.789	189.0224	1.47112	0.7862819	0.9145175
14898	-1049.317	-1238.293	188.9759	1.568116	0.7919361	0.848297
14904	-1057.463	-1246.547	189.0834	1.610081	0.5900135	0.9777804
14910	-1047.176	-1235.39	188.2144	1.704041	1.63558	0.6650378
14916	-1054.789	-1242.763	187.974	1.723571	1.629239	0.9624763
14922	-1041.55	-1230.28	188.7293	1.585849	0.7748228	1.105377
14928	-1050.018	-1238.801	188.783	1.623279	0.9370641	0.8180661
14934	-1038.61	-1227.289	188.6791	1.601709	1.078793	0.797614
14940	-1040.392	-1228.612	188.2197	1.720597	1.641521	0.6035677
14946	-1032.188	-1221.149	188.9605	1.749485	0.7730864	0.6193232
14952	-1034.311	-1223.232	188.9213	1.814745	0.7410318	0.6508175
14958	-1046.458	-1235.245	188.7866	1.470506	1.116659	0.7817019
14964	-1057.947	-1246.559	188.6126	2.163017	0.7336814	0.4407204
14970	-1042.446	-1231.55	189.104	1.91696	0.5331551	0.6635864
14976	-1047.547	-1236.749	189.2021	1.705724	0.6146296	0.6439295
14982	-1042.955	-1230.852	187.8974	1.100796	0.8505126	2.021477
14988	-1036.999	-1225.182	188.1838	1.210727	0.9062329	1.708552
14994	-1036.743	-1225.257	188.5143	1.524757	0.9369423	1.188469
15000	-1049.05	-1237.528	188.478	1.09242	0.7960256	1.671967
15006	-1031.986	-1220.715	188.7283	1.313852	1.012824	1.117394
15012	-1034.115	-1222.674	188.5589	1.486535	0.5894	1.524223
15018	-1038.083	-1226.578	188.495	1.177957	0.4975552	1.889601
15024	-1041.404	-1229.795	188.3918	1.521221	1.43351	0.88179
15030	-1045.766	-1234.943	189.1765	1.625772	0.46524	1.06636
15036	-1050.168	-1239.026	188.8578	1.539739	0.8722055	0.9113224
15042	-1046.451	-1235.074	188.6226	1.629671	1.135484	0.7641766
15048	-1045.843	-1234.338	188.4953	1.441597	1.229069	1.029793
15054	-1047.037	-1236.157	189.12	1.984564	0.5084476	0.4891901
15060	-1040.774	-1229.239	188.4652	2.052238	0.9458111	0.3995055
15066	-1038.907	-1227.189	188.2816	2.175193	0.9470044	0.3230891
15072	-1034.719	-1223.098	188.3789	2.175193	0.9093738	0.3957306
15078	-1040.598	-1229.408	188.8104	2.070399	0.6590441	0.4965351
15084	-1044.615	-1233.634	189.0193	1.97013	0.5804017	0.4611402
15090	-1047.671	-1236.448	188.7775	1.662574	1.044252	0.5320799
15096	-1049.918	-1238.911	188.9929	1.688116	0.7002814	0.8195458
15102	-1047.374	-1236.258	188.8838	1.558617	0.8624772	0.8726107
15108	-1046.263	-1235.018	188.7553	1.454308	1.033323	0.9338939
15114	-1052.267	-1240.458	188.1915	1.454308	1.745912	0.9345452
15120	-1054.313	-1242.174	187.8619	1.368269	0.9330265	1.80349
15126	-1028.718	-1216.544	187.8261	0.9254218	1.053571	2.045
15132	-1033.615	-1221.589	187.9749	0.9112074	0.9204922	2.045
15138	-1030.149	-1219.22	189.0715	1.341824	0.4537386	1.410919
15144	-1033.371	-1221.362	187.9909	1.080593	0.9929617	1.870147
15150	-1042.042	-1230.56	188.518	1.239344	0.7386144	1.587547
15156	-1046.955	-1235.203	188.2476	1.207063	0.5782385	1.951446
15162	-1047.197	-1235.908	188.7109	1.287135	0.8985072	1.257818
15168	-1043.533	-1231.893	188.3594	1.174197	0.963609	1.564884
15174	-1040.623	-1229.029	188.4054	1.390909	1.311406	1.097634
15180	-1043.103	-1231.76	188.6562	1.478536	0.7666968	1.269831
15186	-1046.447	-1235.601	189.154	1.379694	0.4864045	1.269831
15192	-1041.511	-1230.648	189.1372	1.326111	0.6347905	1.135585
15198	-1038.388	-1227.136	188.748	1.320296	0.7219199	1.368267
15204	-1045.872	-1234.441	188.5685	1.439307	0.9693081	1.186453
15210	-1055.339	-1244.115	188.7762	1.400715	0.9152555	1.085858
15216	-1054.864	-1242.602	187.7372	1.125227	1.936395	1.504715
15222	-1053.13	-1241.119	187.9896	1.221813	0.9742894	1.786821
15228	-1053.881	-1242.362	188.4804	1.156084	1.135148	1.360773
15234	-1050.58	-1239.615	189.0346	1.336063	0.6656299	1.179911
15240	-1047.146	-1234.81	187.6644	1.055812	1.398413	1.866601
15246	-1043.667	-1231.514	187.8471	1.290744	1.570494	1.477
15252	-1048.631	-1237.562	188.9315	1.243662	0.7037266	1.301485
15258	-1047.78	-1236.348	188.5678	1.301808	0.7769409	1.46909
15264	-1050.411	-1239.206	188.7955	1.279859	0.7769409	1.308183
15270	-1040.886	-1229.829	188.9425	1.787495	0.7600467	0.6081396
15276	-1041.571	-1230.607	189.036	1.69072	0.7382969	0.676699
15282	-1047.644	-1236.234	188.5897	1.791757	1.032571	0.7143521
15288	-1042.645	-1231.519	188.8744	1.785556	0.8319975	0.5534592
15294	-1039.229	-1228.42	189.1914	1.790848	0.5692313	0.6254631
15300	-1037.367	-1225.844	188.477	1.61745	1.155133	0.9352208
15306	-1038.803	-1227.202	188.3987	1.525991	1.314667	0.9705958
15312	-1041.145	-1229.557	188.412	1.14548	0.9456298	1.561008
15318	-1046.83	-1235.495	188.665	1.30468	0.7637084	1.404679
15324	-1032.967	-1221.384	188.4167	1.284192	0.6902071	1.672978
15330	-1037.359	-1226.318	188.9592	1.555671	0.4877708	1.283458
15336	-1036.539	-1225.034	188.4954	1.103271	0.6201698	1.811805
15342	-1044.438	-1232.439	188.001	1.218372	1.14453	1.666311
15348	-1046.59	-1235.13	188.5405	1.080365	0.7606717	1.666311
15354	-1037.832	-1226.831	188.9985	1.265744	0.7606717	1.166179
15360	-1042.855	-1230.489	187.634	1.121784	1.709813	1.686633
15366	-1042.781	-1230.892	188.111	1.216334	1.101058	1.617393
15372	-1042.89	-1230.354	187.4637	0.9512347	1.263884	2.142278
15378	-1051.613	-1239.438	187.8247	1.182068	0.5412538	2.28185
15384	-1052.195	-1240.55	188.355	1.148911	0.8289044	1.691967
15390	-1049.174	-1237.48	188.306	1.16955	0.907213	1.650091
15396	-1054.554	-1242.343	187.7888	1.337312	1.661909	1.437676
15402	-1051.472	-1239.89	188.4186	1.217736	0.7263924	1.685739
15408	-1040.339	-1228.709	188.3698	1.080546	0.7745766	1.774605
15414	-1038.142	-1226.303	188.1607	1.069499	0.8671866	1.852498
15420	-1042.173	-1230.005	187.832	1.065431	1.662081	1.607932
15426	-1036.91	-1225.514	188.6041	1.19819	0.7066107	1.584441
15432	-1046.26	-1234.34	188.0798	1.218552	1.274132	1.52705
15438	-1045.187	-1233.46	188.2728	1.24393	0.9770089	1.567207
15444	-1057.875	-1245.345	187.4697	1.006226	0.9770089	2.27367
15450	-1042.789	-1229.93	187.1414	1.122028	1.20329	2.27367
15456	-1054.813	-1242.804	187.9915	1.499965	0.2931994	2.27367
15462	-1044.096	-1231.551	187.4553	1.347724	0.760866	2.218184
15468	-1048.88	-1236.196	187.3154	1.180258	1.044055	2.218184
15474	-1050.772	-1238.135	187.3626	0.9809976	1.091592	2.286853
15480	-1053.63	-1241.766	188.1358	1.272951	0.9124029	1.693794
15486	-1050.599	-1239.173	188.5738	1.420632	0.7697659	1.379562
15492	-1047.752	-1236.17	188.4184	1.372506	1.032531	1.314575
15498	-1040.695	-1229.631	188.9363	1.476859	0.5264566	1.314575
15504	-1048.113	-1237.168	189.0551	1.453681	0.5264566	1.235899
15510	-1053.393	-1241.744	188.351	1.416715	0.7335378	1.584604
15516	-1034.053	-1222.646	188.5927	1.338255	0.446565	1.77255
15522	-1026.537	-1214.263	187.7262	1.153937	1.140758	1.904412
15528	-1027.413	-1215.5	188.0867	1.057514	0.6538318	2.086073
15534	-1035.01	-1222.656	187.6458	1.155442	0.9912273	2.052742
15540	-1050.846	-1239.028	188.1822	1.120552	0.7710888	1.879163
15546	-1046.355	-1234.32	187.9646	0.8252825	0.8716763	2.143025
15552	-1043.863	-1231.812	187.9495	1.118099	0.6508285	2.138937
15558	-1037.139	-1224.831	187.692	0.967449	1.038095	2.115485
15564	-1034.859	-1222.915	188.0561	1.156779	1.038095	1.741534
15570	-1056.303	-1244.408	188.1046	1.186121	1.302437	1.515327
15576	-1040.452	-1228.475	188.0231	1.12363	0.9103287	1.87733
15582	-1029.599	-1217.611	188.0119	1.092691	0.9103287	1.905973
15588	-1040.067	-1227.22	187.1524	0.9427933	0.9255415	2.547626
15594	-1044.369	-1232.541	188.1718	1.296851	1.582928	1.205723
15600	-1037.995	-1225.601	187.6055	1.296851	1.474592	1.699844
15606	-1029.339	-1217.85	188.5108	1.332707	0.8233489	1.447252
15612	-1038.433	-1226.805	188.3718	1.379846	1.163832	1.246371
15618	-1038.366	-1227.115	188.7495	1.465744	0.8510295	1.115357
15624	-1032.229	-1220.938	188.7092	1.348732	0.9960119	1.118307
15630	-1034.206	-1223.13	188.9237	1.457851	0.8084087	1.004128
15636	-1041.853	-1230.109	188.2559	1.19399	1.132729	1.505807
15642	-1038.174	-1226.373	188.1991	1.193413	1.132668	1.54847
15648	-1035.56	-1224.345	188.7849	1.205139	0.8197143	1.336174
15654	-1044.168	-1232.741	188.5735	1.604471	1.079448	0.9201947
15660	-1035.387	-1224.146	188.7586	1.641537	0.9800951	0.7659923
15666	-1039.813	-1228.651	188.8378	1.710639	0.8442171	0.7623336
15672	-1042.531	-1232.006	189.4746	1.689119	0.3778141	0.8589375
15678	-1042.607	-1231.672	189.0649	1.764965	0.5506073	0.8950974
15684	-1036.932	-1225.645	188.7133	1.140123	0.5797008	1.674408
15690	-1043.725	-1232.903	189.178	1.403486	0.375663	1.394519
15696	-1041.959	-1231.05	189.0919	1.505589	0.3677202	1.394519
15702	-1036.12	-1223.991	187.8708	1.130213	0.4742764	2.355403
15708	-1033.495	-1220.717	187.2225	1.050371	1.105744	2.323562
15714	-1030.01	-1218.301	188.2913	1.362235	1.105744	1.36854
15720	-1029.394	-1218.247	188.8537	1.469587	0.6682993	1.217411
15726	-1037.43	-1226.36	188.9296	1.530218	0.7484652	0.9980793
15732	-1036.564	-1225.581	189.0172	1.530218	0.6954384	0.9777866
15738	-1046.794	-1235.664	188.8699	1.496663	0.6954384	1.148771
15744	-1045.198	-1233.024	187.826	0.9749896	0.5393602	2.41446
15750	-1046.647	-1233.898	187.2507	0.9829158	1.555622	2.113593
15756	-1037.705	-1225.125	187.4198	0.9608427	1.167266	2.218632
15762	-1038.008	-1225.091	187.0831	0.9362061	1.167266	2.448639
15768	-1039.543	-1227.082	187.5392	1.014885	1.064208	2.167829
15774	-1041.031	-1228.859	187.8281	1.140307	1.250598	1.777924
15780	-1045.717	-1233.741	188.024	1.107101	0.8042471	1.968346
15786	-1038.355	-1225.402	187.0472	0.9957387	1.068079	2.491046
15792	-1036.567	-1224.195	187.6284	0.9957387	0.8873733	2.239205
15798	-1045.508	-1233.847	188.3386	1.109712	0.8873733	1.684911
15804	-1061.066	-1249.288	188.2228	1.27104	0.8460971	1.685194
15810	-1038.935	-1226.446	187.5105	1.122134	1.094321	2.097904
15816	-1035.014	-1223.265	188.2511	1.19078	0.4504195	2.097904
15822	-1039.222	-1227.188	187.9656	0.9970188	1.168468	1.831166
15828	-1041.623	-1228.908	187.285	0.8724593	0.9398133	2.499448
15834	-1039.076	-1226.455	187.3794	1.158789	0.6971538	2.438128
15840	-1049.138	-1237.054	187.9155	1.096276	0.7432595	2.096432
15846	-1041.637	-1229.799	188.1622	1.231786	0.6179327	1.953342
15852	-1043.961	-1231.674	187.7128	0.9639904	0.7510444	2.306925
15858	-1033.38	-1221.337	187.9568	0.9132663	0.8713822	2.090755
15864	-1042.743	-1229.608	186.8653	0.7852869	1.797147	2.38381
15870	-1035.177	-1222.235	187.0588	0.9159454	1.39656	2.356605
15876	-1042.612	-1230.028	187.4157	1.031945	0.5457791	2.628577
15882	-1058.737	-1246.02	187.2828	0.8413525	0.725455	2.672918
15888	-1067.95	-1255.333	187.3826	0.8936354	0.9418096	2.423643
15894	-1052.645	-1241.389	188.7441	1.540742	0.8788072	1.020772
15900	-1055.091	-1244.13	189.0395	1.360209	0.647843	1.175747
15906	-1050.781	-1240	189.2194	1.469542	0.4998637	1.116731
15912	-1042.2	-1231.308	189.108	1.519576	0.6427857	0.968127
15918	-1053.235	-1241.788	188.5537	1.29078	0.5870737	1.672989
15924	-1046.084	-1233.636	187.5513	1.291542	0.6694554	2.26797
15930	-1039.14	-1226.74	187.6007	1.054133	0.8202568	2.26797
15936	-1041.325	-1228.417	187.092	0.8811025	1.069304	2.533893
15942	-1037.938	-1226.205	188.2673	1.108879	0.9988627	1.653191
15948	-1051.892	-1240.574	188.6824	1.377157	0.4997931	1.616398
15954	-1044.628	-1233.653	189.0247	1.332033	0.6307119	1.232807
15960	-1054.672	-1243.853	189.1806	1.523044	0.3164972	1.397297
15966	-1048.244	-1236.796	188.5521	1.536937	0.6069977	1.472307
15972	-1031.751	-1220.859	189.1076	1.457214	0.510168	1.210799
15978	-1036.278	-1224.877	188.5997	1.415368	0.9413923	1.205027
15984	-1044.06	-1232.651	188.591	1.29409	0.9321332	1.320741
15990	-1052.855	-1241.254	188.3986	1.400407	1.077966	1.272442
15996	-1047.693	-1236.576	188.8824	1.301353	0.5729384	1.43827
16002	-1059.991	-1247.663	187.6722	1.174654	1.543192	1.70363
16008	-1042.13	-1230.191	188.0608	1.222525	0.936262	1.764194
16014	-1052.036	-1239.559	187.5231	1.307208	1.308696	1.840058
16020	-1037.239	-1224.945	187.7058	1.138376	1.308696	1.830491
16026	-1033.484	-1221.546	188.062	0.8615235	0.9860422	1.97482
16032	-1042.459	-1230.188	187.7289	1.306485	0.7592632	2.0679
16038	-1052.529	-1240.079	187.5508	1.024427	0.709043	2.405026
16044	-1045.013	-1231.996	186.9826	0.9524911	0.7574248	2.76426
16050	-1037.901	-1225.667	187.766	0.9455475	0.913381	2.164454
16056	-1042.797	-1231.742	188.9452	1.013197	0.6660843	1.508615
16062	-1049.818	-1238.355	188.5368	1.514292	1.15327	0.9822669
16068	-1059.914	-1247.998	188.0839	1.481298	1.215138	1.361126
16074	-1049.701	-1238.317	188.6165	1.294472	0.6328628	1.577463
16080	-1043.848	-1231.957	188.1089	1.46473	0.369669	2.112022
16086	-1037.441	-1224.574	187.1328	0.832405	1.074822	2.535567
16092	-1032.407	-1219.305	186.8974	1.058342	1.084861	2.535567
16098	-1030.361	-1218.396	188.035	1.110193	0.817284	1.948657
16104	-1036.383	-1224.551	188.1686	1.084665	0.7831528	1.902859
16110	-1046.482	-1235.127	188.6451	1.268816	0.5738568	1.637341
16116	-1044.952	-1233.009	188.0574	1.048349	0.7684737	2.013859
16122	-1042.127	-1229.177	187.0507	0.8443453	1.217455	2.49899
16128	-1036.774	-1224.181	187.4072	0.9517034	0.8409468	2.440805
16134	-1044.858	-1231.513	186.6551	0.6934255	1.286866	2.799763
16140	-1043.137	-1230.36	187.2229	0.7778702	1.034405	2.537604
16146	-1039.748	-1227.959	188.211	0.9641907	1.034405	1.77037
16152	-1036.099	-1223.974	187.8746	1.101078	1.194507	1.806344
16158	-1036.09	-1223.94	187.85	1.027167	1.09562	1.93449
16164	-1047.599	-1235.529	187.93	1.068155	1.297955	1.729576
16170	-1042.977	-1231.248	188.2714	1.105381	0.9273379	1.70515
16176	-1039.901	-1227.731	187.8301	0.7827601	0.873687	2.256136
16182	-1037.062	-1224.481	187.4185	0.8603629	1.078218	2.336153
16188	-1040.494	-1228.484	187.9902	1.252373	0.8969717	1.821522
16194	-1032.222	-1221.192	188.97	1.339017	0.5462602	1.37268
16200	-1034.809	-1223.811	189.0021	1.326134	0.6564513	1.226811
16206	-1035.313	-1223.83	188.5163	1.364525	1.054822	1.222559
16212	-1046.381	-1234.559	188.1779	1.557777	1.494061	1.021146
16218	-1050.547	-1238.997	188.45	1.448748	1.248774	1.050357
16224	-1038.519	-1227.478	188.9586	1.553379	0.6833388	1.028931
16230	-1035.031	-1223.993	188.9615	1.701497	0.6191996	0.9657042
16236	-1030.015	-1218.65	188.6344	1.49335	1.073173	0.9794862
16242	-1037.773	-1226.355	188.5821	1.295692	1.073173	1.210224
16248	-1039.666	-1228.493	188.8262	1.412266	0.5677149	1.402161
16254	-1047.655	-1236.532	188.8765	1.321646	0.5677149	1.433269
16260	-1050.488	-1239.636	189.1478	1.965993	0.4931616	0.5955189
16266	-1049.141	-1238.373	189.2323	1.736348	0.4161881	0.9905579
16272	-1045.914	-1235.03	189.1163	1.745215	0.5405215	0.8767939
16278	-1046.232	-1235.132	188.9	1.676938	0.6617702	0.9932773
16284	-1027.796	-1216.557	188.7605	1.591186	0.8437247	0.9932773
16290	-1033.358	-1222.05	188.6919	1.647522	1.123501	0.6277773
16296	-1031.158	-1219.645	188.4866	1.659839	1.182635	0.8481539
16302	-1028.485	-1217.313	188.8275	2.384687	0.4343414	0.4057158
16308	-1041.811	-1230.755	188.9439	2.127902	0.5288298	0.5062315
16314	-1060.35	-1249.131	188.7804	1.412706	0.7412265	1.247506
16320	-1055.166	-1244.218	189.0524	1.212939	0.6291412	1.309926
16326	-1041.579	-1229.986	188.407	1.384529	0.6862761	1.611556
16332	-1041.503	-1229.246	187.7427	1.150647	1.161204	1.882966
16338	-1044.93	-1232.893	187.9629	1.018506	0.7302474	2.127023
16344	-1047.1	-1235.106	188.0056	1.02851	0.7875954	2.046088
16350	-1055.036	-1244.034	188.9974	1.758824	0.60187	0.8916214
16356	-1057.728	-1246.271	188.5425	1.487095	1.003569	1.136916
16362	-1032.725	-1221.31	188.5855	1.155199	0.5679454	1.766275
16368	-1027.79	-1216.109	188.3192	1.098451	0.8976846	1.698693
16374	-1032.405	-1219.71	187.3049	1.020014	1.017366	2.34424
16380	-1037.829	-1226.213	188.3831	1.037566	1.017366	1.607866
16386	-1045.333	-1233.459	188.126	1.155667	0.5464766	2.09845
16392	-1046.974	-1235.926	188.9528	1.42835	0.6064616	1.241287
16398	-1052.83	-1241.378	188.5483	1.301368	0.7097363	1.546672
16404	-1063.628	-1252.348	188.7201	1.662293	0.6089586	1.237211
16410	-1037.886	-1225.899	188.0129	1.18496	0.7038176	2.006522
16416	-1038.229	-1225.492	187.2635	1.121051	0.6749966	2.552455
16422	-1038.593	-1226.91	188.3164	1.328447	0.761639	1.648321
16428	-1027.976	-1216.661	188.685	1.295752	0.5791514	1.583125
16434	-1031.277	-1220.244	188.967	1.512326	0.5669284	1.207627
16440	-1042.277	-1230.985	188.7076	1.621879	0.5909215	1.302503
16446	-1040.574	-1229.703	189.1288	1.611652	0.5028838	1.064603
16452	-1054.887	-1243.779	188.8923	1.575725	0.6187526	1.151469
16458	-1050.412	-1239.121	188.7093	1.416082	0.7944264	1.250016
16464	-1042.825	-1231.595	188.7704	1.365984	0.835668	1.200113
16470	-1038.63	-1226.786	188.1555	1.318708	1.214733	1.432221
16476	-1029.926	-1218.757	188.8312	1.328621	0.8905333	1.12583
16482	-1031.662	-1219.865	188.2033	1.10305	1.233203	1.546642
16488	-1031.764	-1219.713	187.9483	1.078448	1.159943	1.792081
16494	-1037.689	-1225.501	187.8113	0.9475762	1.125233	1.995468
16500	-1049.514	-1238.403	188.8893	1.758864	0.7962315	0.6915375
16506	-1050.492	-1239.707	189.2145	1.613773	0.5710417	0.8608404
16512	-1042.987	-1231.445	188.4576	1.184665	0.7405367	1.668806
16518	-1044.405	-1232.994	188.589	1.423197	0.7871506	1.349005
16524	-1050.723	-1239.325	188.6019	1.54104	0.9084042	1.123616
16530	-1043.003	-1231.605	188.6019	1.548685	0.9013222	1.123616
16536	-1039.519	-1227.819	188.3007	1.12174	0.834124	1.745184
16542	-1035.574	-1224.359	188.7848	1.478703	0.7820684	1.143992
16548	-1037.455	-1226.418	188.9628	1.647406	0.7820684	0.7776779
16554	-1036.062	-1224.667	188.6049	1.6174	1.166553	0.767173
16560	-1043.153	-1232.462	189.3094	1.488984	0.4681683	1.065255
16566	-1036.294	-1224.955	188.6613	1.556177	1.126327	0.8226229
16572	-1042.298	-1229.935	187.6367	1.129211	1.076634	2.020884
16578	-1045.238	-1234.013	188.7747	1.398046	0.5958816	1.420603
16584	-1046.236	-1234.816	188.5798	1.418136	0.5958816	1.552345
16590	-1040.629	-1228.961	188.3328	1.274153	1.08288	1.421528
16596	-1048.473	-1236.246	187.7736	1.306567	0.6905612	2.095793
16602	-1035.927	-1224.501	188.5741	1.209274	0.8331325	1.484363
16608	-1035.709	-1224.303	188.5936	1.208079	0.8180151	1.483682
16614	-1035.81	-1224.574	188.7644	1.226614	0.9808919	1.190782
16620	-1052.28	-1241.155	188.8751	1.447799	0.7395986	1.137454
16626	-1047.105	-1236.186	189.0807	1.812297	0.5945883	0.7252738
16632	-1039.702	-1228.885	189.1838	1.549973	0.5945883	0.9283527
16638	-1030.656	-1219.673	189.017	1.553568	0.7181882	0.9223224
16644	-1036.617	-1225.295	188.6774	1.553568	1.130177	0.8004712
16650	-1048.409	-1236.968	188.559	1.064071	1.085542	1.407143
16656	-1040.928	-1228.886	187.9576	1.191635	0.9362493	1.856824
16662	-1029.598	-1217.535	187.9371	1.253402	0.9216289	1.839105
16668	-1031.239	-1218.808	187.569	1.120127	1.413537	1.879833
16674	-1042.88	-1229.924	187.0439	0.9190074	1.472568	2.327428
16680	-1030.048	-1218.263	188.2156	1.105755	1.05517	1.65289
16686	-1029.386	-1217.785	188.399	1.191117	1.031098	1.472323
16692	-1038.681	-1227.85	189.1692	1.635785	0.4715286	1.053459
16698	-1044.235	-1232.742	188.5067	1.344894	0.824434	1.440116
16704	-1034.704	-1222.956	188.2514	1.152888	0.7621705	1.816982
16710	-1027.578	-1216.178	188.6002	1.201214	0.4902425	1.809979
16716	-1033.013	-1220.84	187.8262	1.218323	0.892312	1.95962
16722	-1048.398	-1236.061	187.6629	1.188365	0.925845	2.064231
16728	-1037.476	-1225.448	187.9716	1.122807	0.7165942	2.064231
16734	-1033.365	-1222.126	188.7609	1.266434	0.8320484	1.294642
16740	-1046.23	-1234.731	188.5004	1.282037	0.932288	1.40172
16746	-1046.697	-1235.233	188.5363	1.256046	0.932288	1.394002
16752	-1035.593	-1224.158	188.5645	1.297015	1.252921	1.082169
16758	-1039.276	-1227.825	188.5496	1.097584	1.271139	1.2563
16764	-1033.654	-1222.374	188.7205	1.237807	1.026398	1.179837
16770	-1035.788	-1224.37	188.5821	1.346614	1.056838	1.179837
16776	-1051.226	-1240.334	189.1087	1.200618	0.7122948	1.179837
16782	-1046.594	-1234.991	188.3975	1.942746	1.119603	0.6343497
16788	-1044.717	-1233.728	189.0106	2.015367	0.5572694	0.4723404
16794	-1045.355	-1233.832	188.4771	1.911789	1.098065	0.5321108
16800	-1040.223	-1229.276	189.0535	1.932375	0.5263254	0.7432114
16806	-1038.675	-1227.372	188.6968	1.678811	1.097146	0.5953836
16812	-1035.098	-1224.008	188.9101	1.678811	0.8397358	0.7068786
16818	-1027.721	-1216.708	188.9876	1.678811	0.7832647	0.6864305
16824	-1038.918	-1227.799	188.881	1.82555	0.772854	0.6287772
16830	-1031.554	-1220.418	188.864	1.656576	0.9215414	0.6669999
16836	-1039.848	-1228.591	188.7431	1.671503	0.9215414	0.8282777
16842	-1038.722	-1227.566	188.8444	1.747018	0.6703685	0.966657
16848	-1037.322	-1226.055	188.7327	1.481925	0.8986546	1.067288
16854	-1046.79	-1235.466	188.6754	1.547404	0.9125999	1.045297
16860	-1050.226	-1238.498	188.2722	1.41407	1.038062	1.39329
16866	-1037.541	-1226.15	188.6088	1.282731	0.6068094	1.618483
16872	-1039.594	-1228.182	188.5877	1.264579	0.7061834	1.548078
16878	-1029.588	-1218.325	188.7373	1.420545	0.5713222	1.459912
16884	-1032.097	-1220.045	187.9482	1.148787	1.154095	1.746828
16890	-1035.28	-1223.68	188.3992	1.043368	1.072079	1.553077
16896	-1039.833	-1227.5	187.6677	1.198571	1.021365	1.989556
16902	-1034.633	-1222.555	187.9227	1.09384	1.276625	1.729002
16908	-1036.441	-1224.813	188.3722	1.146025	1.218781	1.395481
16914	-1039.206	-1226.722	187.5164	1.14878	1.814256	1.702908
16920	-1059.191	-1246.68	187.4882	1.01317	0.9650489	2.265222
16926	-1055.912	-1243.18	187.2678	0.9861804	0.9650489	2.422449
16932	-1051.868	-1240.798	188.9297	1.601053	0.5893181	1.133564
16938	-1060.1	-1248.817	188.717	1.201505	0.8293506	1.383915
16944	-1051.914	-1240.609	188.6946	1.302091	0.8293506	1.321893
16950	-1042.043	-1230.63	188.5872	1.302091	0.8293506	1.406662
16956	-1045.468	-1233.95	188.4822	1.434745	0.9535277	1.276681
16962	-1037.211	-1224.709	187.4989	0.8695278	1.052452	2.294728
16968	-1041.729	-1229.114	187.3854	0.7620759	1.301685	2.294728
16974	-1046.102	-1233.353	187.2507	1.000097	1.301685	2.228444
16980	-1043.529	-1230.746	187.2169	1.272622	1.36101	2.041354
16986	-1053.663	-1241.616	187.9538	0.9795161	0.7465607	2.145108
16992	-1054.108	-1241.373	187.2651	0.7816771	0.7465607	2.704126
16998	-1038.996	-1226.312	187.3158	0.8750388	1.135441	2.358407
17004	-1046.45	-1234.975	188.5251	1.214336	1.053659	1.339428
17010	-1049.232	-1237.125	187.8935	1.225083	0.7189744	2.046188
17016	-1041.125	-1229.973	188.8474	1.304185	0.7170657	1.306707
17022	-1047.913	-1235.619	187.7063	1.173872	1.65829	1.622339
17028	-1046.612	-1233.89	187.2788	1.175929	1.65829	1.918979
17034	-1049.397	-1237.478	188.0807	1.236154	0.6373734	1.986698
17040	-1038.275	-1227.023	188.748	1.523245	0.4464265	1.528451
17046	-1034.034	-1222.606	188.572	1.50193	1.115204	0.9942266
17052	-1052.229	-1240.199	187.9708	1.163349	0.9503094	1.857091
17058	-1046.883	-1234.9	188.0175	1.236628	1.207727	1.600983
17064	-1052.923	-1241.475	188.5517	1.226703	0.8875259	1.441861
17070	-1048.19	-1237.309	189.1195	1.390456	0.4575538	1.329466
17076	-1046.865	-1235.949	189.084	1.263947	0.7511997	1.101743
17082	-1055.861	-1244.206	188.3447	1.06385	0.9980777	1.630437
17088	-1066.104	-1254.66	188.5564	1.25606	1.153018	1.203095
17094	-1060.876	-1249.511	188.6345	1.288255	1.035074	1.203095
17100	-1045.217	-1233.855	188.6376	1.289683	1.035074	1.199241
17106	-1044.411	-1232.655	188.2439	1.221464	0.9114522	1.65409
17112	-1038.131	-1226.655	188.5235	1.442133	0.7199572	1.449743
17118	-1046.23	-1234.926	188.6951	1.620034	0.815283	1.060834
17124	-1033.262	-1221.395	188.1332	1.456822	1.382771	1.228679
17130	-1048.714	-1237.024	188.3097	1.50744	1.402123	1.009215
17136	-1039.094	-1227.733	188.6391	1.477184	1.058738	1.004953
17142	-1043.68	-1232.104	188.4238	1.494311	1.155005	1.108374
17148	-1040.564	-1229.341	188.777	1.454836	0.6856402	1.274504
17154	-1035.808	-1224.595	188.787	1.506334	0.8173132	1.079038
17160	-1031.414	-1219.975	188.5606	1.473554	0.6464284	1.471744
17166	-1039.147	-1227.425	188.2781	1.473554	0.6172584	1.70782
17172	-1035.349	-1224.231	188.8813	1.221379	0.4986475	1.586375
17178	-1045.631	-1234.009	188.3779	1.034742	0.6320774	1.927303
17184	-1048.75	-1236.758	188.0078	1.133229	0.6554377	2.086697
17190	-1037.144	-1225.328	188.1848	1.217785	0.7519724	1.826815
17196	-1037.35	-1225.269	187.9193	1.156664	1.043024	1.833254
17202	-1039.332	-1227.678	188.3466	1.098926	0.6002901	1.935728
17208	-1031.124	-1219.143	188.0191	1.098564	0.9454616	1.871806
17214	-1038.93	-1226.586	187.6553	1.1141	1.271549	1.902482
17220	-1043.538	-1231.479	187.9417	1.170785	1.133959	1.748681
17226	-1047.506	-1235.322	187.8157	1.251041	1.185176	1.748681
17232	-1034.91	-1223.456	188.5468	1.311794	0.5428475	1.71061
17238	-1031.771	-1219.261	187.4909	1.086891	0.8704532	2.280934
17244	-1042.885	-1230.718	187.8332	1.268947	0.6333978	2.132158
17250	-1046.812	-1235.101	188.2893	1.732723	1.50137	0.6475359
17256	-1041.993	-1230.382	188.3888	1.698901	1.320424	0.7728563
17262	-1041.385	-1229.902	188.5166	1.665757	1.088239	0.9062297
17268	-1041.217	-1230.182	188.9651	1.697742	0.7918724	0.6737668
17274	-1048.291	-1237.447	189.1563	1.819157	0.5272094	0.7566583
17280	-1059.394	-1246.086	186.6914	0.9959972	0.7351753	2.931272
17286	-1047.234	-1235.307	188.0735	1.273431	1.49864	1.35542
17292	-1042.332	-1231.029	188.6974	1.27828	1.057831	1.1377
17298	-1044.657	-1232.542	187.8848	1.016183	0.9549727	2.011105
17304	-1035.187	-1223.389	188.202	0.9780816	0.8007067	1.938246
17310	-1042.276	-1230.591	188.3146	0.8358092	0.8007067	1.958213
17316	-1040.846	-1228.868	188.0226	1.195833	0.6708528	2.021771
17322	-1035.653	-1223.809	188.156	1.045236	0.6837592	2.021771
17328	-1050.746	-1239.392	188.6457	1.18815	0.6169616	1.649553
17334	-1052.742	-1241.23	188.4876	1.022444	0.7315185	1.770067
17340	-1051.672	-1240.522	188.8496	1.530025	0.7607748	1.061333
17346	-1043.301	-1232.445	189.1443	1.459933	0.5482215	1.123302
17352	-1041.402	-1229.845	188.4433	1.410629	1.230988	1.106251
17358	-1036.502	-1225.226	188.7245	1.484128	1.053557	0.9135643
17364	-1029.183	-1218.332	189.1494	1.459211	0.6345569	0.999095
17370	-1032.269	-1220.952	188.683	1.357412	1.105839	1.035772
17376	-1037.691	-1226.209	188.5179	1.241084	1.384852	1.078014
17382	-1043.757	-1231.874	188.1168	0.9815067	1.104571	1.777455
17388	-1042.257	-1229.933	187.6761	1.068027	1.104571	2.018001
17394	-1050.717	-1238.803	188.0863	1.170527	0.8832998	1.821949
17400	-1049.221	-1237.269	188.0484	1.090513	0.9957968	1.821949
17406	-1053.512	-1240.688	187.1767	1.017489	0.689911	2.658004
17412	-1045.798	-1234.409	188.6108	1.311632	0.9494263	1.275649
17418	-1051.479	-1240.006	188.5264	1.566074	0.9494263	1.129972
17424	-1045.807	-1234.95	189.1436	1.575654	0.5650103	0.9895397
17430	-1047.559	-1236.184	188.6249	1.477806	1.113259	0.9666815
17436	-1042.073	-1230.372	188.2988	1.370301	1.006846	1.430372
17442	-1045.512	-1233.926	188.4138	1.302525	1.006846	1.39381
17448	-1036.188	-1224.798	188.6101	1.423827	0.8024232	1.317182
17454	-1039.915	-1228.705	188.7894	1.423827	0.9935816	0.9714918
17460	-1030.298	-1219.223	188.9253	1.517048	0.7843322	0.9714918
17466	-1036.638	-1225.404	188.766	1.34855	0.9113981	1.146125
17472	-1048.656	-1237.469	188.8129	1.432949	0.7489776	1.194669
17478	-1036.239	-1224.449	188.2104	1.508809	1.522245	1.017117
17484	-1024.918	-1213.857	188.9392	1.172718	0.6763484	1.380609
17490	-1023.982	-1212.665	188.6831	1.261269	0.7002099	1.485195
17496	-1036.121	-1223.974	187.8531	0.9187961	0.6913438	2.294727
17502	-1041.438	-1229.988	188.5504	1.163406	1.099735	1.325049
17508	-1040.163	-1229.006	188.8431	1.524325	0.7037905	1.138395
17514	-1037.726	-1226.478	188.752	1.454279	0.7037905	1.27603
17520	-1035.744	-1224.487	188.7428	1.532913	0.6281922	1.302597
17526	-1033.065	-1221.353	188.2877	1.529957	1.314248	1.075669
17532	-1032.479	-1220.644	188.1655	1.260072	1.112848	1.537458
17538	-1037.128	-1225.738	188.6109	1.170732	0.8768721	1.448358
17544	-1027.795	-1216.908	189.1127	1.365129	0.7856667	0.9324
17550	-1022.422	-1211.379	188.9574	1.501199	0.6572982	1.111875
17556	-1033.094	-1221.907	188.8131	1.197522	0.6572982	1.478316
17562	-1040.348	-1229.216	188.8675	1.513734	0.5642402	1.292778
17568	-1034.871	-1223.543	188.6719	1.194367	0.9340304	1.334202
17574	-1051.315	-1239.486	188.1706	1.209218	0.9340304	1.698021
17580	-1052.466	-1240.492	188.0261	1.237681	1.276838	1.551
17586	-1035.087	-1223.8	188.7137	1.501319	0.8446343	1.12208
17592	-1052.235	-1241.124	188.8884	1.422038	0.7015535	1.190856
17598	-1058.557	-1247.363	188.8053	1.258512	1.04168	1.071374
17604	-1054.897	-1243.298	188.4005	1.348942	0.8690058	1.479455
17610	-1047.69	-1236.112	188.4227	1.356643	0.8423773	1.479455
17616	-1045.269	-1234.371	189.102	1.513371	0.516849	1.157655
17622	-1045.092	-1233.948	188.8553	1.538601	0.6017465	1.236252
17628	-1039.843	-1228.266	188.4228	1.538601	0.8686819	1.314521
17634	-1033.652	-1222.623	188.9708	1.525775	0.5841444	1.170537
17640	-1037.501	-1226.539	189.038	1.757752	0.6541691	0.7457001
17646	-1035.522	-1224.646	189.1249	1.652393	0.6010838	0.8685898
17652	-1035.947	-1224.854	188.9076	1.668458	0.6010838	1.076527
17658	-1037.839	-1226.935	189.0961	1.543703	0.4820863	1.186484
17664	-1039.896	-1228.832	188.9356	1.434187	0.6487954	1.200437
17670	-1038.11	-1226.704	188.5939	1.579996	1.134934	0.8663864
17676	-1032.924	-1221.47	188.5459	1.287813	0.9067072	1.38302
17682	-1033.557	-1221.943	188.3862	1.388251	0.4203931	1.912723
17688	-1025.672	-1214.31	188.6376	1.464916	0.7004925	1.362983
17694	-1026.587	-1214.882	188.2949	1.319826	0.9438537	1.520011
17700	-1031.805	-1220.165	188.3595	1.039584	0.9438537	1.677001
17706	-1032.165	-1220.307	188.1422	1.313463	0.7315738	1.807759
17712	-1037.103	-1225.131	188.0278	1.153227	1.260357	1.621447
17718	-1045.547	-1234.054	188.5076	1.132781	0.8701051	1.559804
17724	-1044.716	-1232.96	188.2447	1.365403	0.8976753	1.559804
17730	-1051.212	-1238.466	187.2545	1.049783	1.375885	2.15527
17736	-1046.311	-1234.251	187.94	0.9609547	1.066438	1.937013
17742	-1047.298	-1234.831	187.5329	0.9629107	0.9233673	2.296633
17748	-1044.362	-1231.544	187.1825	0.8286513	0.9233673	2.601226
17754	-1048.959	-1236.942	187.983	1.228392	1.20686	1.632497
17760	-1044.812	-1233.182	188.3695	1.110561	0.7991194	1.733291
17766	-1046.115	-1234.108	187.9933	1.188569	1.009835	1.782567
17772	-1036.11	-1224.473	188.3634	1.029343	0.8626963	1.743358
17778	-1037.917	-1226.3	188.3823	1.299523	1.066707	1.375154
17784	-1039.026	-1227.842	188.8158	1.331065	0.8546615	1.17241
17790	-1030.519	-1219.052	188.5325	1.178471	0.6695719	1.685369
17796	-1045.941	-1234.65	188.7092	1.281724	0.6695719	1.480635
17802	-1039.903	-1228.577	188.6733	1.277987	0.7064093	1.473889
17808	-1035.908	-1223.703	187.7956	1.147097	0.8916979	2.028034
17814	-1037.825	-1225.888	188.0631	1.058697	1.044271	1.800781
17820	-1037.786	-1225.46	187.6742	1.031075	0.6565263	2.36681
17826	-1035.555	-1224.033	188.4785	1.128505	0.6565263	1.770924
17832	-1035.896	-1224.48	188.5838	1.164077	0.5950061	1.733089
17838	-1038.905	-1227.052	188.1466	1.251664	0.6394838	1.930032
17844	-1031.477	-1219.693	188.2156	1.152758	0.9000328	1.731721
17850	-1043.012	-1231.836	188.8234	1.390711	0.6870763	1.287485
17856	-1047.514	-1236.428	188.914	1.212841	0.8506983	1.193671
17862	-1039.064	-1228.064	189.0006	1.293917	0.7113551	1.193671
17868	-1035.318	-1224.099	188.7805	1.32626	0.9227325	1.142324
17874	-1032.382	-1221.028	188.6456	1.333956	0.6408648	1.518511
17880	-1037.728	-1226.253	188.525	1.146603	1.086039	1.368804
17886	-1034.314	-1222.552	188.2385	1.163191	0.7583657	1.821979
17892	-1047.259	-1235.139	187.8797	1.039335	1.35185	1.754481
17898	-1032.093	-1219.647	187.5546	0.8142789	1.036496	2.304315
17904	-1032.397	-1220.205	187.8082	0.9037169	0.7324565	2.299324
17910	-1059.801	-1247.747	187.9459	1.151369	1.035967	1.823324
17916	-1060.066	-1248.546	188.4796	1.143134	1.035967	1.443934
17922	-1054.784	-1241.592	186.808	0.8007502	1.041595	2.774762
17928	-1039.412	-1226.154	186.7425	0.8095681	1.014515	2.825421
17934	-1049.351	-1236.031	186.6806	0.8001389	1.022198	2.864128
17940	-1049.432	-1236.765	187.3326	0.7829599	1.022198	2.473352
17946	-1052.399	-1240.648	188.2492	0.9381661	0.7133312	2.005364
17952	-1050.671	-1238.761	188.0907	1.192068	0.7133312	1.941484
17958	-1045.258	-1233.548	188.2908	1.134352	0.9273581	1.670741
17964	-1042.673	-1230.988	188.3156	1.346738	0.7864351	1.614073
17970	-1043.493	-1232.135	188.642	1.359579	0.8216454	1.325085
17976	-1043.866	-1232.254	188.388	1.345929	1.078249	1.325085
17982	-1042.474	-1231.391	188.917	1.433271	0.752446	1.098228
17988	-1036.322	-1225.323	189.0012	1.641544	0.752446	0.7825227
17994	-1035.823	-1224.367	188.5446	1.729378	1.096666	0.7840179
18000	-1044.151	-1233.008	188.8571	1.729378	0.8086372	0.7666489
18006	-1047.708	-1236.266	188.5579	1.723968	1.161171	0.677975
18012	-1051.649	-1240.124	188.4746	1.90415	1.083157	0.6231787
18018	-1040.138	-1228.744	188.6063	1.723533	1.083157	0.7195445
18024	-1043.758	-1232.286	188.5281	1.723013	1.220308	0.6335077
18030	-1040.673	-1229.385	188.7124	1.749906	0.9268021	0.7559012
18036	-1035.524	-1224.321	188.7975	1.749906	0.9055303	0.6467499
18042	-1045.492	-1234.177	188.6847	1.624691	1.100418	0.7264493
18048	-1050.969	-1239.179	188.2101	1.576068	1.687443	0.8157415
18054	-1050.512	-1239.292	188.7802	1.465085	0.8407025	1.098604
18060	-1048.038	-1237.259	189.2212	1.371236	0.5084261	1.189528
18066	-1042.99	-1231.278	188.2876	1.168544	0.9072543	1.663982
18072	-1045.686	-1233.913	188.2277	1.177439	1.218873	1.482111
18078	-1043.798	-1232.062	188.2642	1.098683	0.6205604	1.971714
18084	-1037.04	-1225.045	188.0048	1.108028	0.7182163	2.05067
18090	-1048.536	-1236.321	187.7851	0.9346366	0.6811012	2.33666
18096	-1051.575	-1239.723	188.1478	0.9346366	0.7498702	2.044417
18102	-1050.717	-1238.533	187.8162	0.793258	1.097761	2.111045
18108	-1050.724	-1237.584	186.8599	0.8916991	0.9288525	2.757231
18114	-1039.819	-1226.646	186.8271	0.8122446	1.03971	2.757231
18120	-1055.662	-1243.521	187.8593	1.255742	0.8082771	1.975976
18126	-1066.527	-1253.911	187.3839	1.039713	1.076931	2.244359
18132	-1062.611	-1249.983	187.3723	0.8030537	1.292068	2.281939
18138	-1064.529	-1251.951	187.4221	1.031487	1.537393	1.976622
18144	-1061.571	-1249.937	188.3662	1.251265	0.7101048	1.713848
18150	-1046.293	-1234.528	188.2351	1.177223	0.9659341	1.651161
18156	-1050.544	-1239.057	188.513	1.237062	0.8044138	1.534148
18162	-1045.969	-1234.568	188.5991	1.221308	0.9701401	1.340922
18168	-1057.42	-1246.189	188.7688	1.431941	0.9430676	1.035575
18174	-1048.196	-1236.698	188.5024	1.387547	1.290252	1.025449
18180	-1055.713	-1243.92	188.2077	1.215428	0.8674669	1.718246
18186	-1044.122	-1232.54	188.4181	1.160536	0.7356966	1.718246
18192	-1050.106	-1238.744	188.6375	1.289414	1.045471	1.190904
18198	-1052.801	-1241.854	189.0532	1.289414	0.7674789	1.08825
18204	-1066	-1254.682	188.6822	1.392891	0.698909	1.386154
18210	-1031.872	-1220.64	188.7673	1.39468	0.8018838	1.211769
18216	-1042.439	-1231.396	188.9574	1.342347	0.8807076	1.003945
18222	-1042.722	-1231.381	188.6585	1.307994	0.9547843	1.234399
18228	-1044.822	-1233.286	188.4644	1.363233	0.9547843	1.347734
18234	-1045.063	-1234.158	189.0954	1.451316	0.7343568	0.9259846
18240	-1048.549	-1235.9	187.3508	0.9136488	0.9874563	2.401452
18246	-1057.307	-1244.082	186.7744	0.9419012	0.7985168	2.867192
18252	-1055.304	-1243.54	188.2364	0.9559078	1.04527	1.751024
18258	-1062.615	-1251.739	189.1244	1.518998	0.5306469	1.112824
18264	-1047.626	-1236.359	188.7336	1.572525	0.7607659	1.128977
18270	-1052.981	-1241.941	188.9604	1.501499	0.6410841	1.128977
18276	-1040.648	-1229.292	188.6433	1.484422	0.8266349	1.216385
18282	-1042.062	-1230.099	188.037	1.112527	1.095154	1.747783
18288	-1027.81	-1215.998	188.1884	1.231121	0.9939572	1.62553
18294	-1041.539	-1230.027	188.4878	1.425788	0.9939572	1.245285
18300	-1037.711	-1226.456	188.7446	1.499801	0.8558218	1.083681
18306	-1036.404	-1225.306	188.9014	1.482154	0.5753094	1.277255
18312	-1046.972	-1235.61	188.6381	1.295411	0.6659031	1.527327
18318	-1044.225	-1232.694	188.4693	1.059661	0.8658908	1.644225
18324	-1045.084	-1233.452	188.3678	1.017748	1.074671	1.593087
18330	-1048.794	-1237.737	188.9428	2.043109	0.5570936	0.6590667
18336	-1046.426	-1235.189	188.7628	1.887757	0.8375249	0.5674515
18342	-1048.422	-1237.09	188.6677	1.818704	0.983398	0.5943519
18348	-1046.227	-1235.159	188.9327	1.617278	0.6912674	0.9806827
18354	-1044.59	-1234.029	189.4385	1.594696	0.5087685	0.7128417
18360	-1049.947	-1238.802	188.8545	1.787312	0.8502643	0.5374963
18366	-1045.094	-1233.735	188.6407	1.774341	0.9597547	0.7745452
18372	-1045.83	-1234.203	188.3728	1.336813	1.241764	1.224697
18378	-1044.208	-1232.772	188.5636	1.304754	1.069097	1.221537
18384	-1040.631	-1229.846	189.2155	1.63201	0.487316	0.9853732
18390	-1027.557	-1216.624	189.0667	1.490326	0.6039413	1.090302
18396	-1037.743	-1226.715	188.9718	1.400797	0.5570029	1.30882
18402	-1039.24	-1226.865	187.6247	0.8953677	1.47781	1.961299
18408	-1031.953	-1219.915	187.9612	1.181936	1.140511	1.72297
18414	-1039.14	-1226.42	187.2796	1.119949	1.140511	2.221975
18420	-1036.424	-1223.074	186.6496	0.8591204	1.155253	2.771158
18426	-1034.988	-1222.676	187.6879	1.147539	1.248844	1.870531
18432	-1034.458	-1223.053	188.5944	1.378535	1.248844	0.9770621
18438	-1030.069	-1219.233	189.1639	1.350266	0.6407558	1.081684
18444	-1038.582	-1226.625	188.0424	1.293487	1.06633	1.634791
18450	-1035.8	-1224.27	188.4698	1.325728	1.062444	1.287362
18456	-1032.987	-1221.832	188.8456	1.449996	0.9313621	0.9523995
18462	-1030.51	-1219.391	188.881	1.395258	0.865914	1.042935
18468	-1033	-1222.156	189.1555	1.693388	0.6553399	0.648425
18474	-1029.29	-1217.957	188.6666	1.691983	1.125907	0.5597477
18480	-1032.901	-1221.811	188.9098	1.640113	0.8786121	0.6989392
18486	-1034.511	-1223.321	188.8109	1.773972	0.8843119	0.6115556
18492	-1042.508	-1231.318	188.81	1.770614	0.8452538	0.710225
18498	-1035.372	-1224.445	189.073	1.744766	0.6289531	0.7647971
18504	-1039.388	-1228.002	188.6141	1.775484	1.098845	0.517612
18510	-1024.005	-1213.014	189.0086	1.824426	0.6582863	0.6727638
18516	-1033.953	-1223.122	189.1689	1.837991	0.5609241	0.5917083
18522	-1035.775	-1224.501	188.7265	1.091742	0.9131565	1.389681
18528	-1031.957	-1220.506	188.5485	1.209681	0.6041567	1.71648
18534	-1039.972	-1228.485	188.513	1.109472	0.8700237	1.57301
18540	-1052.186	-1240.647	188.4615	1.273647	0.9228406	1.445868
18546	-1050.791	-1239.766	188.9741	1.567229	0.7128191	0.9607349
18552	-1050.369	-1238.96	188.5913	1.319391	0.6011716	1.610565
18558	-1045.234	-1233.836	188.6015	1.30383	0.4293061	1.81199
18564	-1046.434	-1235.931	189.4973	1.807202	0.3120189	0.8582664
18570	-1036.499	-1225.793	189.2942	1.773777	0.4028336	0.9125331
18576	-1044.236	-1232.919	188.6829	1.513091	0.9459469	1.037234
18582	-1039.285	-1227.745	188.4599	1.400317	1.033447	1.257169
18588	-1041.349	-1230.164	188.815	1.451218	1.055614	0.8444531
18594	-1040.182	-1228.726	188.5445	1.288833	0.9002968	1.388691
18600	-1038.701	-1226.608	187.9076	1.213664	1.196394	1.703317
18606	-1033.617	-1221.638	188.0211	1.214657	1.573377	1.400383
18612	-1031.638	-1220.912	189.2743	1.52015	0.4674054	1.070187
18618	-1031.554	-1220.283	188.7289	1.239393	1.051162	1.149973
18624	-1031.512	-1220.217	188.7043	1.208495	1.173442	1.098226
18630	-1042.73	-1231.916	189.1858	1.470657	0.6409819	0.9403822
18636	-1043.75	-1232.62	188.8694	1.515552	0.608152	1.236004
18642	-1046.083	-1235.285	189.2024	1.515552	0.4638089	1.14555
18648	-1040.308	-1229.215	188.9071	1.158205	0.7226893	1.369831
18654	-1033.562	-1222.535	188.9729	1.487352	0.6760096	1.087261
18660	-1037.159	-1226.047	188.8878	1.487352	0.8143469	1.003637
18666	-1042.043	-1230.912	188.8683	1.348691	0.7582874	1.209541
18672	-1051.008	-1239.135	188.1266	1.288248	1.312591	1.414808
18678	-1036.563	-1225.041	188.4776	1.245181	0.8196888	1.541203
18684	-1035.143	-1223.401	188.2583	1.136201	1.041596	1.609645
18690	-1038.585	-1226.955	188.3698	1.244722	0.8325325	1.609645
18696	-1030.588	-1219.286	188.698	1.295449	1.021564	1.153183
18702	-1039.574	-1227.412	187.8383	1.108223	1.021564	1.935621
18708	-1033.108	-1220.951	187.8433	1.250696	1.369624	1.620147
18714	-1038.329	-1226.533	188.2041	1.125801	1.294197	1.491064
18720	-1039.845	-1228.518	188.6736	1.275941	0.5843957	1.600183
18726	-1031.983	-1219.431	187.4486	0.9282807	0.9267256	2.370079
18732	-1037.365	-1224.575	187.2094	1.060709	1.205857	2.267956
18738	-1044.59	-1232.288	187.698	1.113223	1.288205	1.864622
18744	-1041.289	-1229.253	187.9631	1.100418	0.604126	2.184334
18750	-1043.45	-1231.191	187.7415	1.127986	0.8915318	2.076518
18756	-1040.056	-1228.539	188.4832	1.270102	1.013527	1.359573
18762	-1039.816	-1228.378	188.5617	1.27817	0.6147348	1.647555
18768	-1031.184	-1219.948	188.764	1.37004	0.5961837	1.449995
18774	-1033.755	-1222.088	188.333	1.37004	1.27033	1.209866
18780	-1031.699	-1220.091	188.3922	1.399366	1.308961	1.103751
18786	-1042.586	-1231.736	189.1499	1.467058	0.5539448	1.103751
18792	-1045.598	-1234.132	188.5342	1.31684	0.656133	1.597681
18798	-1043.574	-1232.032	188.4573	1.268336	0.5145408	1.834605
18804	-1039.602	-1227.873	188.2709	1.113712	0.700051	1.884154
18810	-1053.712	-1241.206	187.4946	1.057901	1.311468	2.025932
18816	-1047.527	-1235.06	187.5332	1.05788	0.7768853	2.341419
18822	-1042.488	-1230.125	187.6366	1.098596	0.8300693	2.208993
18828	-1047.86	-1236.178	188.3181	1.086832	1.002516	1.629857
18834	-1040.445	-1228.98	188.535	1.182372	0.7240324	1.629857
18840	-1046.888	-1234.925	188.0364	1.15427	1.235217	1.629857
18846	-1042.926	-1231.611	188.685	1.219323	0.5872586	1.629857
18852	-1050.002	-1238.582	188.5805	1.360758	0.6137254	1.575052
18858	-1051.165	-1239.97	188.8048	1.621823	0.8019745	0.9660897
18864	-1055.972	-1244.795	188.8228	1.743858	0.7873345	0.8270418
18870	-1050.024	-1238.759	188.7346	1.511423	1.130565	0.7794896
18876	-1041.399	-1230.138	188.7382	1.444209	0.7447526	1.25277
18882	-1043.288	-1231.858	188.5706	1.562425	1.071636	0.9755554
18888	-1033.427	-1222.03	188.6033	1.529767	1.071636	0.9755554
18894	-1043.31	-1231.966	188.6557	1.413628	1.078417	1.032623
18900	-1049.515	-1238.226	188.711	1.434225	0.7017908	1.327704
18906	-1049.534	-1237.641	188.1068	1.354337	1.669208	1.160681
18912	-1041.854	-1230.22	188.3661	1.320398	1.038551	1.392728
18918	-1056.802	-1244.754	187.9526	1.373172	1.787856	1.210253
18924	-1050.006	-1238.662	188.6566	1.166111	1.009709	1.307034
18930	-1047.46	-1234.962	187.5016	1.011911	1.20248	2.112112
18936	-1025.139	-1212.844	187.7049	1.033329	1.387157	1.860306
18942	-1034.662	-1223.602	188.94	1.353689	0.6913237	1.216602
18948	-1045.62	-1234.545	188.925	1.403146	0.7264853	1.147412
18954	-1045.58	-1234.295	188.7151	1.399866	0.5031556	1.572004
18960	-1051.747	-1240.618	188.8703	1.399866	0.803372	1.115296
18966	-1046.628	-1235.443	188.8149	1.495224	0.6683349	1.228551
18972	-1045.727	-1234.694	188.9666	1.417721	0.7458694	1.074242
18978	-1037.916	-1226.247	188.3305	1.173664	0.9781928	1.575565
18984	-1036.611	-1225.376	188.7649	1.527156	0.8251028	1.071821
18990	-1032.42	-1220.864	188.4437	1.430402	0.6488728	1.588159
18996	-1037.787	-1226.281	188.4942	1.417214	1.081552	1.174429
19002	-1036.955	-1225.846	188.8914	1.434969	0.6833485	1.197679
19008	-1040.618	-1229.378	188.76	1.342331	0.9322647	1.137281
19014	-1030.589	-1219.388	188.7991	1.47041	0.7376764	1.186393
19020	-1031.566	-1220.534	188.9677	1.490668	0.8118552	0.9198999
19026	-1041.707	-1230.57	188.8626	1.517722	0.83063	0.9794693
19032	-1039.152	-1227.116	187.9639	1.196222	1.060978	1.762957
19038	-1030.036	-1218.221	188.1852	1.141685	1.00772	1.682092
19044	-1043.514	-1231.464	187.9495	1.265524	0.8224318	1.89744
19050	-1039.797	-1227.732	187.9357	1.042827	1.019565	1.915337
19056	-1043.092	-1230.271	187.1792	0.917106	1.0715	2.455542
19062	-1047.646	-1235.683	188.0369	1.233724	0.6031577	2.049715
19068	-1048.704	-1235.713	187.0091	0.8110533	0.5015126	3.052574
19074	-1043.34	-1230.783	187.4431	0.9593921	0.9606233	2.331306
19080	-1042.905	-1230.421	187.516	1.192093	2.103537	1.547118
19086	-1045.591	-1233.618	188.0267	0.9941989	0.8551976	2.002875
19092	-1038.782	-1227.394	188.6121	1.059154	0.7943968	1.600691
19098	-1033.655	-1221.812	188.1567	0.9621731	1.018367	1.820308
19104	-1046.624	-1234.709	188.0844	1.034424	1.018367	1.820308
19110	-1047.872	-1236.035	188.1625	1.071805	1.000128	1.752692
19116	-1044.526	-1232.574	188.0479	1.44388	0.7398231	1.775477
19122	-1047.002	-1234.749	187.7475	0.8105596	1.242029	2.060457
19128	-1046.386	-1234.496	188.1098	1.175009	1.03655	1.691839
19134	-1045.195	-1232.86	187.6647	0.9983437	0.7104645	2.348274
19140	-1048.28	-1235.797	187.5178	1.008826	0.8223594	2.348274
19146	-1032.699	-1221.385	188.6854	1.124958	0.7248443	1.561352
19152	-1038.03	-1226.841	188.8107	1.176319	0.7826508	1.373186
19158	-1047.652	-1236.456	188.8047	1.336901	0.9732605	1.062238
19164	-1051.362	-1239.446	188.084	1.199969	0.9940175	1.722126
19170	-1041.238	-1228.95	187.7118	1.039004	0.7626181	2.250387
19176	-1037.497	-1226.176	188.6797	1.197865	0.6886539	1.546326
19182	-1036.712	-1224.472	187.76	1.227962	0.9853117	1.932048
19188	-1030.729	-1219.415	188.6859	1.315171	0.8801005	1.271954
19194	-1029.953	-1218.109	188.1562	1.307317	0.7570666	1.780282
19200	-1038.556	-1226.707	188.1503	1.224103	0.8064811	1.800955
19206	-1035.052	-1223.466	188.414	1.080723	0.708594	1.800955
19212	-1034.807	-1223.476	188.6693	1.350206	0.6549266	1.473988
19218	-1031.571	-1220.768	189.1971	1.408295	0.4204902	1.306658
19224	-1035.379	-1223.942	188.5635	1.253466	0.7987835	1.489151
19230	-1044.676	-1233.229	188.5537	1.057635	0.8783803	1.574377
19236	-1053.398	-1241.549	188.1512	1.21307	1.114481	1.58145
19242	-1055.174	-1243.48	188.3058	1.228492	1.273517	1.346366
19248	-1044.38	-1232.861	188.4809	1.374642	0.6736482	1.577198
19254	-1036.682	-1225.207	188.5248	1.280101	0.7743689	1.52002
19260	-1028.544	-1217.397	188.8528	1.443288	0.7978642	1.097551
19266	-1048.467	-1237.466	188.9994	1.500289	0.7978642	0.8922135
19272	-1052.53	-1241.307	188.7771	1.595953	0.9834595	0.7988604
19278	-1051.276	-1239.62	188.344	1.307845	0.9988327	1.449694
19284	-1058.805	-1247.504	188.6989	1.368214	0.8295398	1.264344
19290	-1050.717	-1239.484	188.7673	1.36417	0.7854639	1.253807
19296	-1039.361	-1227.693	188.3318	1.384884	1.033802	1.372718
19302	-1048.85	-1237.172	188.3225	1.312806	0.7937353	1.627317
19308	-1055.294	-1243.301	188.0071	1.136187	0.5305092	2.204866
19314	-1049.752	-1237.243	187.4914	1.029722	0.908821	2.290403
19320	-1049.295	-1237.72	188.4252	1.986755	1.070995	0.5484004
19326	-1043.204	-1232.57	189.3652	1.983876	0.3424469	0.7018114
19332	-1052.638	-1240.816	188.1786	1.398743	0.8263678	1.641591
19338	-1057.181	-1245.767	188.586	1.38697	0.7870617	1.380059
19344	-1051.938	-1240.7	188.7625	1.518242	0.6020846	1.328659
19350	-1046.46	-1235.195	188.7347	1.347849	0.9408347	1.146808
19356	-1059.88	-1248.718	188.8381	1.217241	0.9252415	1.185034
19362	-1039.835	-1228.583	188.7485	1.434635	0.8644469	1.130693
19368	-1052.611	-1241.43	188.8188	1.656435	0.5374351	1.249439
19374	-1039.567	-1228.418	188.8509	1.501904	0.5338973	1.35344
19380	-1026.316	-1214.519	188.2028	1.095719	0.7498334	1.899698
19386	-1028.535	-1216.699	188.1636	1.165898	0.9148891	1.747737
19392	-1047.796	-1236.47	188.6746	1.252523	0.9148891	1.301574
19398	-1048.907	-1237.776	188.8693	1.631596	0.8966689	0.7465969
19404	-1039.662	-1228.4	188.7379	1.379583	0.8966689	1.157565
19410	-1030.075	-1218.958	188.8831	1.464652	0.5765496	1.304979
19416	-1051.538	-1240.024	188.4856	1.235819	0.690772	1.657805
19422	-1049.589	-1238.517	188.9272	1.327048	0.4504638	1.535685
19428	-1043.499	-1232.205	188.7051	1.311419	0.5986313	1.535685
19434	-1040.519	-1228.995	188.4761	1.457799	0.8477383	1.355294
19440	-1048.209	-1237.043	188.8333	1.623419	0.9672559	0.6972935
19446	-1031.358	-1220.175	188.8163	1.713081	0.9159482	0.6613376
19452	-1021.341	-1209.859	188.5176	1.506104	0.709354	1.415635
19458	-1026.436	-1214.83	188.3935	1.201642	0.5970109	1.837185
19464	-1036.509	-1223.658	187.1484	0.9566417	0.5290971	2.854176
19470	-1034.497	-1222.363	187.8659	0.886792	0.5290971	2.455035
19476	-1042.402	-1229.792	187.3905	1.061342	1.239055	2.131865
19482	-1047.648	-1235.885	188.2374	1.073123	0.8528371	1.8083
19488	-1053.168	-1240.758	187.5894	1.124541	0.8528371	2.205987
19494	-1040.136	-1227.193	187.0569	0.8440488	0.6298282	2.886713
19500	-1039.242	-1226.486	187.2442	0.8766465	1.034058	2.462737
19506	-1056.84	-1243.536	186.6955	0.9058451	1.133063	2.726815
19512	-1041.919	-1228.768	186.8488	1.003998	1.068338	2.60916
19518	-1051.054	-1239.039	187.9849	1.063144	1.063432	1.838918
19524	-1063.391	-1252.139	188.7488	1.334796	0.4097109	1.713119
19530	-1050.146	-1238.086	187.9393	1.235284	0.9056497	1.861727
19536	-1045.005	-1232.837	187.8321	1.283164	0.552088	2.201186
19542	-1022.733	-1211.288	188.5545	1.303547	0.771676	1.48266
19548	-1044.882	-1233.249	188.3675	1.191281	1.056149	1.477685
19554	-1034.568	-1223.241	188.6731	1.225565	0.8283035	1.400348
19560	-1038.137	-1227.099	188.9617	1.41259	0.7187105	1.114941
19566	-1037.38	-1225.355	187.9744	1.200387	0.862528	1.893829
19572	-1030.686	-1218.619	187.9328	0.9368098	1.083413	1.947286
19578	-1032.123	-1220.361	188.2372	0.9368098	0.6993536	2.026238
19584	-1035.016	-1222.583	187.5666	0.9690239	1.054677	2.185687
19590	-1034.046	-1221.873	187.8273	0.9451622	1.054677	2.030484
19596	-1045.444	-1233.484	188.0402	1.045582	0.860716	1.955356
19602	-1041.524	-1229.825	188.3011	1.132098	0.6172366	1.927611
19608	-1047.823	-1235.277	187.4536	1.049663	1.024848	2.225347
19614	-1045.195	-1233.473	188.2787	2.079283	1.074435	0.3518056
19620	-1050.017	-1237.48	187.4637	0.9031798	1.256122	2.177814
19626	-1034.622	-1222.805	188.1824	1.014264	0.8355325	1.899701
19632	-1030.423	-1218.527	188.1034	0.9755894	0.7948714	2.010568
19638	-1028.025	-1216.148	188.1235	0.8857554	0.7878175	2.062345
19644	-1026.351	-1214.453	188.1023	0.9613907	0.8139705	2.005758
19650	-1051.007	-1237.955	186.9483	0.9777099	0.8488753	2.703967
19656	-1046.398	-1234.465	188.0676	1.116855	0.6271446	2.083925
19662	-1044.793	-1232.949	188.156	1.290384	0.6271446	1.909195
19668	-1047.484	-1235.918	188.4341	0.973196	0.7870869	1.79404
19674	-1050.914	-1238.91	187.9962	1.053759	0.7336176	2.079281
19680	-1043.455	-1232.236	188.7806	1.69931	0.6896775	1.051792
19686	-1050.637	-1239.397	188.7599	1.573633	0.6275362	1.255958
19692	-1032.426	-1221.496	189.0707	1.596566	0.6077773	0.9781652
19698	-1031.662	-1220.735	189.073	1.454398	0.6414781	1.068421
19704	-1027.961	-1216.818	188.8573	1.445352	0.7980739	1.091285
19710	-1038.146	-1227.248	189.1024	1.228653	0.738284	1.131597
19716	-1040.431	-1229.398	188.9664	1.215134	0.5224196	1.49941
19722	-1026.222	-1215.211	188.9891	1.535539	0.6997499	0.9951544
19728	-1032.839	-1221.765	188.9263	1.451441	0.8526338	0.9562313
19734	-1043.811	-1232.759	188.9479	1.62271	0.8370815	0.7413213
19740	-1035.987	-1224.604	188.6177	1.488308	0.6316628	1.432571
19746	-1049.833	-1237.917	188.0837	0.8848042	1.255525	1.774944
19752	-1036.668	-1224.919	188.2505	1.178004	0.8979704	1.690744
19758	-1034.256	-1222.462	188.2058	1.01389	0.7305716	1.969067
19764	-1040.02	-1226.874	186.8534	0.9115886	0.6633976	2.940845
19770	-1051.59	-1238.307	186.7165	0.886843	0.756439	2.965991
19776	-1044.685	-1232.255	187.5698	0.9346678	1.120002	2.166116
19782	-1039.778	-1227.277	187.4991	1.00539	1.120002	2.166116
19788	-1033.651	-1220.909	187.2584	1.129934	0.6426262	2.577452
19794	-1038.088	-1225.584	187.496	1.148693	1.379358	1.927967
19800	-1039.017	-1226.685	187.668	1.149844	1.059358	1.99731
19806	-1035.082	-1222.926	187.8436	1.010429	1.135865	1.925147
19812	-1042.497	-1231.349	188.8518	1.431054	0.7110326	1.204019
19818	-1055.342	-1243.913	188.5704	1.309955	1.077923	1.204174
19824	-1052.665	-1241.326	188.661	1.053101	0.5401835	1.814397
19830	-1043.375	-1231.476	188.1015	1.226428	0.8500244	1.798459
19836	-1031.061	-1219.056	187.9951	1.022302	1.160144	1.798459
19842	-1042.767	-1230.56	187.7929	0.9621591	1.160144	1.976965
19848	-1036.063	-1223.263	187.1999	1.031518	1.671547	2.062124
19854	-1038.304	-1226.83	188.526	1.347419	0.7729116	1.469859
19860	-1048.44	-1237.576	189.1363	1.516116	0.7310311	0.8054936
19866	-1048.119	-1237.397	189.2777	1.872226	0.3370328	0.9679782
19872	-1043.215	-1232.554	189.3391	1.723346	0.3370328	1.054512
19878	-1043.319	-1232.272	188.9531	1.749892	0.6451731	0.8823864
19884	-1034.28	-1223.351	189.0711	1.743077	0.6597132	0.7038086
19890	-1037.775	-1226.643	188.8687	1.783899	0.7898207	0.6972618
19896	-1047.391	-1236.21	188.819	1.783899	0.8672138	0.6138753
19902	-1034.526	-1223.538	189.0114	1.826691	0.6533374	0.6761475
19908	-1037.598	-1226.808	189.2099	1.758242	0.5231702	0.7764494
19914	-1040.475	-1229.688	189.2131	1.843716	0.5231702	0.6180928
19920	-1037.764	-1226.882	189.118	1.843716	0.5945414	0.5741689
19926	-1042.305	-1231.438	189.1326	1.803212	0.6087649	0.5926364
19932	-1040.799	-1229.687	188.8884	1.929316	0.696996	0.5834387
19938	-1043.034	-1231.759	188.7249	2.091275	0.696996	0.5884834
19944	-1050.811	-1239.514	188.7029	1.957186	0.8351848	0.5278934
19950	-1060.732	-1249.342	188.6102	1.369211	1.124703	1.077173
19956	-1056.819	-1244.905	188.0861	1.118341	0.7919199	1.928836
19962	-1053.261	-1241.9	188.6394	2.207565	0.6220245	0.3209688
19968	-1042.428	-1230.721	188.2929	2.085169	1.022494	0.3209688
19974	-1046.235	-1234.864	188.6288	2.132126	0.6941503	0.3324518
19980	-1053.581	-1242.268	188.6874	1.277175	1.167012	1.055215
19986	-1054.197	-1242.776	188.5793	1.469727	0.9587084	1.15999
19992	-1055.081	-1243.647	188.566	1.589776	0.9408937	1.08028
19998	-1028.898	-1217.574	188.6758	1.701616	0.9713201	0.8094529
20004	-1023.592	-1212.858	189.2656	1.580708	0.617527	0.7465969
20010	-1035.03	-1223.893	188.8635	1.525908	0.8756276	0.9161579
20016	-1032.55	-1221.545	188.9945	1.568075	0.7148831	0.9355292
20022	-1038.939	-1227.662	188.7233	1.556035	0.9528891	0.9458506
20028	-1039.297	-1228.349	189.0521	1.597133	0.6050623	1.00029
20034	-1036.508	-1225.244	188.7357	1.431571	1.030082	0.9815067
20040	-1035.454	-1224.311	188.8578	1.449843	0.7503925	1.139089
20046	-1034.855	-1223.516	188.6608	1.799354	0.8061663	0.9252593
20052	-1036.651	-1225.761	189.1093	1.736284	0.6545597	0.6578474
20058	-1035.012	-1223.671	188.6594	1.627734	0.9329567	0.9595654
20064	-1044.351	-1233.014	188.6628	1.782073	1.009779	0.6350019
20070	-1042.862	-1231.336	188.4738	1.786185	1.20938	0.6350019
20076	-1047.705	-1236.607	188.9013	1.701352	0.8723785	0.5983071
20082	-1054.544	-1242.272	187.7278	1.109861	0.9197757	2.077448
20088	-1058.599	-1246.723	188.1248	1.346229	1.098009	1.513879
20094	-1043.503	-1232.192	188.6889	1.576158	1.104907	0.7857433
20100	-1032.32	-1220.943	188.6231	1.600637	1.089915	0.8565229
20106	-1041.651	-1230.583	188.9323	1.670472	0.7857359	0.7818633
20112	-1046.862	-1235.02	188.1588	1.441154	1.800556	0.9459456
20118	-1043.009	-1231.248	188.239	1.267016	1.292719	1.356178
20124	-1033.043	-1221.392	188.3492	1.115778	0.812701	1.732743
20130	-1037.35	-1225.996	188.6458	1.49896	0.5224649	1.52684
20136	-1039.124	-1228.267	189.1436	1.430071	0.5947298	1.087341
20142	-1032.212	-1220.777	188.5653	1.514633	0.8606117	1.22417
20148	-1047.645	-1236.564	188.9186	1.662898	0.8256924	0.7446343
20154	-1033.483	-1222.659	189.1762	1.657855	0.4481084	1.064806
20160	-1035.249	-1224.415	189.1655	1.632541	0.375664	1.21895
20166	-1042.927	-1231.823	188.8957	1.398849	0.7132632	1.19146
20172	-1046.547	-1235.431	188.8838	1.253169	0.4240585	1.656025
20178	-1046.596	-1235.176	188.5795	1.206908	0.9636046	1.373164
20184	-1045.757	-1233.82	188.0633	0.8459921	1.023755	1.95919
20190	-1046.521	-1235.208	188.6872	1.240399	0.8793776	1.332233
20196	-1048.693	-1237.696	189.0028	1.476983	0.3917655	1.448351
20202	-1044.716	-1232.836	188.1198	1.223522	0.8550639	1.783806
20208	-1058.302	-1246.715	188.4138	1.149549	0.6751318	1.783806
20214	-1050.798	-1239.166	188.368	1.313177	0.9078966	1.498839
20220	-1053.431	-1242.841	189.4105	1.275811	0.5802411	0.9997083
20226	-1042.833	-1232.064	189.2311	1.602001	0.5780668	0.8421319
20232	-1051.257	-1240.681	189.4246	1.674726	0.3266669	1.040882
20238	-1059.088	-1248.309	189.2211	1.643983	0.5412037	0.8714428
20244	-1052.431	-1240.23	187.7989	0.8824071	1.086886	2.070482
20250	-1053.43	-1241.168	187.7383	1.224896	1.297018	1.75464
20256	-1059.889	-1248.065	188.1756	1.250342	1.424579	1.336757
20262	-1042.236	-1230.062	187.8254	1.011497	1.09122	1.964327
20268	-1043.506	-1232.136	188.6291	1.302728	0.6283696	1.566791
20274	-1045.952	-1234.723	188.7711	1.263828	0.749322	1.367444
20280	-1056.079	-1244.636	188.5575	1.418011	0.5340233	1.637125
20286	-1035.623	-1224.146	188.5223	1.452028	0.9543871	1.228127
20292	-1053.22	-1240.944	187.7244	1.287583	1.512344	1.601241
20298	-1056.574	-1244.788	188.2149	1.301291	1.656215	1.119573
20304	-1047.039	-1235.306	188.2674	1.376574	1.476292	1.119573
20310	-1040.725	-1228.23	187.5055	1.167924	0.7645404	2.298504
20316	-1028.947	-1216.951	188.0046	1.084952	1.302031	1.662363
20322	-1031.706	-1219.858	188.1526	1.319673	0.8943848	1.662363
20328	-1050.526	-1238.913	188.3869	1.23007	0.7684433	1.662363
20334	-1049.448	-1237.988	188.5401	1.355036	0.5554518	1.67079
20340	-1050.023	-1238.354	188.3314	1.227496	0.7317878	1.735647
20346	-1035.094	-1223.732	188.6379	1.100922	0.8230148	1.526409
20352	-1033.857	-1221.889	188.0326	1.014614	0.8230148	2.009794
20358	-1034.882	-1223.347	188.4653	1.382538	1.139695	1.183035
20364	-1033.493	-1222.419	188.9267	1.496311	0.8049768	0.9661272
20370	-1045.874	-1234.645	188.7716	1.488191	0.9238604	0.9973351
20376	-1049.656	-1238.096	188.4403	1.489618	1.067635	1.169841
20382	-1047.064	-1235.308	188.2441	1.394265	1.443908	1.146344
20388	-1053.958	-1242.566	188.6085	1.186229	0.7695793	1.531905
20394	-1050.932	-1239.663	188.7307	1.489233	0.968865	0.9901898
20400	-1047.892	-1236.286	188.394	1.090455	0.6936767	1.82142
20406	-1046.344	-1234.98	188.6352	1.113007	0.7824474	1.554796
20412	-1049.19	-1237.552	188.3614	1.586333	1.342727	0.9222381
20418	-1047.112	-1235.868	188.7555	1.3956	0.9548725	1.071099
20424	-1049.65	-1238.174	188.5244	1.347858	1.196827	1.116405
20430	-1053.467	-1242.451	188.984	1.371399	0.7974093	1.042406
20436	-1051.915	-1240.591	188.6758	1.265774	1.221548	1.031514
20442	-1049.98	-1238.869	188.8895	1.606226	0.8756704	0.7869945
20448	-1048.285	-1237.284	188.9985	1.643898	0.7722176	0.7481147
20454	-1042.144	-1231.248	189.105	1.460175	0.6312711	1.046085
20460	-1036.024	-1224.988	188.9637	1.350886	0.6802152	1.211262
20466	-1036.508	-1224.709	188.2008	1.205317	0.5632373	1.999068
20472	-1034.922	-1223.538	188.6163	1.337812	0.9661367	1.234965
20478	-1040.316	-1228.572	188.2555	1.26366	1.182958	1.418933
20484	-1043.522	-1232.202	188.6796	1.897882	0.9030001	0.4364878
20490	-1046.585	-1235.872	189.2868	1.840928	0.4717701	0.6518672
20496	-1037.902	-1227.069	189.1665	1.789279	0.6005354	0.5622171
20502	-1052.767	-1241.772	189.0053	1.683102	0.7855058	0.6356647
20508	-1046.69	-1235.45	188.7597	1.787185	0.9294393	0.5786546
20514	-1048.674	-1237.454	188.7795	1.76302	0.9380245	0.5592494
20520	-1045.553	-1234.548	188.9952	1.690525	0.5606554	1.029362
20526	-1051.511	-1240.356	188.8447	1.89499	0.720229	0.6948686
20532	-1053.856	-1242.525	188.6689	1.89499	0.9172261	0.5618964
20538	-1055.655	-1244.048	188.3923	2.170598	0.9224511	0.4647533
20544	-1057.225	-1245.975	188.7498	2.055583	0.6961925	0.3946537
20550	-1050.34	-1239.438	189.0983	2.055583	0.4594939	0.3811476
20556	-1048.256	-1237.344	189.0878	2.018322	0.5069652	0.5238194
20562	-1042.197	-1231.15	188.9533	1.45031	0.8884065	0.8843887
20568	-1041.706	-1230.492	188.7855	1.374773	0.7561457	1.259414
20574	-1048.959	-1237.69	188.7305	1.573603	0.9000157	0.9783248
20580	-1048.156	-1236.955	188.7984	1.456108	0.7215919	1.216667
20586	-1043.221	-1232.261	189.0399	1.438907	0.730268	1.001872
20592	-1045.541	-1234.198	188.6573	1.633729	1.040065	0.8322966
20598	-1057.799	-1246.453	188.6542	1.58218	1.040065	0.89712
20604	-1063.748	-1252.908	189.16	1.708107	0.6335697	0.6709528
20610	-1048.286	-1236.131	187.845	1.12398	0.6118872	2.238215
20616	-1042.507	-1231.532	189.0254	1.356086	0.63019	1.212511
20622	-1036.277	-1224.745	188.4681	1.327224	0.8547581	1.4567
20628	-1036.388	-1224.928	188.5396	1.231563	0.9447869	1.400291
20634	-1026.814	-1215.001	188.1871	1.252236	0.7806023	1.777248
20640	-1036.618	-1224.826	188.2081	1.119725	0.8082145	1.831686
20646	-1025.305	-1213.297	187.9924	1.042041	0.9539092	1.92237
20652	-1026.797	-1214.6	187.8031	1.041252	0.9539092	2.049389
20658	-1039.761	-1227.527	187.7662	1.045415	1.143474	1.949075
20664	-1063.365	-1251.592	188.2274	1.212477	1.616819	1.210104
20670	-1055.327	-1243.921	188.5938	1.279411	1.025124	1.253131
20676	-1039.617	-1228.41	188.7934	1.592155	0.8800649	0.9149963
20682	-1035.282	-1224.185	188.9036	1.66303	0.6801104	0.9787279
20688	-1046.801	-1235.308	188.5078	1.510832	1.348337	0.8346529
20694	-1070.793	-1259.212	188.419	1.334815	1.12113	1.276513
20700	-1042.715	-1230.423	187.7075	1.158094	1.252971	1.847548
20706	-1044.722	-1232.077	187.3544	0.9861617	1.252971	2.196555
20712	-1038.187	-1226.052	187.8642	1.094129	0.7649159	2.114006
20718	-1037.978	-1226.114	188.1358	1.01913	1.046936	1.776019
20724	-1037.463	-1226.128	188.6656	1.358004	0.8387707	1.291406
20730	-1053.14	-1241.879	188.7394	1.588768	0.9771964	0.8632448
20736	-1048.679	-1237.185	188.5067	1.324421	1.084654	1.240528
20742	-1035.598	-1223.54	187.9421	1.219204	1.428807	1.537335
20748	-1056.65	-1245.272	188.6217	1.290059	0.870227	1.352898
20754	-1050.383	-1238.89	188.5067	1.329566	1.281485	1.083414
20760	-1048.403	-1236.64	188.2374	1.560616	1.391874	1.035776
20766	-1036.035	-1224.618	188.5831	1.563289	1.160051	0.8721174
20772	-1033.637	-1222.072	188.4348	1.187257	1.126058	1.378609
20778	-1043.443	-1232.026	188.5835	1.269901	0.9417874	1.337965
20784	-1027.456	-1215.7	188.2438	1.115135	1.096933	1.597191
20790	-1037.898	-1226.387	188.4892	1.123524	0.8265376	1.615921
20796	-1029.746	-1218.786	189.0395	1.247676	0.5645978	1.367717
20802	-1029.84	-1217.161	187.3202	0.9918269	1.062718	2.324431
20808	-1027.434	-1215.213	187.7781	1.146892	0.6821302	2.204124
20814	-1029.24	-1217.399	188.1588	0.9532226	0.8866247	1.918324
20820	-1032.777	-1221.115	188.3382	1.071534	0.6220793	1.938788
20826	-1028.564	-1216.332	187.7672	1.044005	1.160888	1.938788
20832	-1048.795	-1237.433	188.6383	1.379056	0.9141923	1.227498
20838	-1043.328	-1232.336	189.0087	1.351578	0.7377682	1.105797
20844	-1050.807	-1239.644	188.8363	1.243021	0.9883806	1.105797
20850	-1032.006	-1220.711	188.7054	1.342271	0.981644	1.140501
20856	-1038.894	-1227.541	188.6473	1.368374	0.7811864	1.351962
20862	-1033.587	-1222	188.4129	1.253387	0.6657151	1.720661
20868	-1038.278	-1226.209	187.931	1.068937	1.19725	1.787879
20874	-1027.805	-1215.332	187.5275	1.076481	1.242318	2.02994
20880	-1032.091	-1220.038	187.9475	1.169381	0.9646124	1.858804
20886	-1037.292	-1225.658	188.3658	1.135929	0.9303071	1.613464
20892	-1037.674	-1226.365	188.691	1.124274	0.6675237	1.612505
20898	-1044.327	-1232.356	188.0287	1.302387	1.197047	1.55145
20904	-1039.304	-1227.594	188.29	1.200112	1.330333	1.34451
20910	-1032.265	-1220.642	188.3766	1.355495	1.314727	1.152968
20916	-1032.546	-1221.733	189.1866	1.558442	0.3435158	1.317693
20922	-1039.446	-1228.159	188.7125	1.529532	0.6339484	1.323281
20928	-1047.674	-1236.557	188.883	1.653527	0.6339484	1.069717
20934	-1040.793	-1229.628	188.835	1.653527	0.818568	0.8771023
20940	-1033.578	-1222.704	189.1261	1.508523	0.6996578	0.8770515
20946	-1041.078	-1230.112	189.0335	1.470172	0.7169543	0.9938766
20952	-1036.21	-1224.909	188.6992	1.341739	0.676231	1.435779
20958	-1041.114	-1229.718	188.6038	1.358977	0.5767643	1.59882
20964	-1042.478	-1230.883	188.4058	0.9627004	0.8803759	1.746625
20970	-1047.356	-1235.496	188.1401	1.15528	0.8485563	1.822072
20976	-1051.91	-1240.085	188.1743	1.169093	1.236057	1.517397
20982	-1035.547	-1224.379	188.8315	1.155358	0.7614219	1.393483
20988	-1036.603	-1224.551	187.9485	1.192884	1.34616	1.599308
20994	-1044.257	-1232.768	188.5105	1.039045	0.5293408	1.938226
21000	-1064.836	-1253.534	188.6975	1.186238	0.7991051	1.438151
21006	-1050.747	-1239.579	188.8323	1.244615	0.6473726	1.438151
21012	-1050.601	-1238.953	188.3519	1.201636	0.6473726	1.816672
21018	-1053.822	-1242.01	188.1878	1.060035	0.7391437	1.942962
21024	-1052.351	-1239.645	187.2938	1.003712	0.8872008	2.446951
21030	-1051.633	-1240.257	188.6236	1.393601	0.9021587	1.238511
21036	-1048.528	-1235.379	186.8508	1.2141	1.749633	2.137442
21042	-1040.328	-1228.321	187.9928	1.278328	1.014403	1.716907
21048	-1035.379	-1223.559	188.1793	1.110654	0.9954437	1.716907
21054	-1024.54	-1212.703	188.1627	1.053002	1.127585	1.679928
21060	-1027.875	-1216.075	188.2003	0.9450696	0.6378416	2.099793
21066	-1042.943	-1229.837	186.8938	1.024678	1.635808	2.281239
21072	-1047.948	-1236.868	188.9199	1.648312	0.5545605	1.146764
21078	-1044.582	-1233.573	188.9913	1.623345	0.5449132	1.118579
21084	-1025.985	-1215.165	189.18	1.491326	0.5009001	1.131044
21090	-1028.561	-1217.571	189.0097	1.574164	0.7205184	0.9043267
21096	-1033.103	-1221.739	188.6353	1.658248	0.8375304	1.056952
21102	-1043.995	-1232.643	188.6483	1.298994	0.9650713	1.24161
21108	-1048.378	-1236.779	188.4003	1.340169	0.7541648	1.585729
21114	-1048.367	-1237.054	188.6878	1.340328	0.7541648	1.368059
21120	-1030.034	-1218.898	188.8649	1.27727	0.7541648	1.27639
21126	-1029.454	-1218.222	188.768	1.43458	0.7541648	1.226087
21132	-1031.89	-1220.345	188.4549	1.365742	1.120714	1.221133
21138	-1039.213	-1227.975	188.7623	1.36232	0.6529016	1.395486
21144	-1038.603	-1226.498	187.8956	1.123885	0.7318654	2.100712
21150	-1026.674	-1214.619	187.9447	0.9146222	0.8018678	2.14974
21156	-1034.964	-1222.722	187.7571	1.128968	0.864857	2.084979
21162	-1028.372	-1216.611	188.2395	1.506657	0.9680567	1.401058
21168	-1038.13	-1227.148	189.018	1.581693	0.4497444	1.267784
21174	-1035.705	-1225.065	189.3599	1.726629	0.5050253	0.6171198
21180	-1046.551	-1235.561	189.0104	1.742548	0.7450063	0.595227
21186	-1041.948	-1230.171	188.223	1.67974	1.468918	0.8625618
21192	-1045.685	-1234.908	189.2228	1.631188	0.6218822	0.7248137
21198	-1044.131	-1232.884	188.7537	1.630486	0.8643857	0.9353967
21204	-1031.348	-1220.221	188.8724	1.581908	0.8643857	0.8559305
21210	-1024.206	-1212.698	188.492	1.601993	1.365701	0.7072901
21216	-1040.19	-1228.638	188.448	1.562976	1.365701	0.8269728
21222	-1038.759	-1227.49	188.7313	1.417296	0.7964489	1.228538
21228	-1034.865	-1223.192	188.3268	1.209691	1.010765	1.527577
21234	-1032.558	-1220.471	187.9135	0.9009524	0.8259618	2.160666
21240	-1036.435	-1223.796	187.3611	0.8926405	1.349846	2.201405
21246	-1037.295	-1225.674	188.3785	1.096152	0.9494628	1.618541
21252	-1044.848	-1231.925	187.077	1.018957	0.7394551	2.679379
21258	-1060.417	-1248.043	187.6255	1.028042	1.00259	2.142191
21264	-1028.434	-1216.484	188.05	1.119059	1.02106	1.783742
21270	-1042.623	-1229.617	186.9943	0.9932887	1.384404	2.354444
21276	-1041.944	-1229.31	187.3668	1.148715	0.8235964	2.354444
21282	-1043.902	-1232.184	188.2819	0.8884069	0.8235964	1.926825
21288	-1046.22	-1234.1	187.8792	0.9017044	0.8470271	2.166831
21294	-1035.332	-1224.365	189.033	1.533531	0.6474288	1.022996
21300	-1048.023	-1236.364	188.3415	1.383599	1.229878	1.220183
21306	-1038.967	-1226.793	187.8258	1.247043	1.149184	1.766735
21312	-1048.407	-1236.663	188.2559	1.097662	1.025284	1.650644
21318	-1041.276	-1229.703	188.4277	1.15719	1.025284	1.480636
21324	-1036.514	-1224.539	188.0243	1.180682	0.8617771	1.873833
21330	-1040.323	-1228.456	188.1328	1.430561	1.681375	1.060209
21336	-1031.412	-1220.218	188.8055	1.312087	0.9991617	1.060209
21342	-1037.724	-1226.055	188.3311	1.255248	1.130504	1.403291
21348	-1043.004	-1231.837	188.8335	1.423273	0.8261475	1.103349
21354	-1038.461	-1227.242	188.7816	1.316032	0.6209834	1.450511
21360	-1036.199	-1224.61	188.4112	1.251764	0.9867029	1.450511
21366	-1038.154	-1226.264	188.1097	1.081664	0.9867029	1.792036
21372	-1049.624	-1237.963	188.3387	1.089278	0.7689169	1.794921
21378	-1046.707	-1234.367	187.6602	1.045487	1.347005	1.903975
21384	-1043.487	-1231.733	188.2461	0.8878729	0.930479	1.871444
21390	-1049.187	-1236.691	187.5039	0.9422088	0.7135996	2.482522
21396	-1064.109	-1251.212	187.1031	1.022024	0.5720901	2.801629
21402	-1055.679	-1244.417	188.7372	1.67881	0.9734008	0.7527778
21408	-1048.208	-1236.949	188.7414	1.67881	1.02815	0.6497365
21414	-1044.246	-1232.859	188.6132	1.770669	1.052168	0.6761395
21420	-1038.242	-1227.28	189.0389	1.854566	0.5928565	0.7286004
21426	-1037.446	-1225.872	188.4263	1.647964	1.354547	0.7526477
21432	-1032.461	-1220.885	188.4237	1.348502	1.461804	1.008722
21438	-1042.47	-1231.144	188.6744	1.232629	1.059001	1.196778
21444	-1033.886	-1222.253	188.3674	1.215491	1.100802	1.427159
21450	-1048.952	-1237.635	188.683	1.302172	0.9891973	1.188514
21456	-1045.25	-1234.07	188.8207	1.391606	0.9113018	1.056623
21462	-1057.886	-1245.548	187.6616	1.154444	0.5204138	2.423945
21468	-1050.025	-1237.509	187.4836	0.8466154	0.8907513	2.423945
21474	-1046.507	-1234.975	188.4681	1.252423	0.6159721	1.731025
21480	-1045.944	-1232.601	186.6562	0.9627513	1.057345	2.759286
21486	-1035.406	-1222.586	187.18	0.8651232	0.8150453	2.65459
21492	-1048.257	-1236.288	188.0314	0.9655591	0.6604143	2.176377
21498	-1049.311	-1236.943	187.6323	1.093475	0.8833252	2.176377
21504	-1041.942	-1229.931	187.9892	1.036653	0.8256852	2.021946
21510	-1042.941	-1230.093	187.1522	0.8435024	1.097333	2.503325
21516	-1047.398	-1235.424	188.0257	1.001749	1.020411	1.881565
21522	-1051.844	-1239.462	187.6183	0.8234593	1.020411	2.267712
21528	-1048.158	-1235.63	187.4722	1.120965	1.020411	2.170027
21534	-1055.952	-1243.492	187.5399	0.8606544	1.039044	2.28245
21540	-1050.396	-1238.235	187.8386	0.8929263	0.7509295	2.272
21546	-1049.34	-1236.783	187.443	1.082557	0.9316286	2.272
21552	-1033.153	-1220.589	187.4361	1.204965	1.166528	2.049003
21558	-1033.481	-1221.822	188.3412	1.070263	0.5569226	2.001905
21564	-1039.555	-1226.987	187.4317	1.00076	0.5569226	2.627387
21570	-1035.287	-1223.279	187.9916	1.005898	0.8416755	2.028601
21576	-1043.259	-1231.727	188.4677	1.173272	0.7208439	1.687448
21582	-1043.583	-1231.822	188.2387	1.507423	1.24349	1.192337
21588	-1037.393	-1226.021	188.6282	1.550214	0.8072199	1.192337
21594	-1042.101	-1230.632	188.5311	1.360193	0.8072199	1.424975
21600	-1056.287	-1244.58	188.293	1.387601	1.165213	1.303731
21606	-1040.843	-1229.164	188.3214	1.549228	1.346202	0.9997308
21612	-1041.302	-1229.88	188.5788	1.358321	1.141288	1.102352
21618	-1052.044	-1240.838	188.7935	1.323864	1.035364	1.026072
21624	-1044.309	-1233.138	188.8288	1.329347	0.5604085	1.472272
21630	-1030.982	-1219.699	188.717	1.119631	0.7543722	1.514571
21636	-1027.056	-1215.798	188.7418	1.270005	0.7543722	1.380684
21642	-1028.186	-1216.893	188.7063	1.491139	0.5918531	1.406129
21648	-1029.751	-1218.35	188.5992	1.45018	0.699013	1.406129
21654	-1031.925	-1221.192	189.2664	1.545309	0.5245029	0.9593647
21660	-1042.388	-1230.747	188.3584	1.321021	0.5939673	1.781982
21666	-1029.622	-1217.608	187.9857	1.116409	0.7280925	2.049444
21672	-1034.99	-1223.312	188.3218	1.385314	0.7868416	1.581107
21678	-1042.64	-1231.398	188.7583	1.430487	0.769197	1.222164
21684	-1036.341	-1225.25	188.9088	1.377958	0.691577	1.222164
21690	-1043.772	-1232.3	188.5274	1.377958	0.608257	1.606985
21696	-1045.749	-1234.139	188.3903	1.28083	0.9410979	1.47989
21702	-1043.168	-1231.489	188.3214	1.330256	0.7759432	1.630934
21708	-1040.96	-1229.978	189.0182	1.322506	0.6485208	1.225464
21714	-1032.58	-1221.625	189.0449	1.506646	0.4189735	1.352078
21720	-1037.19	-1225.648	188.4584	1.300621	0.7859712	1.543737
21726	-1039.085	-1227.709	188.6242	1.117242	0.8782085	1.477773
21732	-1023.867	-1211.536	187.6691	1.117962	0.9223298	2.108957
21738	-1035.864	-1224.323	188.4584	1.219984	0.9675234	1.45366
21744	-1049.411	-1238.245	188.8335	1.392555	0.5324739	1.45366
21750	-1054.712	-1242.522	187.8104	1.074885	0.8484372	2.097611
21756	-1049.175	-1237.009	187.8338	0.9488562	0.9428578	2.097611
21762	-1057.59	-1246.183	188.5932	0.8874323	0.8119111	1.722358
21768	-1043.12	-1231.152	188.0313	0.9913488	0.9047548	1.96527
21774	-1055.192	-1243.289	188.0965	0.8418027	0.6485325	2.224834
21780	-1049.169	-1237.606	188.438	1.042221	0.7313241	1.790957
21786	-1039.425	-1227.61	188.1854	1.064254	0.8027659	1.889482
21792	-1041.247	-1229.499	188.2522	1.085019	0.7140166	1.904089
21798	-1041.763	-1229.833	188.0694	1.096138	1.16906	1.689026
21804	-1045.888	-1234.21	188.3219	1.316456	0.6381757	1.766707
21810	-1027.382	-1216.06	188.6771	1.233403	0.6381757	1.572337
21816	-1040.5	-1227.7	187.1997	1.042661	1.164662	2.308885
21822	-1040.404	-1227.549	187.1451	0.9668745	1.318129	2.308885
21828	-1034.194	-1222.204	188.0105	1.013245	0.5042728	2.308885
21834	-1037.259	-1226.243	188.9834	1.476801	0.5042728	1.305624
21840	-1031.044	-1219.874	188.8305	1.441399	0.628302	1.305624
21846	-1041.402	-1229.429	188.0273	1.463847	1.390175	1.305624
21852	-1035.509	-1224.268	188.7594	1.463771	0.5392506	1.44771
21858	-1030.844	-1219.296	188.4521	1.241904	0.8693589	1.520709
21864	-1039.757	-1227.934	188.1773	1.139586	1.117739	1.61379
21870	-1049.094	-1237.565	188.4706	1.425585	1.121624	1.1552
21876	-1034.992	-1223.98	188.9878	1.443969	0.6336333	1.164964
21882	-1041.959	-1229.863	187.9045	1.115502	0.6735935	2.149875
21888	-1055.887	-1243.644	187.7576	1.016071	0.8768044	2.149875
21894	-1043.89	-1231.823	187.9333	0.8607188	0.8768044	2.13663
21900	-1047.475	-1234.836	187.3607	1.10142	1.531031	1.974026
21906	-1043.255	-1230.606	187.3508	1.111275	1.531031	1.974026
21912	-1038.033	-1226.572	188.5388	1.221868	0.9685585	1.389373
21918	-1021.58	-1210.174	188.5938	1.485391	0.6553447	1.42805
21924	-1024.492	-1213.446	188.9549	1.57136	0.6954546	0.9991626
21930	-1026.902	-1215.599	188.6971	1.57136	1.117562	0.7645588
21936	-1035.089	-1223.846	188.7564	1.397119	0.9272923	1.095631
21942	-1043.503	-1232.062	188.5593	1.434717	0.841051	1.313313
21948	-1045.606	-1233.731	188.1243	1.151403	0.9029718	1.794134
21954	-1049.811	-1237.832	188.0209	1.377898	0.9433502	1.677565
21960	-1045.321	-1234.008	188.6867	1.490052	0.3519028	1.728705
21966	-1050.819	-1239.354	188.535	1.210618	0.6684393	1.661715
21972	-1050.111	-1237.97	187.8589	1.205234	1.113232	1.795614
21978	-1049.645	-1238.014	188.3698	1.311572	0.9489512	1.465969
21984	-1036.625	-1223.57	186.945	0.7710106	1.075741	2.689103
21990	-1030.874	-1217.922	187.0484	0.8506306	0.8950308	2.689103
21996	-1057.437	-1244.51	187.0728	0.894913	1.40274	2.358008
22002	-1045.556	-1232.515	186.9592	1.113662	0.9608897	2.538566
22008	-1035.961	-1222.935	186.9742	0.8039685	0.7501247	2.865156
22014	-1043.522	-1229.869	186.3469	0.8183455	0.8711737	3.147879
22020	-1046.254	-1234.058	187.8038	0.7794981	1.070369	2.14496
22026	-1058.85	-1246.144	187.2933	0.7794981	1.320839	2.33242
22032	-1049.314	-1236.761	187.4466	0.9355886	0.9458486	2.353969
22038	-1041.137	-1228.208	187.0711	1.066686	0.8789185	2.552483
22044	-1044.687	-1232.519	187.832	0.9203763	1.002665	2.077404
22050	-1035.802	-1224.01	188.2085	1.15312	0.7988241	1.816041
22056	-1047.382	-1235.992	188.6104	1.135258	0.8203302	1.523626
22062	-1055.799	-1244.854	189.0556	1.391303	0.5783993	1.220556
22068	-1042.938	-1231.672	188.734	1.525947	0.713736	1.220556
22074	-1045.288	-1233.734	188.4467	1.284562	1.108882	1.304132
22080	-1039.757	-1227.891	188.1333	1.205369	1.052811	1.642073
22086	-1053.875	-1241.666	187.7913	1.297465	1.33802	1.642073
22092	-1045.023	-1233.678	188.6542	1.655994	1.028335	0.822525
22098	-1045.016	-1234.112	189.0967	1.445994	0.6166629	1.086677
22104	-1051.063	-1239.26	188.197	1.213616	0.943471	1.669055
22110	-1038.006	-1226.009	188.0032	1.057358	0.7792093	2.035208
22116	-1034.211	-1221.93	187.7188	1.016215	1.006531	2.086291
22122	-1027.077	-1215.274	188.1976	1.174278	0.9826488	1.667947
22128	-1022.467	-1209.753	187.286	1.001633	1.59755	2.058613
22134	-1048.004	-1235.42	187.4156	1.081808	1.278228	2.080408
22140	-1032.252	-1220.02	187.7679	1.078281	1.072338	1.970049
22146	-1039.113	-1226.783	187.6703	0.9665655	1.310783	1.970049
22152	-1035.975	-1223.969	187.9942	0.8965584	0.8221476	2.113697
22158	-1037.124	-1225.096	187.9727	0.9181325	0.8221476	2.113697
22164	-1024.609	-1212.643	188.0345	1.021564	0.8101405	2.013874
22170	-1028.819	-1217.163	188.3441	1.137192	0.9867606	1.585957
22176	-1049.88	-1238.448	188.5682	1.179556	0.645752	1.682249
22182	-1051.036	-1239.849	188.8134	1.410548	0.8224033	1.136871
22188	-1039.113	-1227.809	188.6951	1.146954	0.8224033	1.449209
22194	-1044.39	-1232.942	188.5524	1.1236	1.160367	1.311014
22200	-1057.94	-1244.648	186.7082	0.943876	1.709904	2.418714
22206	-1040.813	-1228.932	188.1194	1.102502	0.7158177	1.980195
22212	-1034.736	-1221.605	186.8688	0.8543209	1.25864	2.584158
22218	-1038.741	-1225.615	186.8742	0.8489235	1.25864	2.584158
22224	-1049.201	-1236.465	187.2641	0.8030437	0.8571442	2.611293
22230	-1068.545	-1256.867	188.3218	1.225369	0.8267248	1.66293
22236	-1048.703	-1237.731	189.0284	1.435022	0.581184	1.202956
22242	-1031.348	-1220.042	188.6938	1.551599	0.734191	1.210821
22248	-1036.04	-1225.135	189.0953	1.614928	0.7337657	0.7159384
22254	-1034.133	-1222.826	188.6931	1.214934	0.6732715	1.538882
22260	-1053.892	-1241.779	187.8866	1.09427	1.036617	1.902424
22266	-1054.497	-1242.286	187.7888	1.126271	1.055026	1.934882
22272	-1052.356	-1240.863	188.5073	1.167282	1.013086	1.421384
22278	-1053.393	-1241.742	188.3487	1.3748	1.279406	1.185842
22284	-1053.08	-1241.82	188.74	1.462496	0.7680467	1.211695
22290	-1044.953	-1233.3	188.347	1.335433	0.9171551	1.490452
22296	-1043.428	-1232.448	189.0192	1.455189	0.5143577	1.280624
22302	-1037.015	-1226.148	189.1332	1.776304	0.5715362	0.7526516
22308	-1046.609	-1235.022	188.4131	1.776304	1.316278	0.581018
22314	-1038.717	-1227.576	188.8588	1.776304	0.8536998	0.5540691
22320	-1040.254	-1229.231	188.9764	1.766405	0.7625134	0.5498683
22326	-1041.559	-1230.25	188.6909	1.783458	1.002144	0.570475
22332	-1042.594	-1231.454	188.8606	1.838304	0.7953209	0.570475
22338	-1036.123	-1224.978	188.8555	1.840988	0.7973387	0.570475
22344	-1041.181	-1229.928	188.7465	1.958025	0.7973387	0.5241105
22350	-1048.436	-1237.29	188.8537	1.922552	0.7383846	0.5241105
22356	-1046.341	-1235.19	188.8493	1.759143	0.8429949	0.663801
22362	-1051.264	-1240.328	189.0634	1.832654	0.6468057	0.5279807
22368	-1048.965	-1238.075	189.1095	1.800141	0.5563868	0.7854242
22374	-1054.497	-1243.591	189.0935	1.541665	0.6221261	0.9899167
22380	-1064.115	-1252.144	188.0292	1.090495	1.47222	1.543943
22386	-1043.229	-1231.178	187.9487	1.21415	1.372011	1.568659
22392	-1037.375	-1225.575	188.2002	1.069444	0.5839042	2.068969
22398	-1034.812	-1222.607	187.795	0.9132343	0.8393769	2.219538
22404	-1044.214	-1231.622	187.408	0.9970041	1.337801	2.109199
22410	-1046.768	-1234.431	187.6629	0.989064	0.8566374	2.243184
22416	-1044.862	-1232.479	187.6169	1.005248	1.053591	2.130096
22422	-1046.086	-1234.724	188.6384	1.082795	0.6253721	1.721214
22428	-1036.579	-1225.152	188.5729	1.026151	0.7587775	1.683523
22434	-1042.214	-1231.235	189.0202	1.726976	0.7416012	0.6232906
22440	-1047.99	-1236.574	188.5842	1.29318	1.161094	1.140177
22446	-1041.135	-1229.622	188.487	1.442489	0.7280846	1.469416
22452	-1028.874	-1218.149	189.2757	1.61952	0.5084679	0.89695
22458	-1040.839	-1230.016	189.1768	1.762285	0.5827147	0.6753851
22464	-1041.978	-1230.826	188.8485	1.79811	0.8257076	0.6224914
22470	-1044.837	-1233.748	188.911	1.655909	0.8969982	0.6224914
22476	-1042.296	-1231.035	188.7388	1.782961	0.8969982	0.7127419
22482	-1047.52	-1236.477	188.9574	1.482692	0.8781969	0.8546979
22488	-1063.954	-1252.311	188.3565	1.757139	1.314194	0.742078
22494	-1046.143	-1234.825	188.6815	1.442478	1.014779	1.039262
22500	-1037.454	-1226.091	188.6377	1.45812	0.5957981	1.479467
22506	-1024.377	-1212.708	188.3309	1.216064	0.6764851	1.793968
22512	-1034.901	-1222.24	187.339	1.219151	1.778203	1.793968
22518	-1031.015	-1219.135	188.1208	1.058209	0.8334965	1.913229
22524	-1053.637	-1241.693	188.0558	1.1537	0.917776	1.828875
22530	-1055.439	-1243.026	187.587	1.014774	1.350123	1.972366
22536	-1045.257	-1233.309	188.0519	1.182919	1.085863	1.693793
22542	-1052.344	-1241.446	189.102	1.478139	0.7676188	0.8399572
22548	-1036.419	-1225.312	188.8931	1.401855	0.8821922	1.007059
22554	-1023.188	-1210.18	186.9925	0.6996365	0.8495957	2.846065
22560	-1042.098	-1229.445	187.347	1.123141	1.480505	1.993386
22566	-1034.217	-1221.903	187.6851	1.100633	0.9151566	2.114802
22572	-1028.693	-1216.582	187.8892	1.159291	1.003611	1.878547
22578	-1029.106	-1217.409	188.3024	1.103179	0.8613868	1.735381
22584	-1037.238	-1224.975	187.7377	0.9933666	0.7933157	2.239329
22590	-1038.364	-1225.977	187.6132	1.018708	0.8747374	2.243122
22596	-1038.084	-1226.69	188.6064	1.190912	0.5210843	1.777748
22602	-1034.113	-1222.27	188.1577	1.155929	0.7832081	1.861708
22608	-1043.959	-1231.92	187.9614	1.088636	1.027035	1.861708
22614	-1045.713	-1233.787	188.0742	1.03807	0.9649788	1.861708
22620	-1039.037	-1227.404	188.3666	1.10098	0.9388316	1.631678
22626	-1042.711	-1231.299	188.5886	1.370516	1.050449	1.158683
22632	-1036.386	-1225.099	188.7124	1.6728	1.081054	0.6113184
22638	-1027.757	-1216.295	188.5375	1.6728	1.166865	0.7836591
22644	-1033.685	-1222.243	188.5578	1.717268	1.169098	0.6774979
22650	-1033.227	-1222.305	189.0779	1.764518	0.5880831	0.8116282
22656	-1043.856	-1233.127	189.2703	1.514821	0.5738883	0.9055507
22662	-1038.019	-1227.205	189.1864	1.469517	0.7246034	0.8116326
22668	-1042.346	-1231.324	188.9782	1.567707	0.5560466	1.164406
22674	-1048.663	-1237.863	189.1999	1.505597	0.5560466	1.016864
22680	-1054.101	-1242.997	188.8961	1.671177	0.1601435	1.807965
22686	-1044.084	-1233.16	189.0758	1.537463	0.3109121	1.476351
22692	-1050.326	-1239.276	188.9501	1.815764	0.7456014	0.5359094
22698	-1045.008	-1234.082	189.0739	1.841592	0.6264549	0.5754772
22704	-1042.013	-1231.085	189.072	2.057823	0.4927157	0.4793135
22710	-1049.843	-1238.582	188.739	2.065223	0.6906018	0.3799993
22716	-1058.197	-1246.122	187.9245	2.065223	1.57629	0.4186736
22722	-1060.707	-1249.381	188.6738	1.743433	1.061879	0.5650759
22728	-1065.317	-1254.335	189.0179	1.707858	0.7080388	0.743401
22734	-1040.262	-1229.118	188.8566	1.330592	0.7962676	1.195882
22740	-1029.563	-1217.995	188.4318	1.047982	0.67144	1.844917
22746	-1052.152	-1239.819	187.6674	1.085663	1.212665	1.947319
22752	-1052.638	-1241.444	188.806	1.354458	0.4795382	1.567604
22758	-1050.211	-1239.037	188.8262	1.58277	0.7377788	1.060473
22764	-1046.349	-1235.196	188.8467	1.475013	0.8176732	1.051907
22770	-1056.659	-1244.826	188.1668	1.173377	0.9878206	1.68677
22776	-1051.969	-1240.436	188.4671	0.9588054	0.9878206	1.625405
22782	-1032.126	-1220.173	188.0471	1.057244	0.9012749	1.912717
22788	-1033.636	-1222.376	188.74	1.30994	0.7123402	1.392283
22794	-1035.5	-1224.419	188.9188	1.264853	0.7032222	1.295114
22800	-1039.426	-1228.22	188.7941	1.361838	0.4237864	1.642753
22806	-1039.19	-1227.759	188.569	1.423608	0.7209843	1.428126
22812	-1042.314	-1230.879	188.5651	1.360804	0.7142633	1.485406
22818	-1038.63	-1227.527	188.8962	1.291673	0.7142633	1.280069
22824	-1051.24	-1239.914	188.6744	1.547111	0.9314601	1.027171
22830	-1045.811	-1234.699	188.8881	1.579441	0.8352326	0.8792599
22836	-1051.229	-1240.044	188.8149	1.692897	0.94841	0.633586
22842	-1056.442	-1245.411	188.9686	1.717026	0.7851374	0.6431378
22848	-1050.921	-1240.125	189.2046	1.952481	0.4339589	0.7213273
22854	-1061.913	-1250.902	188.9894	1.620971	0.7152301	0.8819048
22860	-1055.819	-1244.281	188.4617	1.247058	0.7347622	1.626258
22866	-1047.556	-1235.317	187.7612	1.058327	1.043651	2.006268
22872	-1046.557	-1233.515	186.9581	0.9977051	1.475107	2.330724
22878	-1044.112	-1232.411	188.2985	0.9678616	0.7723802	1.902795
22884	-1041.428	-1229.65	188.2214	0.9758911	1.213018	1.638778
22890	-1040.457	-1228.179	187.7219	0.9242294	1.033088	2.127406
22896	-1039.166	-1227.398	188.2319	1.048948	0.9972376	1.722053
22902	-1034.485	-1223.278	188.7931	1.095728	0.5136811	1.722053
22908	-1048.02	-1236.227	188.207	1.192247	0.5124582	2.056571
22914	-1056.409	-1244.812	188.4026	1.369133	0.7751841	1.543939
22920	-1051.191	-1239.05	187.8596	0.9901192	0.7751841	2.176674
22926	-1034.168	-1222.578	188.4096	1.054542	0.7432363	1.791706
22932	-1032.73	-1220.804	188.0738	1.103405	0.7413786	1.988459
22938	-1046.868	-1234.452	187.5847	1.006676	0.993027	2.188852
22944	-1049.342	-1237.364	188.0221	0.8818794	0.8545965	2.080743
22950	-1044.757	-1232.515	187.7586	1.023443	1.224706	1.920764
22956	-1038.621	-1226.372	187.7512	1.071359	0.8859734	2.111323
22962	-1041.303	-1229.76	188.4571	1.168306	0.5816536	1.831918
22968	-1037.286	-1225.931	188.645	1.285036	0.5743966	1.625131
22974	-1055.279	-1243.949	188.6695	1.399075	0.4871366	1.625131
22980	-1040.653	-1228.914	188.2611	1.320088	1.107286	1.423838
22986	-1037.337	-1225.924	188.5867	1.280839	0.9609227	1.310673
22992	-1040.082	-1228.955	188.873	1.524959	0.8602079	0.9256116
22998	-1047.099	-1235.467	188.3676	1.189343	0.8602079	1.628596
23004	-1059.227	-1248.153	188.9257	1.724266	0.7808384	0.7199244
23010	-1045.853	-1234.758	188.9049	1.487387	0.7808384	1.025814
23016	-1043.954	-1232.74	188.7856	1.48466	0.6847309	1.243656
23022	-1046.178	-1235.376	189.1975	1.794625	0.4798165	0.8389737
23028	-1045.071	-1233.762	188.6905	1.603279	1.044915	0.8229174
23034	-1047.657	-1234.943	187.2867	0.9232631	1.188086	2.316356
23040	-1051.699	-1239.529	187.83	0.9981385	1.053732	1.994019
23046	-1050.38	-1238.718	188.3381	0.9645614	0.8234125	1.83684
23052	-1040.355	-1228.144	187.7889	0.9292075	1.074925	2.053644
23058	-1034.924	-1222.303	187.3784	1.155935	1.480306	1.950466
23064	-1037.255	-1225.145	187.8897	0.9714924	1.028376	1.988385
23070	-1032.938	-1221.217	188.2789	0.9837056	1.028376	1.713206
23076	-1041.87	-1229.146	187.2756	1.070301	1.091202	2.285571
23082	-1030.643	-1219.087	188.4442	1.316869	0.9607042	1.395332
23088	-1034.952	-1223.428	188.4759	1.338329	1.055091	1.277815
23094	-1040.871	-1229.555	188.6838	1.559191	0.7953903	1.148054
23100	-1032.143	-1220.526	188.3834	1.447666	1.387488	1.006751
23106	-1044.725	-1232.903	188.1785	1.736469	1.3153	0.9800279
23112	-1029.47	-1218.614	189.1439	1.591538	0.6797745	0.7830555
23118	-1035.002	-1224.082	189.0797	1.964452	0.4687178	0.7964954
23124	-1039.778	-1228.921	189.1429	2.011954	0.4344452	0.7235524
23130	-1048.349	-1237.319	188.9701	1.875268	0.6848922	0.4801899
23136	-1051.414	-1239.963	188.5497	1.891198	1.045389	0.5044175
23142	-1029.534	-1218.513	188.9785	1.676967	0.7789966	0.7144805
23148	-1034.401	-1222.75	188.349	1.585104	1.501318	0.7926322
23154	-1042.588	-1231.439	188.8507	1.823849	0.8200272	0.5489638
23160	-1040.823	-1229.536	188.713	1.600559	0.9486612	0.913534
23166	-1038.33	-1227.121	188.7914	1.613416	0.9221699	0.8397249
23172	-1042.646	-1231.642	188.9954	1.659284	0.6685414	0.901212
23178	-1028.134	-1216.934	188.7999	1.486708	0.9640473	0.9255958
23184	-1021.518	-1210.221	188.7029	1.784862	0.9794365	0.6025411
23190	-1022.793	-1211.648	188.8555	1.796042	0.8277884	0.6025411
23196	-1030.808	-1220.137	189.3281	1.814889	0.4426366	0.7187381
23202	-1044.809	-1233.299	188.4904	1.64367	1.318549	0.7031878
23208	-1037.342	-1226.468	189.1256	1.613236	0.6976708	0.7439434
23214	-1044.828	-1233.762	188.9337	1.613236	0.7615552	0.8880726
23220	-1040.036	-1229.081	189.0451	1.797804	0.6770985	0.5871458
23226	-1047.431	-1236.409	188.9775	1.807796	0.7205252	0.5904124
23232	-1047.765	-1236.12	188.3549	2.07908	0.9779494	0.3316223
23238	-1043.837	-1232.565	188.7288	1.695805	1.010818	0.6754975
23244	-1034.944	-1223.514	188.5694	1.695805	1.198939	0.6436642
23250	-1042.093	-1230.607	188.5139	1.574311	1.271111	0.8263592
23256	-1032.315	-1221.127	188.8123	1.561556	0.9619226	0.8263592
23262	-1028.029	-1216.828	188.799	1.419573	0.7952286	1.16976
23268	-1034.524	-1223.192	188.6676	1.368232	0.7952286	1.322487
23274	-1052.062	-1240.723	188.6605	1.323044	0.9738128	1.203363
23280	-1032.693	-1221.792	189.0985	1.323615	0.5718729	1.249608
23286	-1027.073	-1215.977	188.9038	1.38333	0.6629032	1.253889
23292	-1031.93	-1220.573	188.6425	1.302818	0.952758	1.253889
23298	-1044.323	-1233.148	188.8251	1.21665	0.8012658	1.311916
23304	-1037.041	-1225.699	188.6588	1.165872	1.001722	1.311916
23310	-1045.898	-1234.297	188.3984	1.497114	1.096985	1.175679
23316	-1050.321	-1238.934	188.6125	1.451731	0.9270569	1.175679
23322	-1038.588	-1227.017	188.4292	1.378479	1.328824	1.073974
23328	-1044.696	-1232.592	187.8962	1.304023	1.806377	1.304715
23334	-1057.821	-1246.165	188.344	1.197194	1.10671	1.454893
23340	-1046.794	-1235.624	188.8298	1.425305	0.7053082	1.233759
23346	-1039.502	-1227.938	188.436	1.368499	1.169499	1.197298
23352	-1046.868	-1235.479	188.6109	1.154884	0.9961969	1.363346
23358	-1047.806	-1236.489	188.6824	1.19224	0.6605367	1.576099
23364	-1035.071	-1223.78	188.7084	1.367424	0.6558681	1.430059
23370	-1029.054	-1216.972	187.9178	1.047346	1.096693	1.874176
23376	-1041.45	-1230.102	188.6523	1.306706	0.7571566	1.419146
23382	-1043.029	-1231.57	188.5412	1.484168	0.7045157	1.419146
23388	-1042.684	-1231.086	188.4024	1.600664	1.274512	0.9225508
23394	-1051.469	-1239.816	188.347	1.297339	1.214206	1.298316
23400	-1036.14	-1224.407	188.2671	1.250498	1.412263	1.269983
23406	-1039.376	-1227.551	188.175	1.244533	1.05054	1.585072
23412	-1024.363	-1212.289	187.926	1.217072	0.9784975	1.831109
23418	-1033.602	-1221.629	188.0268	1.116274	0.9784975	1.831109
23424	-1030.994	-1218.182	187.1883	0.8124209	0.9784975	2.572191
23430	-1028.076	-1215.505	187.4297	1.149151	0.6602675	2.443419
23436	-1046.952	-1234.365	187.4135	0.7944521	0.9775458	2.443419
23442	-1042.412	-1229.507	187.0951	0.9526533	0.8078304	2.658131
23448	-1046.843	-1234.62	187.7777	0.8210619	1.066104	2.137538
23454	-1038.146	-1225.272	187.126	0.938098	0.9150078	2.57392
23460	-1039.258	-1226.588	187.3299	0.7562952	1.063363	2.466748
23466	-1042.792	-1231.169	188.3772	1.131515	1.063363	1.510149
23472	-1034.271	-1222.755	188.4834	1.133126	1.168793	1.352555
23478	-1043.89	-1232.944	189.054	1.248444	0.6358666	1.271989
23484	-1050.383	-1238.464	188.0807	1.134559	0.8251392	1.895195
23490	-1047.21	-1235.785	188.5757	1.690279	1.12264	0.7614119
23496	-1048.68	-1237.064	188.3841	1.407471	0.9232519	1.402031
23502	-1042.713	-1231.603	188.8902	1.45708	0.7073317	1.152183
23508	-1038.888	-1227.284	188.3966	1.409838	1.22676	1.152183
23514	-1043.265	-1231.832	188.5666	1.481639	1.011523	1.113056
23520	-1037.721	-1225.634	187.9126	1.100348	1.02524	1.888174
23526	-1054.168	-1242.171	188.0037	1.010335	1.250743	1.74601
23532	-1052.024	-1239.913	187.8891	1.258763	0.734572	2.013695
23538	-1051.458	-1240.053	188.5951	1.266366	0.8603783	1.400943
23544	-1057.851	-1246.953	189.102	1.390496	0.6554221	1.083136
23550	-1043.82	-1232.682	188.8619	1.446224	0.6554221	1.24491
23556	-1035.192	-1223.675	188.4829	1.425768	0.9680806	1.271134
23562	-1033.842	-1222.617	188.7749	1.494236	0.8799358	1.034786
23568	-1027.126	-1216.012	188.8858	1.572086	0.8799358	0.8304825
23574	-1043.437	-1231.979	188.5416	1.656934	1.127285	0.8451101
23580	-1035.448	-1224.088	188.6391	1.667598	0.9382772	0.9328161
23586	-1044.772	-1233.941	189.1692	1.648197	0.6412361	0.7398269
23592	-1035.475	-1224.099	188.6231	1.717348	0.9931726	0.8284612
23598	-1030.901	-1219.739	188.8381	1.542497	0.7877737	1.029073
23604	-1034.952	-1223.606	188.6532	1.368133	1.174957	0.9928183
23610	-1051.762	-1240.702	188.9398	1.358961	0.5578303	1.366774
23616	-1054.764	-1242.309	187.5452	1.165513	1.242159	1.958813
23622	-1041.399	-1230.117	188.7182	1.536481	0.807402	1.125014
23628	-1039.076	-1227.74	188.6645	1.290046	0.7129953	1.464967
23634	-1050.757	-1238.465	187.7082	1.2461	1.472759	1.663848
23640	-1048.834	-1237.172	188.3385	1.220673	1.088367	1.454223
23646	-1039.915	-1227.663	187.7483	1.240586	1.782442	1.481584
23652	-1053.794	-1241.918	188.1238	1.046521	1.024254	1.780663
23658	-1058.597	-1246.991	188.3938	1.389473	0.7157507	1.589675
23664	-1040.954	-1230.058	189.1038	1.397385	0.5347047	1.231303
23670	-1042.111	-1231.074	188.963	1.755257	0.5092207	1.075694
23676	-1058.788	-1247.751	188.9631	1.740807	0.4459399	1.185527
23682	-1034.917	-1223.341	188.4239	1.437425	1.022886	1.264767
23688	-1043.271	-1232.062	188.7915	1.340269	1.029141	1.017896
23694	-1038.658	-1227.017	188.3598	1.003799	0.9732981	1.680639
23700	-1036.406	-1223.372	186.9659	0.7541155	1.079329	2.684592
23706	-1046.612	-1234.149	187.5367	1.095652	1.206765	2.031318
23712	-1045.408	-1233.308	187.9002	1.199578	1.206765	1.712129
23718	-1042.319	-1230.672	188.3528	1.386146	0.9706202	1.404631
23724	-1038.177	-1226.821	188.6442	1.270426	0.7008424	1.506907
23730	-1043.112	-1231.472	188.3602	1.347866	1.355469	1.145261
23736	-1045.645	-1234.532	188.8869	1.310733	0.688557	1.299361
23742	-1053.133	-1242.206	189.0736	1.408018	0.8066045	0.9009442
23748	-1052.41	-1240.953	188.5433	1.380932	0.8650123	1.347561
23754	-1039.374	-1228.341	188.9668	1.354854	0.5339036	1.378019
23760	-1035.649	-1224.431	188.7816	1.370686	0.6258295	1.403225
23766	-1030.618	-1219.589	188.9708	1.496657	0.4256094	1.408302
23772	-1049.153	-1237.585	188.432	1.304993	0.7202848	1.619155
23778	-1061.326	-1250.084	188.7579	1.082854	0.8104	1.460811
23784	-1049.885	-1237.783	187.8971	1.300316	0.8797469	1.865404
23790	-1038.22	-1226.609	188.3884	1.289052	0.770318	1.617176
23796	-1031.868	-1220.479	188.6108	1.347647	0.71611	1.458964
23802	-1034.805	-1223.334	188.5293	1.164151	0.8508101	1.536566
23808	-1056.533	-1244.305	187.7719	0.9081223	0.9313689	2.172529
23814	-1049.257	-1237	187.7434	0.9637187	1.093832	2.04913
23820	-1057.04	-1245.005	187.9646	1.46665	1.847017	1.083484
23826	-1052.664	-1240.461	187.7973	1.447561	1.847017	1.246966
23832	-1050.373	-1238.92	188.5469	1.348006	1.121391	1.156468
23838	-1042.151	-1231.287	189.1361	1.530347	0.6311895	0.9442824
23844	-1043.657	-1232.861	189.2044	1.508229	0.4822207	1.122074
23850	-1035.057	-1224.199	189.1418	1.557613	0.6129472	0.9367452
23856	-1042.639	-1231.718	189.0788	1.685048	0.6129472	0.8642538
23862	-1050.812	-1239.556	188.7439	1.70382	1.007844	0.6326118
23868	-1055.991	-1244.525	188.5333	1.815169	1.139938	0.5459554
23874	-1062.447	-1250.773	188.3256	1.709522	1.442842	0.7060479
23880	-1058.872	-1248.145	189.273	1.426439	0.5638184	1.011138
23886	-1052.037	-1240.529	188.4918	1.428912	1.094404	1.155768
23892	-1053.262	-1241.181	187.9196	0.9754544	1.094404	1.923203
23898	-1035.879	-1224.124	188.2442	1.042701	0.770229	1.89061
23904	-1045.461	-1233.686	188.2247	1.179735	0.770229	1.810122
23910	-1046.983	-1235.001	188.018	1.101653	1.032638	1.810122
23916	-1052.58	-1239.235	186.655	0.8290531	1.508127	2.611277
23922	-1059.705	-1247.401	187.6957	1.009197	0.6051743	2.412597
23928	-1045.069	-1232.106	187.0373	0.9367614	1.282147	2.415077
23934	-1036.602	-1224.756	188.1537	1.19186	1.126932	1.58679
23940	-1038.001	-1225.747	187.7455	1.034048	0.7116623	2.27296
23946	-1030.203	-1217.504	187.3009	1.082337	1.329275	2.127932
23952	-1040.581	-1228.442	187.8607	0.9514685	0.8724231	2.127932
23958	-1043.387	-1229.525	186.1379	0.6209533	1.234291	3.180413
23964	-1032.85	-1221.234	188.3847	1.279428	0.9540923	1.474941
23970	-1040.301	-1229.149	188.8483	1.340509	0.7428499	1.249369
23976	-1030.651	-1219.132	188.481	1.395144	1.067109	1.216503
23982	-1032.675	-1221.434	188.7595	1.393207	0.8505924	1.171367
23988	-1033.876	-1222.38	188.5044	1.040535	0.9382713	1.575869
23994	-1028.89	-1217.209	188.3192	1.073611	1.073663	1.58849
24000	-1028.287	-1217.176	188.8889	1.272516	0.662589	1.356173
24006	-1030.978	-1220.119	189.1406	1.522665	0.4014685	1.288851
24012	-1045.607	-1234.626	189.0191	1.791234	0.4387627	1.10243
24018	-1046.669	-1235.973	189.3048	1.85535	0.3420074	0.9460947
24024	-1040.845	-1230.077	189.2317	1.721403	0.5592555	0.7134532
24030	-1039.137	-1228.243	189.106	1.759937	0.5968774	0.7615301
24036	-1046.924	-1235.923	188.9982	1.827793	0.5609409	0.8814153
24042	-1044.431	-1233.231	188.8005	1.586797	1.01839	0.7274767
24048	-1036.365	-1225.169	188.8032	1.55419	0.9822077	0.8209725
24054	-1033.878	-1222.439	188.5605	1.590569	1.138029	0.8896575
24060	-1036.504	-1225.022	188.5178	1.61995	1.348354	0.6501966
24066	-1049.883	-1237.99	188.1071	1.80957	1.704173	0.487938
24072	-1041.178	-1229.798	188.6195	1.749768	1.120147	0.5247715
24078	-1038.226	-1226.667	188.4409	2.013184	1.016645	0.4186252
24084	-1029.626	-1218.052	188.4261	2.050606	0.9310259	0.3259966
24090	-1036.888	-1225.426	188.5381	2.071394	0.8400348	0.3625236
24096	-1044.129	-1233.045	188.9162	2.017989	0.6006151	0.3896532
24102	-1042.063	-1229.277	187.2142	1.015085	1.086799	2.362517
24108	-1046.171	-1233.828	187.6567	0.9140975	1.086799	2.143016
24114	-1048.306	-1236.326	188.0206	1.035917	1.113942	1.80044
24120	-1036.639	-1224.728	188.0893	1.151969	1.345002	1.526536
24126	-1039.984	-1228.095	188.1113	1.151969	1.345002	1.510149
24132	-1057.158	-1245.393	188.2351	1.124433	1.340132	1.440246
24138	-1043.08	-1231.871	188.7913	1.224271	0.8566606	1.281439
24144	-1042.887	-1231.361	188.4735	1.057496	1.383647	1.277277
24150	-1029.832	-1218.002	188.1705	0.9575812	0.8946826	1.901475
24156	-1028.468	-1216.662	188.1938	1.115193	0.7393561	1.901475
24162	-1048.022	-1235.888	187.8661	1.183641	1.158302	1.777192
24168	-1045.531	-1232.875	187.3437	1.030335	1.151422	2.232025
24174	-1057.008	-1245.994	188.9868	1.360066	0.4428262	1.476643
24180	-1048.7	-1236.712	188.0125	0.9531242	0.9743531	1.954571
24186	-1044.094	-1231.509	187.415	0.9960345	1.325112	2.111956
24192	-1042.051	-1229.497	187.4461	1.14706	1.11381	2.111956
24198	-1041.067	-1229.061	187.994	0.9258164	0.9995852	1.968213
24204	-1040.429	-1227.379	186.9499	0.8557207	1.487009	2.420232
24210	-1047.158	-1234.519	187.3607	0.8644741	0.9968897	2.420232
24216	-1042.053	-1229.071	187.0187	0.7975607	1.052724	2.640953
24222	-1039.754	-1226.636	186.882	0.8041814	1.052724	2.720865
24228	-1048.118	-1236.022	187.9031	0.9464753	0.7143514	2.225708
24234	-1047.104	-1234.847	187.7431	1.145047	1.220392	1.851116
24240	-1048.47	-1236.742	188.2726	1.325398	0.8895868	1.575207
24246	-1036.952	-1225.667	188.7144	1.478142	1.024472	0.9611646
24252	-1040.641	-1229.845	189.2038	1.485518	0.6926723	0.8216453
24258	-1045.095	-1233.759	188.6636	1.33661	0.9637846	1.197914
24264	-1043.284	-1231.99	188.7052	1.361908	0.9637846	1.139424
24270	-1057.054	-1245.844	188.7902	1.8245	0.87367	0.4585062
24276	-1057.897	-1246.915	189.0178	1.968759	0.5819828	0.4585062
24282	-1040.64	-1228.542	187.9017	1.043666	0.9916119	1.956404
24288	-1048.159	-1235.473	187.3138	0.8752039	1.089364	2.386519
24294	-1055.1	-1242.459	187.3588	0.9918049	1.654619	1.990614
24300	-1053.001	-1240.731	187.7304	0.9783745	1.372126	1.888362
24306	-1055.135	-1243.696	188.5611	1.06409	0.9096952	1.53915
24312	-1049.884	-1238.635	188.7505	1.15776	0.6728548	1.53915
24318	-1051.305	-1239.209	187.9035	1.207841	1.428107	1.574531
24324	-1045.938	-1233.606	187.6673	1.015532	0.7650346	2.292119
24330	-1047.342	-1235.398	188.0556	1.12601	0.81016	1.929743
24336	-1029.888	-1218.451	188.5633	1.346477	0.692832	1.518367
24342	-1035.287	-1224.006	188.7186	1.346477	0.9107928	1.189918
24348	-1039.034	-1226.798	187.7634	1.094588	0.9107928	2.07039
24354	-1038.055	-1225.616	187.5604	0.9671723	0.9527864	2.256509
24360	-1041.107	-1228.688	187.5811	1.299948	1.555221	1.673184
24366	-1037.265	-1225.527	188.2625	1.157019	0.6596657	1.896888
24372	-1048.235	-1237.304	189.0691	1.330211	0.4818795	1.38381
24378	-1038.886	-1227.701	188.8147	1.300953	0.6452417	1.410617
24384	-1054.022	-1242.273	188.2514	1.369032	1.12938	1.377492
24390	-1047.39	-1234.762	187.3719	1.120359	1.230376	2.110285
24396	-1050.633	-1237.883	187.2502	1.178759	1.807679	1.869909
24402	-1056.91	-1245.265	188.3551	1.364061	1.262289	1.201803
24408	-1040.868	-1229.644	188.7769	1.35104	0.7186668	1.324137
24414	-1047.061	-1234.56	187.4991	1.063	1.022669	2.188703
24420	-1044.921	-1233.946	189.0247	1.518855	0.8224229	0.8036472
24426	-1050.238	-1238.957	188.7193	1.518855	0.8224229	1.124164
24432	-1043.469	-1232.263	188.7933	1.494271	0.7243755	1.185281
24438	-1046.461	-1235.01	188.5493	1.158014	0.8398612	1.535494
24444	-1046.466	-1235.272	188.8059	1.233144	0.6571914	1.456813
24450	-1043.549	-1231.977	188.4276	0.9813042	0.8540158	1.738845
24456	-1045.338	-1232.809	187.4709	0.9490947	0.7238393	2.490694
24462	-1041.077	-1228.548	187.4712	0.9117123	1.166459	2.217644
24468	-1047.67	-1236.363	188.6931	1.2746	0.7260016	1.442349
24474	-1037.468	-1226.037	188.5693	1.234114	0.6361366	1.652039
24480	-1044.341	-1233.287	188.9461	1.523121	0.7067532	1.040671
24486	-1061.816	-1250.581	188.7646	1.458187	0.7395312	1.224354
24492	-1060.759	-1249.367	188.6082	1.46956	1.005119	1.091834
24498	-1047.53	-1236.3	188.7695	1.424169	0.8955023	1.09003
24504	-1036.771	-1225.934	189.1625	1.625581	0.5984271	0.8603128
24510	-1043.429	-1231.864	188.4346	1.83705	1.213745	0.5932194
24516	-1042.356	-1231.347	188.9907	1.757624	0.7501247	0.589657
24522	-1042.672	-1231.521	188.8498	1.741309	0.8338923	0.7144357
24528	-1039.392	-1228.386	188.9931	1.426065	0.6569656	1.147619
24534	-1047.551	-1236.172	188.6208	1.440414	0.67542	1.42098
24540	-1034.899	-1223.939	189.0404	1.678845	0.7230586	0.7234191
24546	-1048.975	-1237.574	188.5991	1.572028	0.9878598	1.019556
24552	-1039.119	-1227.548	188.4286	1.537764	1.101288	1.109131
24558	-1036.23	-1224.845	188.6156	1.399765	0.5699423	1.567857
24564	-1042.246	-1231.434	189.1884	1.713983	0.5699423	0.7666527
24570	-1043.355	-1231.875	188.5199	1.952335	1.003881	0.5717288
24576	-1034.23	-1222.633	188.4031	2.183523	0.8347401	0.329984
24582	-1029.874	-1218.261	188.3869	2.034265	1.032212	0.3829756
24588	-1043.141	-1231.579	188.4378	2.034265	0.9841404	0.388318
24594	-1043.531	-1231.185	187.6548	2.157649	1.866782	0.5096784
24600	-1047.636	-1236.832	189.1958	1.770543	0.539228	0.741767
24606	-1052.085	-1240.626	188.5407	1.67478	1.021183	0.9403704
24612	-1050.324	-1238.988	188.6636	1.609365	1.021183	0.8764284
24618	-1049.61	-1237.952	188.3423	1.708334	1.292717	0.8507356
24624	-1062.007	-1251.067	189.0604	1.612052	0.7108333	0.8129436
24630	-1042.944	-1231.851	188.9066	1.835054	0.7633405	0.5508735
24636	-1038.369	-1226.849	188.4795	1.739464	1.260154	0.6293931
24642	-1035.701	-1224.658	188.9577	1.746849	0.7907218	0.5698754
24648	-1050.136	-1239.377	189.2415	1.931421	0.4677817	0.5103548
24654	-1036.987	-1226.251	189.264	2.011683	0.4043029	0.5847407
24660	-1044.357	-1233.465	189.1081	1.944666	0.5395957	0.5335742
24666	-1043.81	-1232.678	188.8682	1.944666	0.7093165	0.4737329
24672	-1045.442	-1233.889	188.4466	2.257187	0.6606531	0.2595249
24678	-1045.214	-1233.657	188.4426	2.33087	0.6759632	0.3215897
24684	-1047.119	-1235.469	188.3498	2.338285	0.6759632	0.262217
24690	-1052.233	-1239.873	187.6401	2.243811	1.449214	0.2402429
24696	-1041.852	-1230.09	188.2375	2.214152	0.9431587	0.3149996
24702	-1034.669	-1223.22	188.5506	2.088476	0.8390407	0.4108461
24708	-1033.42	-1222.248	188.8273	1.829835	0.8390407	0.5032889
24714	-1036.773	-1226.03	189.2565	1.971922	0.4268341	0.6006205
24720	-1047.925	-1236.949	189.0235	1.76232	0.7316606	0.4985173
24726	-1048.162	-1237.035	188.8729	1.76232	0.7316606	0.8266805
24732	-1031.799	-1220.43	188.631	1.582123	1.136921	0.8158573
24738	-1032.923	-1221.977	189.0541	1.603703	0.7511064	0.7635376
24744	-1027.295	-1216.382	189.0875	1.650277	0.624099	0.8762627
24750	-1040.037	-1229.208	189.1715	1.660809	0.5310875	0.9262881
24756	-1048.963	-1237.807	188.8434	2.066478	0.6229522	0.6095191
24762	-1052.061	-1240.066	188.0056	1.377108	1.37069	1.403679
24768	-1043.074	-1231.571	188.4979	1.199893	1.0127	1.403679
24774	-1045.572	-1234.032	188.4604	1.373088	0.9410596	1.354426
24780	-1054.582	-1243.111	188.5296	1.950166	1.005819	0.4987059
24786	-1054.681	-1243.467	188.786	1.776346	0.8991032	0.6280971
24792	-1050.798	-1239.349	188.5512	1.31683	0.856334	1.399406
24798	-1043.008	-1231.899	188.8914	1.482615	0.856334	0.9557463
24804	-1042.512	-1231.502	188.9901	1.178546	0.4594165	1.587052
24810	-1032.301	-1220.569	188.2675	1.347771	0.7766021	1.656479
24816	-1040.031	-1228.638	188.6068	1.328556	0.7961541	1.401008
24822	-1052.893	-1241.517	188.624	1.381926	1.004726	1.156862
24828	-1042.463	-1231.517	189.0536	1.489772	0.8356333	0.7832801
24834	-1040.159	-1229.093	188.9337	1.907622	0.6850608	0.5495787
24840	-1041.617	-1230.377	188.7595	1.931958	0.7996942	0.5790855
24846	-1046.706	-1235.664	188.9582	1.941003	0.6440365	0.4675912
24852	-1045.95	-1234.777	188.8267	2.031463	0.6457105	0.3703945
24858	-1047.248	-1236.364	189.1157	1.986931	0.5077484	0.4605847
24864	-1042.18	-1230.656	188.4766	1.986931	1.0003	0.6115262
24870	-1042.091	-1230.861	188.7699	1.715503	0.9758146	0.6192108
24876	-1062.709	-1251.786	189.0776	2.011267	0.5182263	0.5047814
24882	-1055.785	-1244.067	188.2813	1.133662	0.9875142	1.633537
24888	-1061.524	-1250.038	188.5146	1.173718	0.9590472	1.452721
24894	-1041.89	-1230.681	188.7901	2.049793	0.6724161	0.400598
24900	-1048.967	-1237.933	188.9659	1.502389	0.8525636	0.8550654
24906	-1046.425	-1235.483	189.0574	1.616044	0.6120636	0.9654172
24912	-1041.042	-1228.815	187.7729	1.178004	0.9529891	1.979136
24918	-1042.487	-1230.896	188.4087	1.312045	1.011968	1.386349
24924	-1041.174	-1229.98	188.8055	1.241046	0.9366407	1.182226
24930	-1045.089	-1233.38	188.291	1.319733	1.0521	1.44118
24936	-1043.51	-1232.157	188.6471	1.405537	0.8483279	1.258596
24942	-1049.841	-1238.789	188.948	1.69778	0.7686866	0.7494778
24948	-1042.833	-1231.795	188.9621	1.679849	0.7170349	0.8414553
24954	-1067.455	-1256.41	188.9557	1.727584	0.6852794	0.8414553
24960	-1052.168	-1240.961	188.7932	1.931973	0.7792964	0.5323837
24966	-1054.427	-1243.358	188.9313	1.901082	0.6467583	0.7029982
24972	-1054.365	-1241.875	187.5107	0.8611095	0.814857	2.451527
24978	-1033.498	-1220.701	187.2026	0.7516309	1.236708	2.451527
24984	-1035.411	-1223.636	188.2256	1.087242	0.7331957	1.904084
24990	-1036.292	-1224.072	187.7809	1.045029	0.5525861	2.385746
24996	-1038.271	-1226.811	188.5402	1.219521	1.068088	1.31208
25002	-1041.031	-1229.733	188.7013	1.261569	0.8747434	1.307933
25008	-1034.784	-1223.247	188.4627	1.325081	0.7770067	1.53037
25014	-1039.52	-1228.318	188.7976	1.248783	0.6432054	1.465853
25020	-1026.978	-1216.046	189.0682	1.347803	0.678682	1.124339
25026	-1037.265	-1225.886	188.6213	1.344491	0.9042893	1.27925
25032	-1050.437	-1238.621	188.1842	1.288616	0.8994372	1.658085
25038	-1048.767	-1237.281	188.5139	1.288616	0.8642735	1.443115
25044	-1049.079	-1237.733	188.6539	1.297975	0.7807486	1.402415
25050	-1051.478	-1240.419	188.941	1.25455	0.6124089	1.38433
25056	-1040.708	-1228.466	187.7579	1.043578	1.212888	1.914479
25062	-1043.377	-1231.417	188.0403	1.003899	0.6644976	2.142076
25068	-1042.712	-1230.925	188.2135	1.147363	0.8175449	1.801359
25074	-1034.449	-1221.576	187.1268	0.8649319	0.7890976	2.706159
25080	-1042.307	-1229.716	187.409	0.9254351	0.5660118	2.679217
25086	-1039.966	-1228.233	188.2671	1.108153	1.009326	1.646336
25092	-1032.204	-1220.174	187.97	1.08852	1.463417	1.593629
25098	-1024.691	-1213.288	188.597	1.291222	0.8627138	1.378023
25104	-1029.277	-1218.194	188.9174	1.244284	0.4175689	1.64698
25110	-1028.445	-1215.704	187.2586	0.870323	1.11158	2.411384
25116	-1033.666	-1220.945	187.2789	0.8293739	1.11158	2.424409
25122	-1039.974	-1226.612	186.6379	0.7436335	1.548411	2.656543
25128	-1034.172	-1221.194	187.0221	0.7978791	0.8822082	2.746133
25134	-1040.831	-1228.132	187.3008	0.8505707	1.033136	2.444155
25140	-1033.57	-1221.572	188.0019	0.9481447	0.8263965	2.071521
25146	-1037.528	-1225.043	187.5144	1.033374	0.8446841	2.318574
25152	-1035.871	-1223.503	187.6324	0.9271138	0.8343007	2.318574
25158	-1056.398	-1244.024	187.6265	1.001167	0.7826799	2.3137
25164	-1051.386	-1239.033	187.6468	1.034208	0.8743317	2.211745
25170	-1052.805	-1241.717	188.9118	1.331918	0.5044507	1.474516
25176	-1044.17	-1232.849	188.6785	1.168932	0.7894497	1.474516
25182	-1044.11	-1232.194	188.0845	1.254511	1.25669	1.507634
25188	-1045.23	-1232.936	187.706	1.162048	0.9606198	2.029094
25194	-1040.189	-1228.129	187.9394	0.9997706	0.9606198	1.981754
25200	-1053.474	-1242.152	188.6773	1.075459	0.6292792	1.695006
25206	-1051.619	-1240.029	188.4095	1.189972	0.6650208	1.768128
25212	-1052.434	-1240.917	188.4825	1.188196	0.6138021	1.768128
25218	-1060.168	-1246.993	186.825	1.018456	1.66007	2.318634
25224	-1055.213	-1243.733	188.5202	1.083929	0.7900409	1.652888
25230	-1050.657	-1238.378	187.7211	1.238062	1.486728	1.652888
25236	-1047.66	-1236.297	188.6368	1.189311	0.786095	1.493573
25242	-1045.64	-1233.528	187.8884	1.019096	0.5619553	2.324802
25248	-1039.03	-1227.25	188.2197	1.272038	1.056916	1.527368
25254	-1038.738	-1227.338	188.6002	1.295022	0.9883303	1.265216
25260	-1045.507	-1234.224	188.7172	1.597813	1.005984	0.8441058
25266	-1049.361	-1238.4	189.0395	1.651823	0.6775853	0.8441058
25272	-1039.938	-1228.498	188.5608	1.725924	1.152632	0.6832349
25278	-1036.221	-1225.103	188.8819	1.633793	0.8417264	0.8111696
25284	-1042.94	-1231.635	188.6946	1.527736	1.060532	0.8907144
25290	-1052.619	-1241.031	188.4124	1.616958	1.458017	0.6961957
25296	-1057.628	-1246.332	188.7032	1.659899	1.081153	0.6626327
25302	-1044.071	-1233.078	189.0071	1.54668	0.8355383	0.7689002
25308	-1051.754	-1240.048	188.2937	1.565309	1.500694	0.886141
25314	-1044.22	-1232.661	188.441	1.368037	1.226877	1.149741
25320	-1053.099	-1241.776	188.6766	1.44466	1.149759	0.9112989
25326	-1040.483	-1228.944	188.4601	1.291048	1.046287	1.335744
25332	-1032.7	-1220.911	188.2111	1.372522	0.6352235	1.807564
25338	-1049.714	-1237.287	187.5729	1.024633	0.8276421	2.299196
25344	-1061.482	-1249.831	188.3492	1.007236	0.596516	1.999141
25350	-1050.244	-1237.82	187.5767	0.9604363	1.027089	2.202071
25356	-1041.163	-1229.043	187.8791	1.187736	0.5729626	2.211919
25362	-1047.999	-1235.863	187.8643	0.9989703	1.10818	1.936014
25368	-1045.622	-1233.3	187.6779	1.183325	1.10818	1.937393
25374	-1046.514	-1235.477	188.9624	1.430429	0.792237	1.011874
25380	-1047.233	-1236.049	188.8153	1.627417	0.6855018	1.091777
25386	-1046.251	-1235.115	188.8639	1.538495	0.9243749	0.8397236
25392	-1036.624	-1225.508	188.8838	1.506886	0.8938708	0.8923739
25398	-1056.365	-1244.796	188.4318	1.506886	1.281739	0.9839953
25404	-1052.949	-1241.044	188.0956	1.142487	1.559231	1.406358
25410	-1053.359	-1241.361	188.0021	1.019191	0.8120443	2.035486
25416	-1037.63	-1225.324	187.6942	1.029283	0.9747801	2.114793
25422	-1053.126	-1240.746	187.6198	1.140633	1.451751	1.810969
25428	-1059.822	-1248.325	188.5026	1.250017	1.179979	1.233534
25434	-1063.795	-1250.874	187.0794	0.9576517	1.156566	2.44349
25440	-1052.97	-1240.217	187.247	0.7900143	1.156566	2.44349
25446	-1048.912	-1236.131	187.2187	1.041312	0.5239639	2.764905
25452	-1048.341	-1235.918	187.5769	0.9349262	0.8620385	2.329001
25458	-1051.476	-1239.06	187.5841	0.9587076	0.8346592	2.329001
25464	-1044.289	-1231.419	187.1302	1.02266	1.272088	2.306959
25470	-1047.833	-1236.22	188.3864	1.555067	1.129703	1.108021
25476	-1052.18	-1240.551	188.3713	1.503343	1.204767	1.108021
25482	-1056.825	-1245.55	188.7249	1.652496	1.060467	0.6732464
25488	-1045.248	-1234.354	189.1069	1.734895	0.6740252	0.6032573
25494	-1042.704	-1231.477	188.7726	1.762003	0.9351429	0.5991589
25500	-1036.343	-1225.174	188.8305	1.800191	0.7966876	0.7205339
25506	-1045.816	-1234.796	188.9798	1.657789	0.7871801	0.7277446
25512	-1042.361	-1231.042	188.6819	1.611671	0.982432	0.8971755
25518	-1032.933	-1221.847	188.9142	1.42435	0.8685747	0.9782945
25524	-1047.123	-1235.835	188.712	1.705477	0.7676241	1.016815
25530	-1042.068	-1230.793	188.7249	1.99715	0.7722217	0.4218968
25536	-1052.338	-1240.784	188.4462	1.982409	1.043888	0.5874735
25542	-1038.139	-1226.796	188.6572	1.884509	0.9318794	0.5874735
25548	-1037.754	-1226.532	188.7774	1.764342	0.9318794	0.5874735
25554	-1042.871	-1231.575	188.7039	1.855696	0.9256407	0.5361655
25560	-1030.25	-1219.286	189.0361	1.731201	0.6664912	0.7631243
25566	-1032.117	-1221.362	189.245	1.694585	0.4609099	0.9365935
25572	-1031.065	-1219.916	188.8507	1.451479	0.874589	1.00828
25578	-1038.897	-1227.824	188.9271	1.481707	0.7412896	1.056537
25584	-1038.031	-1227.038	189.0069	1.505475	0.5506728	1.200676
25590	-1043.47	-1232.715	189.2449	1.650874	0.3639977	1.154988
25596	-1041.112	-1230.23	189.1188	1.573523	0.5014233	1.111325
25602	-1047.364	-1235.743	188.3781	1.235267	0.7696803	1.66386
25608	-1039.39	-1226.768	187.3785	1.128459	0.8924423	2.310727
25614	-1045.992	-1233.334	187.342	0.878588	0.8924423	2.491596
25620	-1042.537	-1229.458	186.9211	0.7624325	0.9945702	2.757443
25626	-1042.162	-1229.813	187.6512	0.9450938	0.9968467	2.18316
25632	-1042.444	-1231.319	188.8752	1.261589	0.7623583	1.272511
25638	-1037.167	-1225.583	188.4159	1.296073	1.104653	1.322851
25644	-1051.526	-1240.306	188.7798	1.324593	0.7322429	1.329173
25650	-1040.348	-1228.694	188.346	1.227116	0.9372764	1.555971
25656	-1042.706	-1230.987	188.2809	1.293286	0.9372764	1.555213
25662	-1032.327	-1221.198	188.8715	1.299725	0.6341559	1.379303
25668	-1037.787	-1226.549	188.7619	1.358693	0.7337978	1.314574
25674	-1048.411	-1237.15	188.7387	1.242724	0.5106179	1.659798
25680	-1035.284	-1223.126	187.842	1.050284	0.9505171	2.019959
25686	-1021.785	-1210.321	188.5365	1.176187	0.675324	1.678651
25692	-1030.228	-1218.606	188.3789	1.131773	0.8271508	1.688607
25698	-1035.645	-1223.214	187.5696	1.135549	1.184326	1.995978
25704	-1093.101	-1281.201	188.1	1.322938	1.820336	1.106552
25710	-1033.697	-1220.724	187.0266	0.7403977	1.059271	2.667394
25716	-1031.597	-1219.016	187.4192	0.7610529	1.204219	2.32626
25722	-1033.707	-1221.396	187.6898	0.8478033	1.032542	2.198332
25728	-1040.357	-1228.213	187.8564	1.032598	1.032542	1.967013
25734	-1041.879	-1230.041	188.1624	1.185075	0.5422223	2.059434
25740	-1051.416	-1238.954	187.5386	1.071812	1.194406	2.052971
25746	-1042.126	-1229.834	187.708	0.9494604	1.179895	2.030286
25752	-1041.452	-1229.48	188.0276	1.100908	1.237227	1.673198
25758	-1037.815	-1225.669	187.8533	1.026154	1.237227	1.847179
25764	-1034.657	-1222.258	187.6019	1.026154	1.307657	1.977676
25770	-1033.571	-1220.875	187.3041	0.8631123	1.12901	2.377066
25776	-1033.1	-1220.42	187.3202	0.8052541	1.143606	2.395106
25782	-1039.786	-1227.324	187.5386	0.9354004	0.9192728	2.313309
25788	-1029.685	-1216.319	186.6336	0.9798531	1.148969	2.710575
25794	-1038.633	-1226.675	188.0424	0.9952031	1.108674	1.816876
25800	-1047.232	-1234.789	187.5566	1.109569	0.9714618	2.154436
25806	-1068.031	-1255.805	187.7734	1.176959	1.745264	1.528444
25812	-1044.039	-1232.591	188.5518	1.277187	0.8892694	1.401445
25818	-1037.5	-1226.187	188.687	1.530806	0.9524503	1.009277
25824	-1033	-1221.787	188.7874	1.468889	0.8739134	1.053543
25830	-1050.37	-1238.675	188.3051	1.619865	1.567879	0.736304
25836	-1044.675	-1234.023	189.3476	1.81995	0.3462418	0.9284245
25842	-1035.358	-1224.632	189.2743	1.852232	0.4629847	0.6846326
25848	-1038.448	-1227.351	188.9031	1.749791	0.3130142	1.442526
25854	-1032.733	-1222.012	189.2794	1.673052	0.4479916	0.9471534
25860	-1047.395	-1236.347	188.9523	1.661485	0.8682527	0.5762575
25866	-1044.928	-1233.932	189.0038	1.885266	0.6479309	0.5609038
25872	-1041.009	-1230.052	189.0427	1.95499	0.567098	0.5913456
25806	-1077.106	-1264.759	187.6526	1.019462	1.161622	2.031348
25812	-1049.149	-1235.344	186.1953	0.8432359	1.493833	2.889935
25818	-1042.803	-1229.312	186.5087	0.7366275	1.493833	2.764377
25824	-1047.639	-1235.388	187.7485	0.7711371	1.139071	2.144931
25830	-1050.292	-1238.3	188.0079	1.000139	0.73456	2.106043
25836	-1051.193	-1239.747	188.5542	1.204183	0.9488093	1.406949
25842	-1051.08	-1239.219	188.1387	1.270254	1.270698	1.445827
25848	-1048.243	-1236.455	188.2117	1.1237	0.8661337	1.780734
25854	-1047.854	-1235.977	188.1228	0.7721337	1.173136	1.874665
25860	-1048.141	-1234.72	186.5795	0.91181	1.22456	2.744679
25866	-1045.501	-1233.333	187.8316	0.9420679	1.148138	1.971726
25872	-1051.91	-1239.969	188.0586	1.000988	0.8622466	1.971726
25878	-1041.563	-1229.332	187.7686	0.9323081	1.295409	1.935453
25878	-1035.385	-1224.292	188.9065	1.853993	0.7457321	0.5646458
25884	-1040.994	-1228.535	187.5412	1.112694	1.353621	1.935453
25890	-1037.444	-1224.909	187.4653	0.7962398	1.175973	2.290203
25896	-1039.509	-1227.001	187.4916	1.009742	0.9276357	2.290203
25884	-1041.717	-1230.528	188.8114	1.851577	0.7457321	0.7656415
25890	-1045.348	-1234.216	188.8686	2.025913	0.6473243	0.4669608
25896	-1040.506	-1229.333	188.8275	1.872994	0.7989748	0.5412035
25902	-1037.061	-1226.06	188.9988	1.753918	0.747339	0.586638
25908	-1034.373	-1223.088	188.7157	1.782563	0.9730857	0.5901289
25914	-1038.664	-1227.3	188.6358	1.687489	1.144954	0.6193392
25920	-1038.258	-1227.359	189.101	1.740835	0.6627654	0.6417147
25926	-1037.129	-1226.026	188.8964	1.677265	0.9001296	0.594088
25932	-1039.743	-1228.984	189.2411	1.857572	0.5025767	0.594088
25938	-1044.161	-1233.019	188.8581	1.872938	0.7720919	0.5508522
25944	-1047.674	-1236.638	188.964	1.757827	0.7683095	0.6028052
